zone_key,neighborhood_name,district_name,num_listings,has_real_estate_data,price_m2_median,registered_price_m2_total_2025,registered_price_available,kaggle_asking_price_available,kaggle_features_available,kaggle_sample_reliability_score,kaggle_sample_reliability_level,registered_minus_kaggle_eur_m2,registered_vs_kaggle_gap_percentage,housing_data_availability_status,price_m2_for_recommender,price_m2_for_recommender_source
MAD-022,Acacias,Arganzuela,66,True,6020.38,5736.45,True,True,True,47.68,low,-283.9300000000003,-4.716147485706887,official_price_and_kaggle_features,5736.45,registered_transactions_2025
MAD-027,Atocha,Arganzuela,0,False,,6810.36,True,False,False,,no_data,,,official_price_only,6810.36,registered_transactions_2025
MAD-023,Chopera,Arganzuela,34,True,5165.79,5473.88,True,True,True,62.98,medium,308.09000000000015,5.964044221696975,official_price_and_kaggle_features,5473.88,registered_transactions_2025
MAD-025,Delicias,Arganzuela,60,True,5319.93,5426.01,True,True,True,73.93,medium,106.07999999999993,1.9940111993954794,official_price_and_kaggle_features,5426.01,registered_transactions_2025
MAD-021,Imperial,Arganzuela,71,True,5588.24,5855.12,True,True,True,68.35,medium,266.8800000000001,4.775743346742447,official_price_and_kaggle_features,5855.12,registered_transactions_2025
MAD-024,Legazpi,Arganzuela,39,True,5404.41,7113.37,True,True,True,49.05,low,1708.96,31.621583114530544,official_price_and_kaggle_features,7113.37,registered_transactions_2025
MAD-026,Palos de la Frontera,Arganzuela,93,True,5762.71,5784.65,True,True,True,57.38,medium,21.9399999999996,0.38072365258705715,official_price_and_kaggle_features,5784.65,registered_transactions_2025
MAD-212,Aeropuerto,Barajas,3,True,6560.98,,False,True,True,,insufficient_sample,,,kaggle_features_only,,
MAD-211,Alameda de Osuna,Barajas,25,True,4786.32,5052.01,True,True,True,33.37,low,265.6900000000005,5.5510287653144905,official_price_and_kaggle_features,5052.01,registered_transactions_2025
MAD-213,Casco Histórico de Barajas,Barajas,24,True,3670.06,3962.41,True,True,True,26.05,low,292.3499999999999,7.965809823272642,official_price_and_kaggle_features,3962.41,registered_transactions_2025
MAD-215,Corralejos,Barajas,17,True,4310.95,4890.3,True,True,True,17.02,low,579.3500000000004,13.439033159744382,official_price_and_kaggle_features,4890.3,registered_transactions_2025
MAD-214,Timón,Barajas,17,True,4241.25,4418.93,True,True,True,4.92,low,177.6800000000003,4.189330975537879,official_price_and_kaggle_features,4418.93,registered_transactions_2025
MAD-117,Abrantes,Carabanchel,40,True,2890.36,2912.9,True,True,True,50.34,medium,22.539999999999964,0.7798336539393004,official_price_and_kaggle_features,2912.9,registered_transactions_2025
MAD-116,Buenavista,Carabanchel,98,True,3401.74,3291.57,True,True,True,56.03,medium,-110.16999999999962,-3.238636697689995,official_price_and_kaggle_features,3291.57,registered_transactions_2025
MAD-111,Comillas,Carabanchel,46,True,3463.44,4105.51,True,True,True,38.69,low,642.0700000000002,18.538505070103717,official_price_and_kaggle_features,4105.51,registered_transactions_2025
MAD-112,Opañel,Carabanchel,63,True,3586.96,3500.89,True,True,True,66.55,medium,-86.07000000000016,-2.3995249459152084,official_price_and_kaggle_features,3500.89,registered_transactions_2025
MAD-115,Puerta Bonita,Carabanchel,75,True,3015.15,2905.06,True,True,True,51.59,medium,-110.09000000000015,-3.6512279654411937,official_price_and_kaggle_features,2905.06,registered_transactions_2025
MAD-113,San Isidro,Carabanchel,80,True,3441.72,3670.03,True,True,True,46.31,low,228.3100000000004,6.6336018037493005,official_price_and_kaggle_features,3670.03,registered_transactions_2025
MAD-114,Vista Alegre,Carabanchel,69,True,3125.0,3213.22,True,True,True,60.56,medium,88.2199999999998,2.8230399999999936,official_price_and_kaggle_features,3213.22,registered_transactions_2025
MAD-013,Cortes,Centro,173,True,7755.56,7246.75,True,True,True,60.56,medium,-508.8100000000004,-6.560583632903367,official_price_and_kaggle_features,7246.75,registered_transactions_2025
MAD-012,Embajadores,Centro,349,True,5566.67,6054.75,True,True,True,76.98,high,488.0799999999999,8.767898941377878,official_price_and_kaggle_features,6054.75,registered_transactions_2025
MAD-014,Justicia,Centro,273,True,9076.92,9541.9,True,True,True,73.81,medium,464.97999999999956,5.122662753444996,official_price_and_kaggle_features,9541.9,registered_transactions_2025
MAD-011,Palacio,Centro,297,True,6614.32,6895.15,True,True,True,88.12,high,280.8299999999999,4.245787926801242,official_price_and_kaggle_features,6895.15,registered_transactions_2025
MAD-016,Sol,Centro,310,True,8037.53,7696.61,True,True,True,85.83,high,-340.9200000000001,-4.241601586557065,official_price_and_kaggle_features,7696.61,registered_transactions_2025
MAD-015,Universidad,Centro,439,True,7571.43,7135.43,True,True,True,83.81,high,-436.0,-5.758489479530287,official_price_and_kaggle_features,7135.43,registered_transactions_2025
MAD-056,Castilla,Chamartín,65,True,6704.04,5913.07,True,True,True,47.18,low,-790.9700000000003,-11.798408124056543,official_price_and_kaggle_features,5913.07,registered_transactions_2025
MAD-053,Ciudad Jardín,Chamartín,77,True,7352.94,7558.9,True,True,True,61.59,medium,205.96000000000004,2.8010564481690325,official_price_and_kaggle_features,7558.9,registered_transactions_2025
MAD-051,El Viso,Chamartín,197,True,8600.0,9382.09,True,True,True,70.0,medium,782.0900000000001,9.094069767441862,official_price_and_kaggle_features,9382.09,registered_transactions_2025
MAD-054,Hispanoamérica,Chamartín,137,True,7344.86,7860.68,True,True,True,84.84,high,515.8200000000006,7.022870415501462,official_price_and_kaggle_features,7860.68,registered_transactions_2025
MAD-055,Nueva España,Chamartín,127,True,7660.0,8183.21,True,True,True,85.28,high,523.21,6.830417754569192,official_price_and_kaggle_features,8183.21,registered_transactions_2025
MAD-052,Prosperidad,Chamartín,91,True,6000.0,6448.55,True,True,True,67.22,medium,448.5500000000002,7.475833333333336,official_price_and_kaggle_features,6448.55,registered_transactions_2025
MAD-074,Almagro,Chamberí,226,True,10604.45,10795.41,True,True,True,83.17,high,190.95999999999913,1.8007534572750037,official_price_and_kaggle_features,10795.41,registered_transactions_2025
MAD-072,Arapiles,Chamberí,72,True,7179.38,7591.52,True,True,True,46.69,low,412.1400000000003,5.7406071276349815,official_price_and_kaggle_features,7591.52,registered_transactions_2025
MAD-071,Gaztambide,Chamberí,93,True,6956.52,7413.6,True,True,True,44.19,low,457.0799999999999,6.570526642631659,official_price_and_kaggle_features,7413.6,registered_transactions_2025
MAD-075,Ríos Rosas,Chamberí,123,True,8283.58,7915.16,True,True,True,65.44,medium,-368.4200000000001,-4.447593914708376,official_price_and_kaggle_features,7915.16,registered_transactions_2025
MAD-073,Trafalgar,Chamberí,166,True,9135.14,8568.41,True,True,True,79.48,high,-566.7299999999996,-6.20384580860282,official_price_and_kaggle_features,8568.41,registered_transactions_2025
MAD-076,Vallehermoso,Chamberí,91,True,7061.07,6752.36,True,True,True,76.43,high,-308.71000000000004,-4.372000277578328,official_price_and_kaggle_features,6752.36,registered_transactions_2025
MAD-158,Atalaya,Ciudad Lineal,8,True,7637.49,7800.28,True,True,True,1.35,low,162.78999999999996,2.1314594192594685,official_price_and_kaggle_features,7800.28,registered_transactions_2025
MAD-157,Colina,Ciudad Lineal,42,True,6425.91,6519.78,True,True,True,26.87,low,93.86999999999989,1.4608047731760931,official_price_and_kaggle_features,6519.78,registered_transactions_2025
MAD-159,Costillares,Ciudad Lineal,55,True,6200.0,5957.08,True,True,True,28.89,low,-242.92000000000007,-3.9180645161290335,official_price_and_kaggle_features,5957.08,registered_transactions_2025
MAD-154,La Concepción,Ciudad Lineal,75,True,4487.18,5658.13,True,True,True,26.23,low,1170.9499999999998,26.09545416051952,official_price_and_kaggle_features,5658.13,registered_transactions_2025
MAD-152,Pueblo Nuevo,Ciudad Lineal,112,True,3730.84,3794.82,True,True,True,67.54,medium,63.98000000000002,1.7148953050787494,official_price_and_kaggle_features,3794.82,registered_transactions_2025
MAD-153,Quintana,Ciudad Lineal,68,True,4289.01,4436.01,True,True,True,57.58,medium,147.0,3.4273643568096133,official_price_and_kaggle_features,4436.01,registered_transactions_2025
MAD-156,San Juan Bautista,Ciudad Lineal,33,True,6508.47,5764.6,True,True,True,12.22,low,-743.8699999999999,-11.429260640365552,official_price_and_kaggle_features,5764.6,registered_transactions_2025
MAD-155,San Pascual,Ciudad Lineal,37,True,5466.67,5566.9,True,True,True,18.49,low,100.22999999999956,1.8334744917838386,official_price_and_kaggle_features,5566.9,registered_transactions_2025
MAD-151,Ventas,Ciudad Lineal,70,True,4000.0,4133.07,True,True,True,39.94,low,133.0699999999997,3.326749999999993,official_price_and_kaggle_features,4133.07,registered_transactions_2025
MAD-088,El Goloso,Fuencarral - El Pardo,12,True,5527.15,7247.17,True,True,True,25.69,low,1720.0200000000004,31.11947386989679,official_price_and_kaggle_features,7247.17,registered_transactions_2025
MAD-081,El Pardo,Fuencarral - El Pardo,5,True,3711.34,3704.98,True,True,True,28.89,low,-6.360000000000127,-0.171366676187041,official_price_and_kaggle_features,3704.98,registered_transactions_2025
MAD-082,Fuentelarreina,Fuencarral - El Pardo,21,True,3929.54,5341.25,True,True,True,17.32,low,1411.71,35.92557907541341,official_price_and_kaggle_features,5341.25,registered_transactions_2025
MAD-085,La Paz,Fuencarral - El Pardo,36,True,5364.58,5106.44,True,True,True,49.33,low,-258.1400000000003,-4.81193308702639,official_price_and_kaggle_features,5106.44,registered_transactions_2025
MAD-087,Mirasierra,Fuencarral - El Pardo,50,True,5997.4,6402.83,True,True,True,60.85,medium,405.4300000000003,6.76009604161804,official_price_and_kaggle_features,6402.83,registered_transactions_2025
MAD-083,Peñagrande,Fuencarral - El Pardo,136,True,5459.21,5467.26,True,True,True,36.87,low,8.050000000000182,0.14745723282306747,official_price_and_kaggle_features,5467.26,registered_transactions_2025
MAD-084,Pilar,Fuencarral - El Pardo,34,True,4887.32,5064.58,True,True,True,54.44,medium,177.26000000000022,3.626936644214011,official_price_and_kaggle_features,5064.58,registered_transactions_2025
MAD-086,Valverde,Fuencarral - El Pardo,85,True,4821.43,4878.72,True,True,True,66.41,medium,57.289999999999964,1.1882366849669073,official_price_and_kaggle_features,4878.72,registered_transactions_2025
MAD-165,Apóstol Santiago,Hortaleza,12,True,4203.28,4162.46,True,True,True,2.56,low,-40.81999999999971,-0.9711463428560484,official_price_and_kaggle_features,4162.46,registered_transactions_2025
MAD-163,Canillas,Hortaleza,68,True,5000.0,4785.95,True,True,True,73.73,medium,-214.05000000000018,-4.281000000000003,official_price_and_kaggle_features,4785.95,registered_transactions_2025
MAD-161,Palomas,Hortaleza,50,True,4853.8,5435.02,True,True,True,37.96,low,581.2200000000003,11.974535415550708,official_price_and_kaggle_features,5435.02,registered_transactions_2025
MAD-164,Pinar del Rey,Hortaleza,53,True,4244.68,4266.54,True,True,True,33.13,low,21.859999999999673,0.5149975969919917,official_price_and_kaggle_features,4266.54,registered_transactions_2025
MAD-162,Piovera,Hortaleza,103,True,5500.0,6502.07,True,True,True,57.64,medium,1002.0699999999997,18.219454545454543,official_price_and_kaggle_features,6502.07,registered_transactions_2025
MAD-166,Valdefuentes,Hortaleza,143,True,5528.85,5977.26,True,True,True,78.81,high,448.40999999999985,8.110366531918931,official_price_and_kaggle_features,5977.26,registered_transactions_2025
MAD-104,Aluche,Latina,68,True,3368.8,3360.3,True,True,True,57.74,medium,-8.5,-0.25231536452149134,official_price_and_kaggle_features,3360.3,registered_transactions_2025
MAD-105,Campamento,Latina,17,True,3487.5,3295.84,True,True,True,41.87,low,-191.65999999999985,-5.4956272401433655,official_price_and_kaggle_features,3295.84,registered_transactions_2025
MAD-106,Cuatro Vientos,Latina,15,True,3479.34,4673.53,True,True,True,43.33,low,1194.1899999999996,34.32231400208084,official_price_and_kaggle_features,4673.53,registered_transactions_2025
MAD-101,Los Cármenes,Latina,24,True,3443.13,3502.59,True,True,True,10.46,low,59.460000000000036,1.7269170783560317,official_price_and_kaggle_features,3502.59,registered_transactions_2025
MAD-103,Lucero,Latina,45,True,3666.67,3310.43,True,True,True,31.11,low,-356.24000000000024,-9.715627531247705,official_price_and_kaggle_features,3310.43,registered_transactions_2025
MAD-102,Puerta del Ángel,Latina,79,True,3829.79,4033.3,True,True,True,50.63,medium,203.51000000000022,5.313868384428395,official_price_and_kaggle_features,4033.3,registered_transactions_2025
MAD-107,Águilas,Latina,31,True,3200.0,3231.64,True,True,True,51.87,medium,31.639999999999873,0.988749999999996,official_price_and_kaggle_features,3231.64,registered_transactions_2025
MAD-097,Aravaca,Moncloa - Aravaca,114,True,4889.17,5644.82,True,True,True,45.99,low,755.6499999999996,15.455588576384121,official_price_and_kaggle_features,5644.82,registered_transactions_2025
MAD-092,Argüelles,Moncloa - Aravaca,150,True,6955.88,7554.87,True,True,True,76.15,high,598.9899999999998,8.611275640177803,official_price_and_kaggle_features,7554.87,registered_transactions_2025
MAD-091,Casa de Campo,Moncloa - Aravaca,24,True,4844.96,5378.62,True,True,True,17.28,low,533.6599999999999,11.014745219774772,official_price_and_kaggle_features,5378.62,registered_transactions_2025
MAD-093,Ciudad Universitaria,Moncloa - Aravaca,85,True,5234.9,5822.75,True,True,True,39.78,low,587.8500000000004,11.229440868020408,official_price_and_kaggle_features,5822.75,registered_transactions_2025
MAD-096,El Plantío,Moncloa - Aravaca,74,True,3580.19,5946.59,True,True,True,26.73,low,2366.4,66.09705071518552,official_price_and_kaggle_features,5946.59,registered_transactions_2025
MAD-095,Valdemarín,Moncloa - Aravaca,89,True,5948.28,6710.42,True,True,True,38.93,low,762.1400000000003,12.812779492559201,official_price_and_kaggle_features,6710.42,registered_transactions_2025
MAD-094,Valdezarza,Moncloa - Aravaca,28,True,5128.05,4484.04,True,True,True,39.09,low,-644.0100000000002,-12.558574896890635,official_price_and_kaggle_features,4484.04,registered_transactions_2025
MAD-145,Fontarrón,Moratalaz,22,True,3209.2,3770.04,True,True,True,46.55,low,560.8400000000001,17.476006481366078,official_price_and_kaggle_features,3770.04,registered_transactions_2025
MAD-142,Horcajo,Moratalaz,2,True,3747.77,4736.6,True,True,True,,insufficient_sample,988.8300000000004,26.38448997670616,official_price_and_kaggle_features,4736.6,registered_transactions_2025
MAD-143,Marroquina,Moratalaz,18,True,4199.44,4301.17,True,True,True,36.92,low,101.73000000000047,2.422465852589881,official_price_and_kaggle_features,4301.17,registered_transactions_2025
MAD-144,Media Legua,Moratalaz,18,True,3886.39,3876.72,True,True,True,7.6,low,-9.670000000000073,-0.24881702556871732,official_price_and_kaggle_features,3876.72,registered_transactions_2025
MAD-141,Pavones,Moratalaz,4,True,3709.27,3721.75,True,True,True,,insufficient_sample,12.480000000000018,0.3364543427682541,official_price_and_kaggle_features,3721.75,registered_transactions_2025
MAD-146,Vinateros,Moratalaz,19,True,3691.78,3899.66,True,True,True,59.42,medium,207.87999999999965,5.630888081088246,official_price_and_kaggle_features,3899.66,registered_transactions_2025
MAD-131,Entrevías,Puente de Vallecas,67,True,2352.94,2430.16,True,True,True,32.46,low,77.2199999999998,3.281851640925812,official_price_and_kaggle_features,2430.16,registered_transactions_2025
MAD-136,Numancia,Puente de Vallecas,106,True,3240.78,3239.46,True,True,True,60.91,medium,-1.3200000000001637,-0.040730935145247865,official_price_and_kaggle_features,3239.46,registered_transactions_2025
MAD-133,Palomeras Bajas,Puente de Vallecas,48,True,2783.05,2985.52,True,True,True,60.42,medium,202.4699999999998,7.275111837731978,official_price_and_kaggle_features,2985.52,registered_transactions_2025
MAD-134,Palomeras Sureste,Puente de Vallecas,48,True,2884.39,2701.36,True,True,True,59.11,medium,-183.02999999999975,-6.345535797863665,official_price_and_kaggle_features,2701.36,registered_transactions_2025
MAD-135,Portazgo,Puente de Vallecas,23,True,2847.62,2703.76,True,True,True,34.09,low,-143.85999999999967,-5.051938109719685,official_price_and_kaggle_features,2703.76,registered_transactions_2025
MAD-132,San Diego,Puente de Vallecas,134,True,2880.61,3078.32,True,True,True,70.87,medium,197.71000000000004,6.863476833031894,official_price_and_kaggle_features,3078.32,registered_transactions_2025
MAD-032,Adelfas,Retiro,41,True,5566.67,5741.86,True,True,True,69.72,medium,175.1899999999996,3.1471238639976793,official_price_and_kaggle_features,5741.86,registered_transactions_2025
MAD-033,Estrella,Retiro,30,True,6134.37,6590.79,True,True,True,52.8,medium,456.4200000000001,7.44037285002372,official_price_and_kaggle_features,6590.79,registered_transactions_2025
MAD-034,Ibiza,Retiro,208,True,9401.79,9264.05,True,True,True,87.34,high,-137.7400000000016,-1.4650401678829412,official_price_and_kaggle_features,9264.05,registered_transactions_2025
MAD-035,Los Jerónimos,Retiro,95,True,11687.5,9950.49,True,True,True,68.25,medium,-1737.0100000000002,-14.862117647058826,official_price_and_kaggle_features,9950.49,registered_transactions_2025
MAD-036,Niño Jesús,Retiro,52,True,7299.95,7639.04,True,True,True,48.35,low,339.09000000000015,4.645100308906228,official_price_and_kaggle_features,7639.04,registered_transactions_2025
MAD-031,Pacífico,Retiro,72,True,5921.27,6286.22,True,True,True,62.32,medium,364.9499999999998,6.163373735701966,official_price_and_kaggle_features,6286.22,registered_transactions_2025
MAD-046,Castellana,Salamanca,412,True,10547.62,11685.39,True,True,True,78.41,high,1137.7699999999986,10.786983224651614,official_price_and_kaggle_features,11685.39,registered_transactions_2025
MAD-043,Fuente del Berro,Salamanca,101,True,6830.0,7598.53,True,True,True,65.63,medium,768.5299999999997,11.25226939970717,official_price_and_kaggle_features,7598.53,registered_transactions_2025
MAD-042,Goya,Salamanca,601,True,10420.73,9638.66,True,True,True,91.75,high,-782.0699999999997,-7.504944471260648,official_price_and_kaggle_features,9638.66,registered_transactions_2025
MAD-044,Guindalera,Salamanca,113,True,6587.3,6722.25,True,True,True,67.42,medium,134.94999999999982,2.048639047864828,official_price_and_kaggle_features,6722.25,registered_transactions_2025
MAD-045,Lista,Salamanca,303,True,10499.23,10066.56,True,True,True,89.48,high,-432.6700000000001,-4.120968871050545,official_price_and_kaggle_features,10066.56,registered_transactions_2025
MAD-041,Recoletos,Salamanca,465,True,13409.89,14108.83,True,True,True,82.26,high,698.9400000000005,5.212123291093369,official_price_and_kaggle_features,14108.83,registered_transactions_2025
MAD-203,Amposta,San Blas - Canillejas,16,True,2920.35,2544.1,True,True,True,35.67,low,-376.25,-12.883729689934425,official_price_and_kaggle_features,2544.1,registered_transactions_2025
MAD-204,Arcos,San Blas - Canillejas,21,True,3319.44,3145.08,True,True,True,28.47,low,-174.36000000000013,-5.252693225363318,official_price_and_kaggle_features,3145.08,registered_transactions_2025
MAD-207,Canillejas,San Blas - Canillejas,49,True,3565.46,3409.64,True,True,True,51.94,medium,-155.82000000000016,-4.370263584502425,official_price_and_kaggle_features,3409.64,registered_transactions_2025
MAD-208,El Salvador,San Blas - Canillejas,29,True,4951.92,4735.53,True,True,True,14.01,low,-216.39000000000033,-4.369820190956242,official_price_and_kaggle_features,4735.53,registered_transactions_2025
MAD-202,Hellín,San Blas - Canillejas,18,True,2659.74,2498.86,True,True,True,42.32,low,-160.87999999999965,-6.048711528194472,official_price_and_kaggle_features,2498.86,registered_transactions_2025
MAD-206,Rejas,San Blas - Canillejas,51,True,3891.3,3580.16,True,True,True,49.6,low,-311.1400000000003,-7.995785470151372,official_price_and_kaggle_features,3580.16,registered_transactions_2025
MAD-205,Rosas,San Blas - Canillejas,22,True,4734.55,4493.65,True,True,True,42.7,low,-240.90000000000055,-5.088128755636767,official_price_and_kaggle_features,4493.65,registered_transactions_2025
MAD-201,Simancas,San Blas - Canillejas,91,True,4193.55,3690.7,True,True,True,50.0,medium,-502.85000000000036,-11.991033849602374,official_price_and_kaggle_features,3690.7,registered_transactions_2025
MAD-064,Almenara,Tetuán,38,True,4896.6,4987.49,True,True,True,23.12,low,90.88999999999942,1.8561859249274886,official_price_and_kaggle_features,4987.49,registered_transactions_2025
MAD-061,Bellas Vistas,Tetuán,102,True,4994.73,5223.92,True,True,True,78.37,high,229.1900000000005,4.588636422789631,official_price_and_kaggle_features,5223.92,registered_transactions_2025
MAD-066,Berruguete,Tetuán,78,True,4679.14,4789.99,True,True,True,69.68,medium,110.84999999999945,2.369025077257775,official_price_and_kaggle_features,4789.99,registered_transactions_2025
MAD-063,Castillejos,Tetuán,87,True,6450.0,6438.0,True,True,True,51.07,medium,-12.0,-0.18604651162790697,official_price_and_kaggle_features,6438.0,registered_transactions_2025
MAD-062,Cuatro Caminos,Tetuán,154,True,6214.17,6496.82,True,True,True,89.01,high,282.64999999999964,4.548475500348392,official_price_and_kaggle_features,6496.82,registered_transactions_2025
MAD-065,Valdeacederas,Tetuán,98,True,4791.9,5274.19,True,True,True,64.29,medium,482.28999999999996,10.06469250193034,official_price_and_kaggle_features,5274.19,registered_transactions_2025
MAD-124,Almendrales,Usera,40,True,3362.07,4323.83,True,True,True,44.5,low,961.7599999999998,28.60618606989146,official_price_and_kaggle_features,4323.83,registered_transactions_2025
MAD-125,Moscardó,Usera,58,True,3935.97,3739.18,True,True,True,40.95,low,-196.78999999999996,-4.999784043069433,official_price_and_kaggle_features,3739.18,registered_transactions_2025
MAD-121,Orcasitas,Usera,19,True,2726.19,2357.51,True,True,True,10.58,low,-368.67999999999984,-13.523635549980003,official_price_and_kaggle_features,2357.51,registered_transactions_2025
MAD-122,Orcasur,Usera,38,True,3411.29,3403.28,True,True,True,15.81,low,-8.009999999999764,-0.23480853284240755,official_price_and_kaggle_features,3403.28,registered_transactions_2025
MAD-127,Pradolongo,Usera,34,True,3074.07,3390.16,True,True,True,21.63,low,316.0899999999997,10.282459410488364,official_price_and_kaggle_features,3390.16,registered_transactions_2025
MAD-123,San Fermín,Usera,40,True,2726.67,2755.18,True,True,True,29.46,low,28.509999999999764,1.0455977437680306,official_price_and_kaggle_features,2755.18,registered_transactions_2025
MAD-126,Zofío,Usera,27,True,3326.67,3089.05,True,True,True,38.37,low,-237.6199999999999,-7.142878614350083,official_price_and_kaggle_features,3089.05,registered_transactions_2025
MAD-191,Casco Histórico de Vicálvaro,Vicálvaro,103,True,3326.59,3355.2,True,True,True,72.48,medium,28.609999999999673,0.8600398606380609,official_price_and_kaggle_features,3355.2,registered_transactions_2025
MAD-194,El Cañaveral,Vicálvaro,75,True,3670.21,4587.55,True,True,True,24.84,low,917.3400000000001,24.994210140564167,official_price_and_kaggle_features,4587.55,registered_transactions_2025
MAD-192,Valdebernardo,Vicálvaro,0,False,,4117.97,True,False,False,,no_data,,,official_price_only,4117.97,registered_transactions_2025
MAD-193,Valderrivas,Vicálvaro,10,True,4013.68,3546.72,True,True,True,49.88,low,-466.96000000000004,-11.634210998385523,official_price_and_kaggle_features,3546.72,registered_transactions_2025
MAD-181,Casco Histórico de Vallecas,Villa de Vallecas,74,True,2699.84,2915.21,True,True,True,62.8,medium,215.3699999999999,7.9771393860376865,official_price_and_kaggle_features,2915.21,registered_transactions_2025
MAD-183,Ensanche de Vallecas,Villa de Vallecas,98,True,3942.71,3552.31,True,True,True,59.88,medium,-390.4000000000001,-9.901818799759559,official_price_and_kaggle_features,3552.31,registered_transactions_2025
MAD-182,Santa Eugenia,Villa de Vallecas,24,True,3550.48,2899.99,True,True,True,24.58,low,-650.4900000000002,-18.321184741218097,official_price_and_kaggle_features,2899.99,registered_transactions_2025
MAD-173,Butarque,Villaverde,18,True,2954.2,3143.01,True,True,True,38.27,low,188.8100000000004,6.391239591090664,official_price_and_kaggle_features,3143.01,registered_transactions_2025
MAD-174,Los Rosales,Villaverde,40,True,2643.31,2807.4,True,True,True,27.6,low,164.09000000000015,6.207747104955534,official_price_and_kaggle_features,2807.4,registered_transactions_2025
MAD-172,San Cristóbal,Villaverde,22,True,2237.9,1909.6,True,True,True,36.67,low,-328.3000000000002,-14.670003127932443,official_price_and_kaggle_features,1909.6,registered_transactions_2025
MAD-171,Villaverde Alto - Casco Histórico de Villaverde,Villaverde,126,True,2734.78,2928.26,True,True,True,79.29,high,193.48000000000002,7.07479212221824,official_price_and_kaggle_features,2928.26,registered_transactions_2025
MAD-175,Ángeles,Villaverde,30,True,2787.67,2956.03,True,True,True,19.94,low,168.36000000000013,6.039452302460482,official_price_and_kaggle_features,2956.03,registered_transactions_2025
