zone_key,neighborhood_name,district_name,num_listings,price_eur_mean,price_eur_median,price_m2_mean,price_m2_median,price_m2_std,area_m2_mean,area_m2_median,rooms_mean,rooms_median,rooms_known_count,bathrooms_mean,bathrooms_median,bathrooms_known_count,elevator_ratio,elevator_known_count,exterior_ratio,exterior_known_count,price_m2_q1,price_m2_q3,price_m2_iqr,rooms_coverage_percentage,bathrooms_coverage_percentage,elevator_coverage_percentage,exterior_coverage_percentage,total_listings,eligible_listings,eligible_percentage,reliability_level
MAD-022,Acacias,Arganzuela,66,400937.86363636365,399500.0,6121.141799724381,6020.380434782608,1362.9794027863784,71.56060606060606,63.0,2.25,2.0,52,1.75,2.0,12,0.734375,64,0.65625,64,5282.582882112662,7200.0,1917.4171178873376,78.79,18.18,96.97,96.97,67,66,98.50746268656717,high
MAD-027,Atocha,Arganzuela,0,,,,,,,,,,0,,,0,,0,,0,,,,,,,,0,0,,no_data
MAD-023,Chopera,Arganzuela,34,420111.4705882353,399950.0,5168.277818172631,5165.78947368421,652.1498805041101,80.97058823529412,79.0,2.4705882352941178,2.0,34,1.2857142857142858,1.0,7,1.0,34,0.8235294117647058,34,4795.049857549857,5528.196347031963,733.1464894821065,100.0,20.59,100.0,100.0,35,34,97.14285714285714,medium
MAD-025,Delicias,Arganzuela,60,399487.9666666667,313495.0,5458.609409241329,5319.933554817276,1024.6375158307667,72.71666666666667,57.5,2.1052631578947367,2.0,57,1.7777777777777777,2.0,9,0.6949152542372882,59,0.5614035087719298,57,4829.008064516129,5879.248903508772,1050.2408389926431,95.0,15.0,98.33,95.0,68,60,88.23529411764706,high
MAD-021,Imperial,Arganzuela,71,552415.4929577465,515000.0,5807.415935009852,5588.235294117647,1358.4337484593598,96.25352112676056,107.0,2.619718309859155,3.0,71,1.8181818181818181,2.0,11,0.8571428571428571,70,0.8,70,4756.756756756757,6536.433365292425,1779.6766085356685,100.0,15.49,98.59,98.59,73,71,97.26027397260275,high
MAD-024,Legazpi,Arganzuela,39,625641.0256410256,600000.0,5842.006414310452,5404.411764705882,2504.3336634010807,111.05128205128206,112.0,2.3947368421052633,2.0,38,1.6875,2.0,16,0.9473684210526315,38,0.9736842105263158,38,4927.521008403361,6219.57671957672,1292.0557111733597,97.44,41.03,97.44,97.44,41,39,95.1219512195122,medium
MAD-026,Palos de la Frontera,Arganzuela,93,563333.3333333334,469000.0,6030.553119175,5762.71186440678,1446.0646492562846,94.43010752688173,85.0,2.2637362637362637,2.0,91,1.3076923076923077,1.0,26,0.8387096774193549,93,0.6521739130434783,92,4851.470588235294,6870.056497175141,2018.5859089398473,97.85,27.96,100.0,98.92,102,93,91.17647058823529,high
MAD-212,Aeropuerto,Barajas,3,214333.33333333334,269000.0,4853.435794631919,6560.975609756098,2957.5457157418446,51.666666666666664,41.0,2.0,2.0,2,,,0,0.3333333333333333,3,1.0,2,3999.6658870698293,6560.975609756098,2561.3097226862683,66.67,0.0,100.0,66.67,4,3,75.0,low
MAD-211,Alameda de Osuna,Barajas,24,655958.2916666666,585000.0,4541.47989181134,4787.899235267656,997.0715159610102,160.0,118.0,3.4583333333333335,3.0,24,2.3333333333333335,2.0,6,1.0,19,1.0,19,4068.181818181818,5251.059322033898,1182.8775038520798,100.0,25.0,79.17,79.17,28,24,85.71428571428571,low
MAD-213,Casco Histórico de Barajas,Barajas,24,326904.1666666667,327500.0,3937.189325732294,3670.060331825038,701.3348929167323,84.375,80.0,2.2916666666666665,2.0,24,1.4285714285714286,1.0,7,0.6363636363636364,22,0.8636363636363636,22,3359.8125296630283,4456.071428571428,1096.2588989084002,100.0,29.17,91.67,91.67,29,24,82.75862068965517,low
MAD-215,Corralejos,Barajas,17,908941.1764705882,999000.0,4491.0324638763095,4310.95406360424,1305.6293968633788,228.47058823529412,247.0,3.5294117647058822,4.0,17,2.2,2.0,5,0.8571428571428571,7,0.8888888888888888,9,3746.594005449592,5102.040816326531,1355.4468108769393,100.0,29.41,41.18,52.94,17,17,100.0,low
MAD-214,Timón,Barajas,17,592352.3529411765,520000.0,4501.692770026814,4241.245136186771,1317.077944193862,146.52941176470588,103.0,3.0588235294117645,3.0,17,2.25,2.0,4,0.8461538461538461,13,1.0,12,3639.130434782609,5591.397849462365,1952.2674146797563,100.0,23.53,76.47,70.59,19,17,89.47368421052632,low
MAD-117,Abrantes,Carabanchel,39,236728.76923076922,223000.0,2969.9535397992336,2896.103896103896,514.8543328769263,81.2051282051282,77.0,3.026315789473684,3.0,38,1.5714285714285714,1.0,7,0.5384615384615384,39,1.0,37,2627.705627705628,3344.1301272984447,716.4244995928166,97.44,17.95,100.0,94.87,55,39,70.9090909090909,medium
MAD-116,Buenavista,Carabanchel,98,332312.14285714284,280000.0,3537.7527578456675,3401.735549911491,1018.8163770848893,97.70408163265306,77.5,2.422680412371134,2.0,97,1.3,1.0,20,0.7083333333333334,96,0.9574468085106383,94,2813.0787037037035,4163.851351351352,1350.7726476476482,98.98,20.41,97.96,95.92,110,98,89.0909090909091,high
MAD-111,Comillas,Carabanchel,45,321310.8888888889,320000.0,3545.1356488949355,3465.3465346534654,1000.2747282054432,92.95555555555555,90.0,2.5555555555555554,3.0,45,1.5,1.0,16,0.4772727272727273,44,0.8809523809523809,42,3000.0,4269.2307692307695,1269.2307692307695,100.0,35.56,97.78,93.33,55,45,81.81818181818183,medium
MAD-112,Opañel,Carabanchel,62,287720.8064516129,291000.0,3488.5552833530023,3539.5100069013115,758.2342604297812,86.14516129032258,78.5,2.6666666666666665,3.0,60,1.7272727272727273,1.0,11,0.5,62,0.95,60,2956.9444444444443,3874.5598591549297,917.6154147104853,96.77,17.74,100.0,96.77,73,62,84.93150684931507,high
MAD-115,Puerta Bonita,Carabanchel,75,271263.64,215000.0,3234.8437410801325,3015.151515151515,973.2642155534149,81.52,72.0,2.6027397260273974,3.0,73,1.391304347826087,1.0,23,0.4,70,0.9411764705882353,68,2668.679549114332,3577.7777777777783,909.0982286634462,97.33,30.67,93.33,90.67,101,75,74.25742574257426,high
MAD-113,San Isidro,Carabanchel,80,301223.725,265000.0,3530.136955210961,3441.722972972973,1011.8974620516605,88.2625,78.5,2.358974358974359,2.0,78,1.9375,1.5,16,0.5897435897435898,78,0.9864864864864865,74,2843.0683667932717,4137.082728592162,1294.0143617988906,97.5,20.0,97.5,92.5,94,80,85.1063829787234,high
MAD-114,Vista Alegre,Carabanchel,69,265033.1884057971,245000.0,3179.1029410545257,3125.0,727.2176501674325,86.47826086956522,75.0,2.608695652173913,3.0,69,1.25,1.0,12,0.5076923076923077,65,0.8615384615384616,65,2665.0,3571.428571428572,906.428571428572,100.0,17.39,94.2,94.2,79,69,87.34177215189874,high
MAD-013,Cortes,Centro,174,1133384.4252873564,800000.0,8122.87998440793,7755.555555555556,2551.2141738955993,136.4712643678161,114.5,2.622093023255814,2.0,172,2.15625,2.0,32,0.7471264367816092,174,0.8245614035087719,171,6254.810419465592,9888.235294117647,3633.424874652055,98.85,18.39,100.0,98.28,177,174,98.30508474576271,high
MAD-012,Embajadores,Centro,349,415116.2263610315,310000.0,5748.80174437394,5566.666666666667,1553.5580365005824,75.70773638968481,59.0,2.2140468227424748,2.0,299,1.4328358208955223,1.0,67,0.5317919075144508,346,0.5777126099706745,341,4729.064039408867,6666.666666666667,1937.6026272578001,85.67,19.2,99.14,97.71,366,349,95.3551912568306,high
MAD-014,Justicia,Centro,272,1363808.0882352942,1079000.0,9311.434900439348,9092.032967032967,2488.3828010783777,143.12867647058823,128.0,2.753731343283582,3.0,268,2.044776119402985,2.0,67,0.8492647058823529,272,0.8523985239852399,271,7620.622205663189,10714.285714285714,3093.663508622525,98.53,24.63,100.0,99.63,277,272,98.19494584837545,high
MAD-011,Palacio,Centro,298,781282.2181208053,544500.0,7007.389305072794,6622.94947368421,2139.357965144519,105.71140939597315,90.5,2.3665480427046264,2.0,281,1.9,2.0,60,0.7171717171717171,297,0.7315436241610739,298,5789.473684210527,7487.346938775509,1697.8732545649827,94.3,20.13,99.66,100.0,308,298,96.75324675324676,high
MAD-016,Sol,Centro,310,1019518.2258064516,892000.0,8139.550112849752,8037.525535127454,2381.5368171557016,126.99677419354839,112.0,2.7019867549668874,2.0,302,2.053763440860215,2.0,93,0.6731391585760518,309,0.8705501618122977,309,6580.043859649122,9025.568181818182,2445.52432216906,97.42,30.0,99.68,99.68,311,310,99.67845659163987,high
MAD-015,Universidad,Centro,439,797022.9886104784,690000.0,7782.567751485637,7571.428571428572,2291.895021104228,102.33485193621868,94.0,2.560493827160494,2.0,405,1.7604166666666667,2.0,96,0.6819221967963387,437,0.7609195402298851,435,6435.643564356436,8923.240938166313,2487.5973738098764,92.26,21.87,99.54,99.09,451,439,97.33924611973393,high
MAD-056,Castilla,Chamartín,65,738969.2307692308,649000.0,6796.28255945381,6704.035874439462,1549.9526575735085,111.64615384615385,111.0,2.7142857142857144,3.0,63,1.48,1.0,25,0.9206349206349206,63,0.873015873015873,63,5402.173913043478,7800.0,2397.826086956522,96.92,38.46,96.92,96.92,67,65,97.01492537313433,high
MAD-053,Ciudad Jardín,Chamartín,77,1163037.3766233767,825000.0,7510.7807078338965,7352.941176470588,2164.197038985067,153.01298701298703,121.0,3.1940298507462686,3.0,67,2.4,2.0,15,0.8771929824561403,57,0.864406779661017,59,6076.388888888889,8250.0,2173.6111111111113,87.01,19.48,74.03,76.62,80,77,96.25,high
MAD-051,El Viso,Chamartín,198,2636484.696969697,1890000.0,9165.351009498147,8574.193548387097,3272.8241410867026,277.65656565656565,259.0,4.1020408163265305,4.0,196,2.7,2.0,40,0.9479768786127167,173,0.9371428571428572,175,7172.576621525303,10079.787234042553,2907.2106125172495,98.99,20.2,87.37,88.38,199,198,99.49748743718592,high
MAD-054,Hispanoamérica,Chamartín,137,1705314.7591240876,1350000.0,7496.923591267843,7344.859813084112,1776.9754542723244,228.35036496350364,186.0,3.5955882352941178,4.0,136,1.975609756097561,1.0,41,0.972972972972973,111,0.9292035398230089,113,6602.941176470588,8240.0,1637.0588235294117,99.27,29.93,81.02,82.48,139,137,98.56115107913669,high
MAD-055,Nueva España,Chamartín,127,2246310.2362204725,2290000.0,7908.116649824106,7660.0,1605.694568895726,294.748031496063,282.0,3.9365079365079363,4.0,126,2.230769230769231,2.0,26,0.989010989010989,91,0.9333333333333333,90,6956.528823280216,8841.830649970185,1885.301826689969,99.21,20.47,71.65,70.87,129,127,98.44961240310077,high
MAD-052,Prosperidad,Chamartín,91,698096.6483516484,585000.0,6146.619665898931,6000.0,1391.7024924858217,112.2967032967033,96.0,2.6333333333333333,3.0,90,1.4210526315789473,1.0,19,0.8461538461538461,91,0.8351648351648352,91,5193.055555555555,7151.665395372489,1958.6098398169343,98.9,20.88,100.0,100.0,92,91,98.91304347826086,high
MAD-074,Almagro,Chamberí,227,2619037.3656387664,2300000.0,11014.627564422755,10602.836879432623,2640.7766688365186,233.69603524229075,206.0,3.3452914798206277,3.0,223,2.5348837209302326,2.0,43,0.9823788546255506,227,0.8628318584070797,226,9274.43837279903,12329.457364341086,3055.018991542056,98.24,18.94,100.0,99.56,229,227,99.12663755458514,high
MAD-072,Arapiles,Chamberí,72,833352.7638888889,698500.0,7640.477363985098,7179.383116883117,2102.5265532237654,112.86111111111111,93.0,3.208955223880597,3.0,67,1.6818181818181819,1.5,22,0.9027777777777778,72,0.7,70,6258.623120300752,8643.939393939394,2385.316273638642,93.06,30.56,100.0,97.22,75,72,96.0,high
MAD-071,Gaztambide,Chamberí,93,961644.0860215054,870000.0,6998.40090422645,6956.521739130435,1973.2912101238044,145.67741935483872,135.0,3.359550561797753,3.0,89,2.4,2.0,25,0.946236559139785,93,0.8043478260869565,92,5378.151260504202,7935.483870967741,2557.332610463539,95.7,26.88,100.0,98.92,100,93,93.0,high
MAD-075,Ríos Rosas,Chamberí,124,1104320.4032258065,850000.0,8441.451135547624,8262.16141514649,2317.3560728340217,131.00806451612902,121.0,2.7542372881355934,3.0,118,1.84,2.0,25,0.9596774193548387,124,0.6747967479674797,123,6779.48717948718,9547.314578005116,2767.8273985179367,95.16,20.16,100.0,99.19,125,124,99.2,high
MAD-073,Trafalgar,Chamberí,166,1134079.5180722892,1075000.0,9139.349931001023,9135.135135135137,2263.436732326019,124.13253012048193,104.5,2.664516129032258,3.0,155,2.0,2.0,29,0.9096385542168675,166,0.7865853658536586,164,7628.558394160584,10734.126984126984,3105.5685899664004,93.37,17.47,100.0,98.8,172,166,96.51162790697676,high
MAD-076,Vallehermoso,Chamberí,91,1168750.879120879,1070000.0,6972.679981379953,7061.0687022900765,1256.4069468904604,172.9120879120879,158.0,3.348314606741573,3.0,89,2.3793103448275863,2.0,29,0.989010989010989,91,0.8452380952380952,84,6030.150753768844,7578.394335511983,1548.2435817431387,97.8,31.87,100.0,92.31,95,91,95.78947368421052,high
MAD-158,Atalaya,Ciudad Lineal,8,1305250.0,1390500.0,7036.924468124113,7637.4865735768,2378.872417660288,228.625,164.0,3.375,3.5,8,2.8,3.0,5,1.0,8,1.0,8,4656.95787170983,8902.777777777777,4245.819906067947,100.0,62.5,100.0,100.0,8,8,100.0,low
MAD-157,Colina,Ciudad Lineal,42,1099369.8095238095,1122828.0,6462.603105962411,6425.914870093975,1775.1865562710695,180.16666666666666,165.5,3.024390243902439,3.0,41,2.1,2.0,10,0.9487179487179487,39,1.0,40,5242.084357136491,7497.963636363636,2255.879279227145,97.62,23.81,92.86,95.24,42,42,100.0,medium
MAD-159,Costillares,Ciudad Lineal,55,739347.2727272727,725000.0,6367.656302445536,6200.0,1601.0908390931745,123.36363636363636,123.0,2.618181818181818,3.0,55,1.9411764705882353,2.0,17,0.9444444444444444,54,1.0,53,5027.932960893855,7633.879023307436,2605.946062413581,100.0,30.91,98.18,96.36,58,55,94.82758620689656,medium
MAD-154,La Concepción,Ciudad Lineal,76,611498.9210526316,392500.0,4789.361478072538,4538.110291534949,1376.075496910383,122.42105263157895,81.5,2.7466666666666666,3.0,75,1.3333333333333333,1.0,15,0.6716417910447762,67,0.9242424242424242,66,3469.0852625635234,6077.961672473868,2608.8764099103446,98.68,19.74,88.16,86.84,78,76,97.43589743589743,high
MAD-152,Pueblo Nuevo,Ciudad Lineal,111,318250.4504504505,280000.0,3921.027310708028,3745.4545454545455,913.3246857791031,82.63963963963964,74.0,2.292452830188679,2.0,106,1.34375,1.0,32,0.5412844036697247,109,0.9811320754716981,106,3324.2094017094023,4607.633926371298,1283.4245246618957,95.5,28.83,98.2,95.5,124,111,89.51612903225806,high
MAD-153,Quintana,Ciudad Lineal,68,316660.29411764705,285000.0,4446.00800901808,4289.007092198582,1314.0096758985082,74.25,64.0,2.1343283582089554,2.0,67,1.4166666666666667,1.0,12,0.4393939393939394,66,0.9230769230769231,65,3497.540171692714,4742.794817556848,1245.254645864134,98.53,17.65,97.06,95.59,74,68,91.8918918918919,high
MAD-156,San Juan Bautista,Ciudad Lineal,33,907118.1818181818,820000.0,6661.123345746887,6508.474576271186,2092.3945257556975,154.72727272727272,97.0,2.9696969696969697,2.0,33,3.0,3.0,8,0.9696969696969697,33,1.0,32,4845.360824742268,8049.382716049383,3204.021891307115,100.0,24.24,100.0,96.97,33,33,100.0,medium
MAD-155,San Pascual,Ciudad Lineal,37,821375.6756756756,841000.0,5682.384231244524,5466.666666666667,1623.0102210057987,159.64864864864865,120.0,3.3055555555555554,3.0,36,1.75,2.0,8,0.972972972972973,37,1.0,37,4426.315789473684,6800.0,2373.684210526316,97.3,21.62,100.0,100.0,40,37,92.5,medium
MAD-151,Ventas,Ciudad Lineal,70,306588.84285714285,275000.0,4275.184063912764,4000.0,1081.3633755248786,72.31428571428572,69.5,2.411764705882353,2.0,68,1.5555555555555556,2.0,18,0.6176470588235294,68,0.9552238805970149,67,3504.120879120879,4905.43956043956,1401.3186813186812,97.14,25.71,97.14,95.71,80,70,87.5,high
MAD-088,El Goloso,Fuencarral - El Pardo,12,816500.0,707000.0,5801.341036657325,5527.151639344262,1772.151309866918,157.41666666666666,124.0,3.1666666666666665,3.0,12,1.8333333333333333,2.0,6,1.0,9,1.0,9,4908.19209039548,6284.83723586522,1376.6451454697399,100.0,50.0,75.0,75.0,12,12,100.0,low
MAD-081,El Pardo,Fuencarral - El Pardo,5,411800.0,360000.0,3712.6644247202157,3711.340206185567,402.2525428159697,107.2,97.0,2.6,2.0,5,1.5,1.5,2,0.0,4,1.0,4,3500.0,3711.340206185567,211.34020618556679,100.0,40.0,80.0,80.0,5,5,100.0,low
MAD-082,Fuentelarreina,Fuencarral - El Pardo,21,2083380.9523809524,1970000.0,3909.32518473911,3929.539295392954,870.7155581170227,580.5238095238095,738.0,5.666666666666667,6.0,21,3.5714285714285716,3.0,7,1.0,9,0.8888888888888888,9,3333.333333333333,4638.095238095239,1304.7619047619064,100.0,33.33,42.86,42.86,21,21,100.0,low
MAD-085,La Paz,Fuencarral - El Pardo,36,641858.3333333334,649950.0,5284.8223872275985,5364.576802507838,974.7062590208981,124.97222222222223,128.5,3.142857142857143,3.0,35,1.75,2.0,16,0.9444444444444444,36,0.9714285714285714,35,4363.7805112435135,5862.462858416283,1498.6823471727694,97.22,44.44,100.0,97.22,39,36,92.3076923076923,medium
MAD-087,Mirasierra,Fuencarral - El Pardo,50,1354890.0,1313500.0,5904.178700290773,5997.403864922897,1410.1165098801325,251.84,209.0,4.0,4.0,50,2.3333333333333335,2.0,18,1.0,38,1.0,38,4912.9514860722375,6501.846153846153,1588.894667773916,100.0,36.0,76.0,76.0,50,50,100.0,medium
MAD-083,Peñagrande,Fuencarral - El Pardo,136,993651.4705882353,862500.0,5636.138151250331,5459.205948564022,2136.3532513972723,225.06617647058823,127.0,3.511278195488722,3.0,133,2.2916666666666665,2.0,24,0.9325842696629213,89,0.8777777777777778,90,3823.0099104859337,7521.5053763440865,3698.495465858153,97.79,17.65,65.44,66.18,137,136,99.27007299270073,high
MAD-084,Pilar,Fuencarral - El Pardo,34,389311.76470588235,319500.0,4742.183884905575,4887.315010570825,1043.8656897088288,83.17647058823529,61.5,2.588235294117647,2.0,34,1.6666666666666667,1.5,12,0.8235294117647058,34,1.0,32,4109.608208955224,5250.0,1140.3917910447763,100.0,35.29,100.0,94.12,38,34,89.47368421052632,medium
MAD-086,Valverde,Fuencarral - El Pardo,84,604302.380952381,452500.0,4854.661587673629,4853.896103896104,1478.7159692109294,135.28571428571428,95.0,2.7195121951219514,3.0,82,1.5384615384615385,2.0,26,0.7638888888888888,72,0.9583333333333334,72,3980.1136363636365,5343.75,1363.6363636363635,97.62,30.95,85.71,85.71,89,84,94.3820224719101,high
MAD-165,Apóstol Santiago,Hortaleza,12,433875.0,413500.0,4835.205394532284,4203.27993897788,1663.2563371640133,91.41666666666667,83.0,3.0833333333333335,3.0,12,2.0,2.0,7,0.8181818181818182,11,1.0,11,3500.721947194719,5822.162426614481,2321.4404794197617,100.0,58.33,91.67,91.67,12,12,100.0,low
MAD-163,Canillas,Hortaleza,68,831391.1764705882,530000.0,5017.099495291827,5000.0,979.766214878581,172.22058823529412,101.0,3.373134328358209,3.0,67,1.875,2.0,16,0.9523809523809523,42,1.0,42,4355.1563619002145,5506.0051736881005,1150.848811787886,98.53,23.53,61.76,61.76,71,68,95.77464788732394,high
MAD-161,Palomas,Hortaleza,50,1316080.0,1100000.0,4913.720867610789,4853.801169590643,1424.3163155516472,268.06,246.5,4.18,4.0,50,2.5,2.0,10,1.0,31,1.0,35,3843.6147186147186,5445.205479452055,1601.5907608373368,100.0,20.0,62.0,70.0,51,50,98.0392156862745,medium
MAD-164,Pinar del Rey,Hortaleza,52,592680.75,441000.0,4491.421135933214,4222.340425531915,1622.1371717774252,140.8846153846154,100.0,2.9,2.0,50,2.1,2.0,10,0.7777777777777778,45,1.0,36,3448.4265734265728,5093.75,1645.3234265734272,96.15,19.23,86.54,69.23,59,52,88.13559322033898,medium
MAD-162,Piovera,Hortaleza,103,2552383.495145631,1995000.0,5796.002332062275,5500.0,1642.51868589787,487.18446601941747,400.0,5.09375,5.0,96,2.533333333333333,2.0,15,0.9428571428571428,35,0.9210526315789473,38,4782.608695652174,6429.258241758242,1646.6495461060676,93.2,14.56,33.98,36.89,105,103,98.09523809523809,high
MAD-166,Valdefuentes,Hortaleza,143,693171.5384615385,705000.0,5685.463174685367,5528.846153846154,1592.5442761887953,134.44055944055944,129.0,2.7890625,3.0,128,2.1794871794871793,2.0,39,0.9848484848484849,132,1.0,131,4714.361599381881,6300.675675675676,1586.3140762937946,89.51,27.27,92.31,91.61,146,143,97.94520547945206,high
MAD-104,Aluche,Latina,67,294861.7313432836,270000.0,3352.1839504526597,3385.321100917431,691.9658084505837,90.76119402985074,80.0,2.8507462686567164,3.0,67,1.3846153846153846,1.0,13,0.7272727272727273,66,0.9365079365079365,63,2999.1666666666665,3806.833559782609,807.6668931159425,100.0,19.4,98.51,94.03,88,67,76.13636363636364,high
MAD-105,Campamento,Latina,17,313275.8823529412,268000.0,3311.0888539590255,3487.5,645.7037118007104,93.0,80.0,2.6470588235294117,3.0,17,1.875,2.0,8,0.6,15,1.0,14,3160.377358490566,3722.222222222222,561.844863731656,100.0,47.06,88.24,82.35,19,17,89.47368421052632,low
MAD-106,Cuatro Vientos,Latina,15,393160.0,414000.0,3429.3275664134244,3479.3388429752067,582.0866888482153,115.46666666666667,117.0,2.357142857142857,3.0,14,,,0,1.0,15,1.0,15,3149.6039884025176,3643.803418803419,494.1994304009013,93.33,0.0,100.0,100.0,15,15,100.0,low
MAD-101,Los Cármenes,Latina,24,311962.5,293000.0,3546.493196217547,3443.1260229132567,1259.9502430594666,91.95833333333333,80.5,3.272727272727273,3.0,22,2.3333333333333335,3.0,3,0.6190476190476191,21,0.9,20,2720.833333333333,4237.286659700453,1516.45332636712,91.67,12.5,87.5,83.33,34,24,70.58823529411765,low
MAD-103,Lucero,Latina,44,309984.79545454547,279741.0,3922.98090816622,3674.9122807017543,1342.9092692519205,82.04545454545455,76.0,2.7857142857142856,3.0,42,1.5454545454545454,1.0,11,0.5348837209302325,43,0.975,40,3048.888292158969,4292.6439232409375,1243.7556310819687,95.45,25.0,97.73,90.91,54,44,81.48148148148148,medium
MAD-102,Puerta del Ángel,Latina,79,370137.91139240505,305000.0,4089.6550026474597,3829.787234042553,1148.3179672176382,93.92405063291139,80.0,2.6578947368421053,3.0,76,1.4761904761904763,1.0,21,0.4189189189189189,74,0.8888888888888888,72,3315.63670411985,4631.696428571428,1316.0597244515784,96.2,26.58,93.67,91.14,90,79,87.77777777777777,high
MAD-107,Águilas,Latina,31,280974.1935483871,240000.0,3259.0234909617106,3200.0,561.2608036843137,86.03225806451613,78.0,2.838709677419355,3.0,31,1.5555555555555556,2.0,9,0.7419354838709677,31,0.9333333333333333,30,2832.289055973267,3618.723098995696,786.4340430224293,100.0,29.03,100.0,96.77,31,31,100.0,medium
MAD-097,Aravaca,Moncloa - Aravaca,114,1692030.5526315789,1474500.0,5304.367176544926,4889.174403183024,1803.976409212966,363.3157894736842,258.5,4.692982456140351,4.0,114,3.1578947368421053,2.0,19,0.9473684210526315,57,0.9491525423728814,59,4060.324825986079,6146.672686857461,2086.3478608713817,100.0,16.67,50.0,51.75,117,114,97.43589743589743,high
MAD-092,Argüelles,Moncloa - Aravaca,150,1125741.6533333333,850000.0,7345.856818333815,6955.883956810993,1835.4888689713277,157.93333333333334,131.5,3.0337837837837838,3.0,148,1.8571428571428572,2.0,49,0.9066666666666666,150,0.8120805369127517,149,6183.238636363636,8270.206766917294,2086.968130553658,98.67,32.67,100.0,99.33,154,150,97.40259740259741,high
MAD-091,Casa de Campo,Moncloa - Aravaca,24,817666.6666666666,625000.0,5155.38144956819,4844.961240310077,1539.9647476997864,190.25,119.0,3.875,3.0,24,1.8,1.0,5,1.0,17,0.9411764705882353,17,4175.849403122131,5899.902660609993,1724.0532574878625,100.0,20.83,70.83,70.83,24,24,100.0,low
MAD-093,Ciudad Universitaria,Moncloa - Aravaca,85,1644875.3529411764,1250000.0,5432.084761001415,5234.89932885906,2485.1638236004933,360.9294117647059,251.0,4.294117647058823,5.0,85,2.0,2.0,17,0.8936170212765957,47,0.9387755102040817,49,4229.607250755287,6125.0,1895.3927492447128,100.0,20.0,55.29,57.65,86,85,98.83720930232558,high
MAD-096,El Plantío,Moncloa - Aravaca,74,3123601.7027027025,2900000.0,3768.6400981078405,3580.1874678993327,1413.122163813797,888.9054054054054,785.0,5.95945945945946,6.0,74,4.090909090909091,3.0,11,1.0,1,0.7142857142857143,7,2552.390169676348,4994.054696789536,2441.6645271131883,100.0,14.86,1.35,9.46,80,74,92.5,high
MAD-095,Valdemarín,Moncloa - Aravaca,89,1839884.404494382,1450000.0,5644.559176365179,5948.275862068966,1514.2502795862947,377.2808988764045,313.0,4.617977528089888,4.0,89,2.933333333333333,2.0,15,1.0,53,0.9636363636363636,55,4367.64705882353,6486.486486486487,2118.839427662957,100.0,16.85,59.55,61.8,89,89,100.0,high
MAD-094,Valdezarza,Moncloa - Aravaca,28,510571.64285714284,432400.0,5331.774418009846,5128.051438535309,1654.8510929255362,95.89285714285714,77.0,2.642857142857143,3.0,28,1.4,1.0,10,0.75,24,1.0,24,4322.152717860225,5676.6949152542375,1354.5421973940129,100.0,35.71,85.71,85.71,30,28,93.33333333333333,low
MAD-145,Fontarrón,Moratalaz,20,268845.0,245000.0,3382.0303040501894,3241.013584117032,482.6434688332681,79.1,71.5,2.8,3.0,20,1.75,2.0,4,0.3,20,1.0,19,3085.6481481481483,3728.0219780219786,642.3738298738303,100.0,20.0,100.0,95.0,25,20,80.0,low
MAD-142,Horcajo,Moratalaz,2,575000.0,575000.0,3747.7700909367795,3747.7700909367795,686.4009175595818,152.0,152.0,3.5,3.5,2,2.0,2.0,1,1.0,2,1.0,2,3505.090719227255,3990.449462646304,485.358743419049,100.0,50.0,100.0,100.0,2,2,100.0,low
MAD-143,Marroquina,Moratalaz,18,343138.8888888889,359500.0,4055.6389820060917,4199.438859013328,569.9108139037875,85.16666666666667,90.5,2.764705882352941,3.0,17,1.5714285714285714,2.0,7,0.9411764705882353,17,1.0,17,3630.3641613860586,4472.910216718266,842.5460553322077,94.44,38.89,94.44,94.44,23,18,78.26086956521739,low
MAD-144,Media Legua,Moratalaz,18,385277.72222222225,289500.0,3687.2274610105646,3886.3888888888887,1040.2415933016237,104.16666666666667,98.5,3.0,3.0,18,1.8,2.0,5,0.8823529411764706,17,1.0,17,2936.9477687626772,4550.066755674232,1613.1189869115547,100.0,27.78,94.44,94.44,19,18,94.73684210526315,low
MAD-141,Pavones,Moratalaz,4,331000.0,294500.0,3712.7694165737644,3709.2689918776878,264.63124972785323,90.75,80.0,2.75,3.0,4,1.0,1.0,2,0.5,4,1.0,4,3495.1923076923076,3926.846100759144,431.65379306683644,100.0,50.0,100.0,100.0,5,4,80.0,low
MAD-146,Vinateros,Moratalaz,19,259789.47368421053,269500.0,3722.913679216169,3691.780821917808,672.0161921147139,71.84210526315789,73.0,2.210526315789474,2.0,19,1.0,1.0,6,0.29411764705882354,17,0.8125,16,3251.9607843137255,3826.587795765878,574.6270114521526,100.0,31.58,89.47,84.21,23,19,82.6086956521739,low
MAD-131,Entrevías,Puente de Vallecas,65,190879.38461538462,185000.0,2552.184246312274,2362.903225806452,641.1390174104295,78.67692307692307,74.0,2.9076923076923076,3.0,65,1.3181818181818181,1.0,22,0.2807017543859649,57,0.8909090909090909,55,2100.0,3018.867924528302,918.867924528302,100.0,33.85,87.69,84.62,83,65,78.3132530120482,high
MAD-136,Numancia,Puente de Vallecas,105,208867.40952380953,190000.0,3203.8316214307115,3242.4242424242425,827.4255679019473,66.97142857142858,61.0,2.17,2.0,100,1.3225806451612903,1.0,31,0.46078431372549017,102,0.8571428571428571,84,2633.333333333333,3681.818181818182,1048.484848484849,95.24,29.52,97.14,80.0,126,105,83.33333333333334,high
MAD-133,Palomeras Bajas,Puente de Vallecas,46,207823.91304347827,202500.0,2882.8692373409963,2783.045977011494,550.1541087515793,74.1304347826087,71.5,2.3181818181818183,2.0,44,1.173913043478261,1.0,23,0.38095238095238093,42,0.8571428571428571,42,2556.3186813186817,3166.6666666666665,610.3479853479848,95.65,50.0,91.3,91.3,61,46,75.40983606557377,medium
MAD-134,Palomeras Sureste,Puente de Vallecas,48,256093.75,236500.0,2984.6983892119665,2884.3905472636816,672.5245347132291,84.70833333333333,84.5,2.5208333333333335,3.0,48,1.5789473684210527,2.0,19,0.5957446808510638,47,0.975609756097561,41,2631.132075471698,3268.149664929263,637.017589457565,100.0,39.58,97.92,85.42,61,48,78.68852459016394,medium
MAD-135,Portazgo,Puente de Vallecas,23,229042.30434782608,215000.0,2850.4718187889744,2847.619047619048,588.7532571568112,82.6086956521739,76.0,2.739130434782609,3.0,23,1.25,1.0,12,0.43478260869565216,23,0.9130434782608695,23,2457.1095571095575,3155.5412922550277,698.4317351454702,100.0,52.17,100.0,100.0,28,23,82.14285714285714,low
MAD-132,San Diego,Puente de Vallecas,133,190869.3233082707,167900.0,3061.5292768434538,2872.340425531915,1136.1242417485753,66.48872180451127,59.0,2.0078740157480315,2.0,127,1.131578947368421,1.0,38,0.2421875,128,0.8264462809917356,121,2427.1844660194174,3375.0,947.8155339805826,95.49,28.57,96.24,90.98,167,133,79.64071856287424,high
MAD-032,Adelfas,Retiro,41,587919.268292683,575000.0,5857.708838967243,5566.666666666667,1418.7236650059353,101.60975609756098,105.0,2.625,3.0,40,1.6666666666666667,2.0,15,0.926829268292683,41,0.8780487804878049,41,5133.333333333333,6363.636363636364,1230.303030303031,97.56,36.59,100.0,100.0,43,41,95.34883720930233,medium
MAD-033,Estrella,Retiro,30,773300.0,699000.0,6571.027568563185,6134.3685300207035,1971.4633123498124,119.73333333333333,114.0,3.0689655172413794,3.0,29,1.8571428571428572,2.0,7,0.9333333333333333,30,0.9666666666666667,30,5410.958904109589,6541.666666666667,1130.7077625570782,96.67,23.33,100.0,100.0,31,30,96.7741935483871,medium
MAD-034,Ibiza,Retiro,208,1185532.2115384615,1149000.0,9553.974881751505,9401.785714285714,2309.447598264259,122.99038461538461,119.0,2.6618357487922704,3.0,207,2.0,2.0,74,0.9759615384615384,208,0.6116504854368932,206,8236.539490105188,10721.884498480242,2485.345008375054,99.52,35.58,100.0,99.04,209,208,99.52153110047847,high
MAD-035,Los Jerónimos,Retiro,95,2818588.4210526315,2500000.0,11810.954751835057,11687.5,4323.505629359401,217.62105263157895,206.0,3.1052631578947367,3.0,95,1.4444444444444444,1.0,18,0.968421052631579,95,0.8404255319148937,94,9677.41935483871,13123.827392120074,3446.408037281364,100.0,18.95,100.0,98.95,96,95,98.95833333333334,high
MAD-036,Niño Jesús,Retiro,52,1186375.673076923,1097500.0,7274.540344089373,7299.948105864038,1461.4847337634214,166.25,168.0,3.576923076923077,3.5,52,1.7857142857142858,2.0,14,0.9787234042553191,47,0.7659574468085106,47,6352.243259287031,8217.753891771683,1865.510632484652,100.0,26.92,90.38,90.38,53,52,98.11320754716981,medium
MAD-031,Pacífico,Retiro,72,520761.1111111111,484500.0,5875.488473341855,5921.274961597543,1346.5710652828693,94.0,90.0,2.4722222222222223,2.0,72,1.7272727272727273,2.0,11,0.8888888888888888,72,0.7638888888888888,72,5090.0,6900.0,1810.0,100.0,15.28,100.0,100.0,76,72,94.73684210526315,high
MAD-046,Castellana,Salamanca,412,2468639.5582524273,1937500.0,11347.437955256406,10547.619047619048,3018.381278927657,211.80825242718447,178.5,3.2146341463414636,3.0,410,2.532710280373832,2.0,107,0.9733009708737864,412,0.7956204379562044,411,9207.711618697405,12741.726296958856,3534.01467826145,99.51,25.97,100.0,99.76,415,412,99.27710843373494,high
MAD-043,Fuente del Berro,Salamanca,101,835510.8910891089,565000.0,7076.575284749713,6830.0,1908.4495613047382,112.5940594059406,90.0,2.4791666666666665,2.0,96,1.263157894736842,1.0,19,0.8791208791208791,91,0.7582417582417582,91,5643.564356435643,8080.80808080808,2437.243724372437,95.05,18.81,90.1,90.1,105,101,96.19047619047619,high
MAD-042,Goya,Salamanca,600,1540885.1666666667,1422500.0,10458.558763447429,10420.731707317073,2379.4366352879756,148.26333333333332,137.0,2.78,3.0,600,2.172222222222222,2.0,180,0.9616026711185309,599,0.8497495826377296,599,8899.57627118644,11696.819352070372,2797.243080883931,100.0,30.0,99.83,99.83,612,600,98.0392156862745,high
MAD-044,Guindalera,Salamanca,113,751325.6637168141,635000.0,6810.562416986404,6587.301587301588,1786.1279524053616,116.99115044247787,97.0,2.532110091743119,3.0,109,1.9259259259259258,2.0,27,0.8818181818181818,110,0.8928571428571429,112,5708.333333333333,7800.0,2091.666666666667,96.46,23.89,97.35,99.12,115,113,98.26086956521739,high
MAD-045,Lista,Salamanca,303,1514144.382838284,1399000.0,10402.24758750137,10499.23076923077,2254.391659965882,143.88448844884488,131.0,2.712871287128713,3.0,303,2.139784946236559,2.0,93,0.9537953795379538,303,0.7524752475247525,303,8890.552228875582,11658.333333333334,2767.781104457752,100.0,30.69,100.0,100.0,304,303,99.67105263157895,high
MAD-041,Recoletos,Salamanca,465,2967388.3483870965,2350000.0,13866.433021423125,13409.893992932864,3683.523808422457,205.50537634408602,170.0,2.9718614718614718,3.0,462,2.25,2.0,96,0.9333333333333333,465,0.7321814254859611,463,11363.636363636364,15870.307167235494,4506.6708035991305,99.35,20.65,100.0,99.57,467,465,99.57173447537473,high
MAD-203,Amposta,San Blas - Canillejas,16,199353.6875,167499.5,2925.472312782898,2920.353982300885,635.8321979682781,68.5625,57.5,2.625,3.0,16,1.1666666666666667,1.0,6,0.0625,16,1.0,15,2712.316821465429,3300.471698113208,588.154876647779,100.0,37.5,100.0,93.75,25,16,64.0,low
MAD-204,Arcos,San Blas - Canillejas,20,305803.0,247000.0,3483.634136806525,3326.3888888888887,924.2913988652373,87.5,80.5,2.7,3.0,20,1.0,1.0,5,0.631578947368421,19,1.0,19,2856.396321070234,3766.869565217391,910.473244147157,100.0,25.0,95.0,95.0,29,20,68.96551724137932,low
MAD-207,Canillejas,San Blas - Canillejas,49,440197.85714285716,290000.0,3600.2727105913823,3565.459610027855,762.5301587239552,122.12244897959184,83.0,3.159090909090909,3.0,44,1.5,1.0,12,0.38461538461538464,39,0.9230769230769231,39,3058.252427184466,4117.64705882353,1059.3946316390638,89.8,24.49,79.59,79.59,59,49,83.05084745762711,medium
MAD-208,El Salvador,San Blas - Canillejas,29,894502.7586206896,929000.0,5662.688992674071,4951.923076923077,2112.192260121081,182.10344827586206,137.0,3.7586206896551726,4.0,29,2.0,1.5,4,1.0,21,1.0,21,4117.64705882353,6333.333333333333,2215.6862745098033,100.0,13.79,72.41,72.41,29,29,100.0,low
MAD-202,Hellín,San Blas - Canillejas,18,181410.88888888888,149750.0,2819.1880688085275,2659.73630831643,382.59956791268525,63.44444444444444,58.0,2.5625,3.0,16,1.0,1.0,5,0.1875,16,1.0,16,2622.80701754386,3057.980555555556,435.17353801169565,88.89,27.78,88.89,88.89,21,18,85.71428571428571,low
MAD-206,Rejas,San Blas - Canillejas,50,421196.0,381750.0,3931.7855723322796,3909.9378881987577,956.976057339983,116.48,101.0,2.488888888888889,2.0,45,1.6666666666666667,1.0,9,0.9333333333333333,45,0.9555555555555556,45,3288.8386123680243,4469.33962264151,1180.5010102734855,90.0,18.0,90.0,90.0,54,50,92.5925925925926,medium
MAD-205,Rosas,San Blas - Canillejas,22,466086.36363636365,442000.0,4873.965981523262,4734.5467032967035,921.0159458146137,97.5909090909091,102.5,2.227272727272727,2.0,22,1.5,1.5,12,0.9545454545454546,22,1.0,20,4339.439655172414,5327.813067150635,988.3734119782212,100.0,54.55,100.0,90.91,24,22,91.66666666666666,low
MAD-201,Simancas,San Blas - Canillejas,90,401503.3222222222,322500.0,4191.065245840831,4196.774193548387,1171.7122269861686,98.56666666666666,80.0,2.2325581395348837,2.0,86,1.5,1.5,12,0.9156626506024096,83,0.9518072289156626,83,3261.574074074074,4893.514644351464,1631.9405702773902,95.56,13.33,92.22,92.22,94,90,95.74468085106383,high
MAD-064,Almenara,Tetuán,38,541997.3684210526,402000.0,5131.159286877206,4896.604938271605,1286.7948222015682,103.15789473684211,90.0,2.657142857142857,3.0,35,1.5,1.0,12,0.5405405405405406,37,0.9473684210526315,38,4192.073170731707,5999.445949273578,1807.3727785418705,92.11,31.58,97.37,100.0,40,38,95.0,medium
MAD-061,Bellas Vistas,Tetuán,102,407470.3137254902,312000.0,5077.07832007684,4994.728260869565,1393.440642356551,83.93137254901961,60.5,2.2736842105263158,2.0,95,1.2,1.0,20,0.6565656565656566,99,0.6767676767676768,99,4270.807141061101,5765.555555555556,1494.7484144944547,93.14,19.61,97.06,97.06,105,102,97.14285714285714,high
MAD-066,Berruguete,Tetuán,78,345826.1282051282,292500.0,4685.224248396403,4679.135209334248,1090.4173188947243,78.51282051282051,71.5,2.0972222222222223,2.0,72,1.5217391304347827,2.0,23,0.5064935064935064,77,0.8157894736842105,76,4006.25,5318.003913894325,1311.7539138943248,92.31,29.49,98.72,97.44,84,78,92.85714285714286,high
MAD-063,Castillejos,Tetuán,87,951251.7126436782,850000.0,6608.722156321635,6450.0,1603.5491586482644,149.33333333333334,134.0,2.929411764705882,3.0,85,2.1538461538461537,2.0,13,0.8953488372093024,86,0.9069767441860465,86,5450.268016676593,7700.0,2249.731983323407,97.7,14.94,98.85,98.85,91,87,95.6043956043956,high
MAD-062,Cuatro Caminos,Tetuán,154,821807.012987013,702500.0,6327.728267097014,6214.168714168714,1506.7793202996354,131.14935064935065,118.0,2.9066666666666667,3.0,150,1.8780487804878048,2.0,41,0.8441558441558441,154,0.8116883116883117,154,5483.816359696642,6810.064935064935,1326.2485753682922,97.4,26.62,100.0,100.0,162,154,95.06172839506173,high
MAD-065,Valdeacederas,Tetuán,98,354073.4591836735,339000.0,4917.853293150485,4791.895604395604,1281.1645147839715,73.89795918367346,70.0,2.058139534883721,2.0,86,1.3529411764705883,1.0,17,0.6170212765957447,94,0.9456521739130435,92,4135.714285714285,5673.076923076923,1537.3626373626375,87.76,17.35,95.92,93.88,114,98,85.96491228070175,high
MAD-124,Almendrales,Usera,39,305886.6666666667,240000.0,3600.7851533643297,3362.0689655172414,820.5823965119702,87.07692307692308,72.0,2.5555555555555554,2.0,36,1.6,2.0,10,0.6578947368421053,38,0.7714285714285715,35,3143.333333333333,4099.232456140351,955.8991228070181,92.31,25.64,97.44,89.74,44,39,88.63636363636364,medium
MAD-125,Moscardó,Usera,58,284055.1724137931,261000.0,4002.675034517338,3935.9737939249553,976.1786706425374,72.03448275862068,69.0,2.4285714285714284,3.0,56,1.5555555555555556,2.0,18,0.5357142857142857,56,0.8679245283018868,53,3307.427536231884,4581.818181818182,1274.390645586298,96.55,31.03,96.55,91.38,63,58,92.06349206349206,medium
MAD-121,Orcasitas,Usera,19,272768.4210526316,275000.0,2907.23629180256,2726.190476190476,871.707592664555,98.63157894736842,100.0,2.736842105263158,3.0,19,1.5,1.5,6,0.875,16,1.0,16,2328.101802757158,3336.3970588235297,1008.2952560663716,100.0,31.58,84.21,84.21,26,19,73.07692307692307,low
MAD-122,Orcasur,Usera,38,286485.5263157895,270000.0,3547.714147610069,3411.289404802549,1274.173321890799,86.15789473684211,86.0,2.4,2.0,35,1.5555555555555556,2.0,18,0.6756756756756757,37,1.0,35,2584.5588235294117,4234.228971962617,1649.6701484332052,92.11,47.37,97.37,92.11,47,38,80.85106382978722,medium
MAD-127,Pradolongo,Usera,33,269221.2121212121,220000.0,3483.1345292568767,3111.1111111111118,2804.4727785384393,90.57575757575758,69.0,2.75,3.0,32,1.75,2.0,12,0.15625,32,0.9032258064516129,31,2333.333333333333,3541.6666666666665,1208.3333333333335,96.97,36.36,96.97,93.94,41,33,80.48780487804879,medium
MAD-123,San Fermín,Usera,36,237652.47222222222,200995.0,2976.6189925472377,2774.330357142857,889.3757955423534,79.80555555555556,75.0,2.588235294117647,3.0,34,1.3333333333333333,1.0,6,0.5454545454545454,33,0.8787878787878788,33,2477.8474264705883,3424.6794871794873,946.832060708899,94.44,16.67,91.67,91.67,49,36,73.46938775510205,medium
MAD-126,Zofío,Usera,27,237655.55555555556,225000.0,3147.7048725491622,3326.6666666666665,593.599580741208,76.74074074074075,69.0,2.7777777777777777,3.0,27,1.25,1.0,4,0.37037037037037035,27,0.96,25,2818.5591670184326,3609.090909090909,790.5317420724764,100.0,14.81,100.0,92.59,32,27,84.375,low
MAD-191,Casco Histórico de Vicálvaro,Vicálvaro,87,351747.724137931,330000.0,3553.9972871989,3353.057971014493,1244.1367266490008,101.6896551724138,92.0,2.5348837209302326,3.0,86,1.6363636363636365,2.0,11,0.8658536585365854,82,0.9512195121951219,82,2905.26983646275,4001.718266253869,1096.448429791119,98.85,12.64,94.25,94.25,90,87,96.66666666666667,high
MAD-194,El Cañaveral,Vicálvaro,75,398838.68,375000.0,3462.2991819627473,3670.212765957447,1024.9015792645519,121.58666666666667,106.0,2.88,3.0,75,2.1666666666666665,2.0,6,1.0,69,1.0,68,2261.844758064516,4356.666666666666,2094.82190860215,100.0,8.0,92.0,90.67,75,75,100.0,high
MAD-192,Valdebernardo,Vicálvaro,0,,,,,,,,,,0,,,0,,0,,0,,,,,,,,0,0,,no_data
MAD-193,Valderrivas,Vicálvaro,0,,,,,,,,,,0,,,0,,0,,0,,,,,,,,0,0,,no_data
MAD-181,Casco Histórico de Vallecas,Villa de Vallecas,73,227654.8904109589,195351.0,2840.055076062612,2702.7027027027025,774.007584135116,80.3013698630137,77.0,2.535211267605634,2.0,71,1.2608695652173914,1.0,23,0.4,70,0.9393939393939394,66,2371.794871794872,3218.181818181818,846.386946386946,97.26,31.51,95.89,90.41,82,73,89.02439024390245,high
MAD-183,Ensanche de Vallecas,Villa de Vallecas,98,363676.64285714284,346000.0,3970.1167615510412,3942.710572601134,919.9436529603305,94.39795918367346,87.5,2.117021276595745,2.0,94,1.5925925925925926,2.0,27,0.9690721649484536,97,0.9690721649484536,97,3274.4379276637337,4512.9172015404365,1238.4792738767028,95.92,27.55,98.98,98.98,102,98,96.07843137254902,high
MAD-182,Santa Eugenia,Villa de Vallecas,24,351808.2916666667,345000.0,3371.343173413947,3550.4807692307695,828.8154616469304,106.70833333333333,97.5,2.7083333333333335,3.0,24,1.0,1.0,2,0.9130434782608695,23,1.0,23,2696.950240770466,3917.5204328306663,1220.5701920602005,100.0,8.33,95.83,95.83,28,24,85.71428571428571,low
MAD-173,Butarque,Villaverde,18,282461.1111111111,286000.0,2784.38243830552,2954.2040397124274,634.2672266312508,107.83333333333333,113.5,2.388888888888889,2.5,18,1.8571428571428572,2.0,7,0.7647058823529411,17,1.0,16,2536.6229456384326,3131.8493150684935,595.2263694300609,100.0,38.89,94.44,88.89,24,18,75.0,low
MAD-174,Los Rosales,Villaverde,39,195748.5641025641,180000.0,2767.892314547201,2688.311688311688,920.5903777809901,73.94871794871794,70.0,2.6578947368421053,3.0,38,1.4285714285714286,1.0,7,0.2972972972972973,37,0.9705882352941176,34,2241.283895960155,3140.926640926641,899.6427449664861,97.44,17.95,94.87,87.18,58,39,67.24137931034483,medium
MAD-172,San Cristóbal,Villaverde,24,138079.16666666666,127500.0,2344.255197266188,2189.826302729529,722.9898074175552,60.458333333333336,60.5,2.5833333333333335,3.0,24,1.0,1.0,8,0.21739130434782608,23,1.0,21,1910.5616605616606,2458.6538461538457,548.0921855921852,100.0,33.33,95.83,87.5,40,24,60.0,low
MAD-171,Villaverde Alto - Casco Histórico de Villaverde,Villaverde,123,232466.38211382114,212000.0,2819.63720316506,2750.0,586.788380288433,84.54471544715447,74.0,2.2857142857142856,2.0,119,1.3783783783783783,1.0,37,0.475,120,0.944954128440367,109,2434.3980343980347,3204.325468844525,769.9274344464902,96.75,30.08,97.56,88.62,152,123,80.92105263157895,high
MAD-175,Ángeles,Villaverde,30,248346.66666666666,260000.0,2846.6547169503788,2787.6666666666665,903.1401595216968,86.83333333333333,87.5,2.8333333333333335,3.0,30,1.5,1.5,6,0.6896551724137931,29,1.0,29,2282.954006638217,3537.507492507492,1254.553485869275,100.0,20.0,96.67,96.67,40,30,75.0,medium
