zone_key,neighborhood_code,neighborhood_name,district_code,district_name,registered_price_m2_total_2025,registered_price_m2_new_2025,registered_price_m2_used_2025,registered_index_madrid_total_2025,registered_index_madrid_new_2025,registered_index_madrid_used_2025,registered_index_type_total_2025,registered_index_type_new_2025,registered_index_type_used_2025,registered_price_available,registered_new_price_available,registered_used_price_available,reference_year,price_unit,price_statistic,housing_market_scope,source_publisher,source_origin,source_series_code,minimum_cases_to_publish_neighborhood,source_coverage_2025_percentage
MAD-011,011,Palacio,01,Centro,6895.15,6421.28,6954.58,130.45,127.37,130.39,100,93.13,100.86,True,True,True,2025,EUR_per_m2,mean_declared_transaction_price,residential_sales,Ayuntamiento de Madrid,Colegio de Registradores de España,0504020100060,15,97.7
MAD-012,012,Embajadores,01,Centro,6054.75,6153.41,6044.57,114.55,122.06,113.33,100,101.63,99.83,True,True,True,2025,EUR_per_m2,mean_declared_transaction_price,residential_sales,Ayuntamiento de Madrid,Colegio de Registradores de España,0504020100060,15,97.7
MAD-013,013,Cortes,01,Centro,7246.75,,7246.75,137.1,,135.87,100,,100.0,True,False,True,2025,EUR_per_m2,mean_declared_transaction_price,residential_sales,Ayuntamiento de Madrid,Colegio de Registradores de España,0504020100060,15,97.7
MAD-014,014,Justicia,01,Centro,9541.9,9505.61,9544.48,180.52,188.55,178.95,100,99.62,100.03,True,True,True,2025,EUR_per_m2,mean_declared_transaction_price,residential_sales,Ayuntamiento de Madrid,Colegio de Registradores de España,0504020100060,15,97.7
MAD-015,015,Universidad,01,Centro,7135.43,6682.45,7149.96,134.99,132.55,134.06,100,93.65,100.2,True,True,True,2025,EUR_per_m2,mean_declared_transaction_price,residential_sales,Ayuntamiento de Madrid,Colegio de Registradores de España,0504020100060,15,97.7
MAD-016,016,Sol,01,Centro,7696.61,,7726.49,145.61,,144.86,100,,100.39,True,False,True,2025,EUR_per_m2,mean_declared_transaction_price,residential_sales,Ayuntamiento de Madrid,Colegio de Registradores de España,0504020100060,15,97.7
MAD-021,021,Imperial,02,Arganzuela,5855.12,6010.51,5776.45,110.77,119.22,108.3,100,102.65,98.66,True,True,True,2025,EUR_per_m2,mean_declared_transaction_price,residential_sales,Ayuntamiento de Madrid,Colegio de Registradores de España,0504020100060,15,97.7
MAD-022,022,Acacias,02,Arganzuela,5736.45,,5740.58,108.53,,107.63,100,,100.07,True,False,True,2025,EUR_per_m2,mean_declared_transaction_price,residential_sales,Ayuntamiento de Madrid,Colegio de Registradores de España,0504020100060,15,97.7
MAD-023,023,Chopera,02,Arganzuela,5473.88,,5468.01,103.56,,102.52,100,,99.89,True,False,True,2025,EUR_per_m2,mean_declared_transaction_price,residential_sales,Ayuntamiento de Madrid,Colegio de Registradores de España,0504020100060,15,97.7
MAD-024,024,Legazpi,02,Arganzuela,7113.37,9387.42,5888.88,134.58,186.2,110.41,100,131.97,82.79,True,True,True,2025,EUR_per_m2,mean_declared_transaction_price,residential_sales,Ayuntamiento de Madrid,Colegio de Registradores de España,0504020100060,15,97.7
MAD-025,025,Delicias,02,Arganzuela,5426.01,,5499.92,102.65,,103.12,100,,101.36,True,False,True,2025,EUR_per_m2,mean_declared_transaction_price,residential_sales,Ayuntamiento de Madrid,Colegio de Registradores de España,0504020100060,15,97.7
MAD-026,026,Palos de la Frontera,02,Arganzuela,5784.65,6056.86,5679.48,109.44,120.14,106.49,100,104.71,98.18,True,True,True,2025,EUR_per_m2,mean_declared_transaction_price,residential_sales,Ayuntamiento de Madrid,Colegio de Registradores de España,0504020100060,15,97.7
MAD-027,027,Atocha,02,Arganzuela,6810.36,6828.78,,128.84,135.45,,100,2.56,,True,True,False,2025,EUR_per_m2,mean_declared_transaction_price,residential_sales,Ayuntamiento de Madrid,Colegio de Registradores de España,0504020100060,15,97.7
MAD-031,031,Pacífico,03,Retiro,6286.22,,6287.24,118.93,,117.88,100,,100.02,True,False,True,2025,EUR_per_m2,mean_declared_transaction_price,residential_sales,Ayuntamiento de Madrid,Colegio de Registradores de España,0504020100060,15,97.7
MAD-032,032,Adelfas,03,Retiro,5741.86,,5741.25,108.63,,107.64,100,,99.99,True,False,True,2025,EUR_per_m2,mean_declared_transaction_price,residential_sales,Ayuntamiento de Madrid,Colegio de Registradores de España,0504020100060,15,97.7
MAD-033,033,Estrella,03,Retiro,6590.79,,6593.42,124.69,,123.62,100,,100.04,True,False,True,2025,EUR_per_m2,mean_declared_transaction_price,residential_sales,Ayuntamiento de Madrid,Colegio de Registradores de España,0504020100060,15,97.7
MAD-034,034,Ibiza,03,Retiro,9264.05,,9264.05,175.27,,173.69,100,,100.0,True,False,True,2025,EUR_per_m2,mean_declared_transaction_price,residential_sales,Ayuntamiento de Madrid,Colegio de Registradores de España,0504020100060,15,97.7
MAD-035,035,Los Jerónimos,03,Retiro,9950.49,,9950.49,188.25,,186.56,100,,100.0,True,False,True,2025,EUR_per_m2,mean_declared_transaction_price,residential_sales,Ayuntamiento de Madrid,Colegio de Registradores de España,0504020100060,15,97.7
MAD-036,036,Niño Jesús,03,Retiro,7639.04,,7639.04,144.52,,143.23,100,,100.0,True,False,True,2025,EUR_per_m2,mean_declared_transaction_price,residential_sales,Ayuntamiento de Madrid,Colegio de Registradores de España,0504020100060,15,97.7
MAD-041,041,Recoletos,04,Salamanca,14108.83,,14032.44,266.92,,263.1,100,,99.46,True,False,True,2025,EUR_per_m2,mean_declared_transaction_price,residential_sales,Ayuntamiento de Madrid,Colegio de Registradores de España,0504020100060,15,97.7
MAD-042,042,Goya,04,Salamanca,9638.66,,9634.29,182.35,,180.63,100,,99.95,True,False,True,2025,EUR_per_m2,mean_declared_transaction_price,residential_sales,Ayuntamiento de Madrid,Colegio de Registradores de España,0504020100060,15,97.7
MAD-043,043,Fuente del Berro,04,Salamanca,7598.53,,7593.89,143.76,,142.38,100,,99.94,True,False,True,2025,EUR_per_m2,mean_declared_transaction_price,residential_sales,Ayuntamiento de Madrid,Colegio de Registradores de España,0504020100060,15,97.7
MAD-044,044,Guindalera,04,Salamanca,6722.25,8817.69,6651.67,127.18,174.9,124.71,100,131.17,98.95,True,True,True,2025,EUR_per_m2,mean_declared_transaction_price,residential_sales,Ayuntamiento de Madrid,Colegio de Registradores de España,0504020100060,15,97.7
MAD-045,045,Lista,04,Salamanca,10066.56,,10045.62,190.45,,188.35,100,,99.79,True,False,True,2025,EUR_per_m2,mean_declared_transaction_price,residential_sales,Ayuntamiento de Madrid,Colegio de Registradores de España,0504020100060,15,97.7
MAD-046,046,Castellana,04,Salamanca,11685.39,,11738.98,221.07,,220.1,100,,100.46,True,False,True,2025,EUR_per_m2,mean_declared_transaction_price,residential_sales,Ayuntamiento de Madrid,Colegio de Registradores de España,0504020100060,15,97.7
MAD-051,051,El Viso,05,Chamartín,9382.09,,9382.09,177.5,,175.91,100,,100.0,True,False,True,2025,EUR_per_m2,mean_declared_transaction_price,residential_sales,Ayuntamiento de Madrid,Colegio de Registradores de España,0504020100060,15,97.7
MAD-052,052,Prosperidad,05,Chamartín,6448.55,7258.0,6381.77,122.0,143.97,119.65,100,112.55,98.96,True,True,True,2025,EUR_per_m2,mean_declared_transaction_price,residential_sales,Ayuntamiento de Madrid,Colegio de Registradores de España,0504020100060,15,97.7
MAD-053,053,Ciudad Jardín,05,Chamartín,7558.9,,7558.9,143.01,,141.72,100,,100.0,True,False,True,2025,EUR_per_m2,mean_declared_transaction_price,residential_sales,Ayuntamiento de Madrid,Colegio de Registradores de España,0504020100060,15,97.7
MAD-054,054,Hispanoamérica,05,Chamartín,7860.68,,7877.42,148.72,,147.69,100,,100.21,True,False,True,2025,EUR_per_m2,mean_declared_transaction_price,residential_sales,Ayuntamiento de Madrid,Colegio de Registradores de España,0504020100060,15,97.7
MAD-055,055,Nueva España,05,Chamartín,8183.21,,8198.09,154.82,,153.71,100,,100.18,True,False,True,2025,EUR_per_m2,mean_declared_transaction_price,residential_sales,Ayuntamiento de Madrid,Colegio de Registradores de España,0504020100060,15,97.7
MAD-056,056,Castilla,05,Chamartín,5913.07,,5889.4,111.87,,110.42,100,,99.6,True,False,True,2025,EUR_per_m2,mean_declared_transaction_price,residential_sales,Ayuntamiento de Madrid,Colegio de Registradores de España,0504020100060,15,97.7
MAD-061,061,Bellas Vistas,06,Tetuán,5223.92,5760.0,5072.68,98.83,114.25,95.11,100,110.26,97.1,True,True,True,2025,EUR_per_m2,mean_declared_transaction_price,residential_sales,Ayuntamiento de Madrid,Colegio de Registradores de España,0504020100060,15,97.7
MAD-062,062,Cuatro Caminos,06,Tetuán,6496.82,,6513.79,122.91,,122.13,100,,100.26,True,False,True,2025,EUR_per_m2,mean_declared_transaction_price,residential_sales,Ayuntamiento de Madrid,Colegio de Registradores de España,0504020100060,15,97.7
MAD-063,063,Castillejos,06,Tetuán,6438.0,6465.61,6435.73,121.8,128.25,120.66,100,100.43,99.96,True,True,True,2025,EUR_per_m2,mean_declared_transaction_price,residential_sales,Ayuntamiento de Madrid,Colegio de Registradores de España,0504020100060,15,97.7
MAD-064,064,Almenara,06,Tetuán,4987.49,4999.45,4979.52,94.36,99.17,93.36,100,100.24,99.84,True,True,True,2025,EUR_per_m2,mean_declared_transaction_price,residential_sales,Ayuntamiento de Madrid,Colegio de Registradores de España,0504020100060,15,97.7
MAD-065,065,Valdeacederas,06,Tetuán,5274.19,5295.19,5255.17,99.78,105.03,98.53,100,100.4,99.64,True,True,True,2025,EUR_per_m2,mean_declared_transaction_price,residential_sales,Ayuntamiento de Madrid,Colegio de Registradores de España,0504020100060,15,97.7
MAD-066,066,Berruguete,06,Tetuán,4789.99,4725.66,4812.94,90.62,93.74,90.24,100,98.66,100.48,True,True,True,2025,EUR_per_m2,mean_declared_transaction_price,residential_sales,Ayuntamiento de Madrid,Colegio de Registradores de España,0504020100060,15,97.7
MAD-071,071,Gaztambide,07,Chamberí,7413.6,7431.02,7412.01,140.26,147.4,138.97,100,100.23,99.98,True,True,True,2025,EUR_per_m2,mean_declared_transaction_price,residential_sales,Ayuntamiento de Madrid,Colegio de Registradores de España,0504020100060,15,97.7
MAD-072,072,Arapiles,07,Chamberí,7591.52,,7594.89,143.62,,142.4,100,,100.04,True,False,True,2025,EUR_per_m2,mean_declared_transaction_price,residential_sales,Ayuntamiento de Madrid,Colegio de Registradores de España,0504020100060,15,97.7
MAD-073,073,Trafalgar,07,Chamberí,8568.41,8346.91,8594.59,162.1,165.57,161.14,100,97.41,100.31,True,True,True,2025,EUR_per_m2,mean_declared_transaction_price,residential_sales,Ayuntamiento de Madrid,Colegio de Registradores de España,0504020100060,15,97.7
MAD-074,074,Almagro,07,Chamberí,10795.41,11150.17,10761.97,204.24,221.17,201.78,100,103.29,99.69,True,True,True,2025,EUR_per_m2,mean_declared_transaction_price,residential_sales,Ayuntamiento de Madrid,Colegio de Registradores de España,0504020100060,15,97.7
MAD-075,075,Ríos Rosas,07,Chamberí,7915.16,7735.63,7927.52,149.75,153.44,148.63,100,97.73,100.16,True,True,True,2025,EUR_per_m2,mean_declared_transaction_price,residential_sales,Ayuntamiento de Madrid,Colegio de Registradores de España,0504020100060,15,97.7
MAD-076,076,Vallehermoso,07,Chamberí,6752.36,,6788.94,127.75,,127.29,100,,100.54,True,False,True,2025,EUR_per_m2,mean_declared_transaction_price,residential_sales,Ayuntamiento de Madrid,Colegio de Registradores de España,0504020100060,15,97.7
MAD-081,081,El Pardo,08,Fuencarral - El Pardo,3704.98,,3704.98,70.09,,69.47,100,,1.31,True,False,True,2025,EUR_per_m2,mean_declared_transaction_price,residential_sales,Ayuntamiento de Madrid,Colegio de Registradores de España,0504020100060,15,97.7
MAD-082,082,Fuentelarreina,08,Fuencarral - El Pardo,5341.25,,5341.25,101.05,,100.14,100,,100.0,True,False,True,2025,EUR_per_m2,mean_declared_transaction_price,residential_sales,Ayuntamiento de Madrid,Colegio de Registradores de España,0504020100060,15,97.7
MAD-083,083,Peñagrande,08,Fuencarral - El Pardo,5467.26,6732.75,5163.55,103.43,133.55,96.81,100,123.15,94.44,True,True,True,2025,EUR_per_m2,mean_declared_transaction_price,residential_sales,Ayuntamiento de Madrid,Colegio de Registradores de España,0504020100060,15,97.7
MAD-084,084,Pilar,08,Fuencarral - El Pardo,5064.58,5086.99,5054.77,95.82,100.9,94.77,100,100.44,99.81,True,True,True,2025,EUR_per_m2,mean_declared_transaction_price,residential_sales,Ayuntamiento de Madrid,Colegio de Registradores de España,0504020100060,15,97.7
MAD-085,085,La Paz,08,Fuencarral - El Pardo,5106.44,4970.77,5141.7,96.61,98.6,96.4,100,97.34,100.69,True,True,True,2025,EUR_per_m2,mean_declared_transaction_price,residential_sales,Ayuntamiento de Madrid,Colegio de Registradores de España,0504020100060,15,97.7
MAD-086,086,Valverde,08,Fuencarral - El Pardo,4878.72,5192.64,4802.08,92.3,103.0,90.03,100,106.43,98.43,True,True,True,2025,EUR_per_m2,mean_declared_transaction_price,residential_sales,Ayuntamiento de Madrid,Colegio de Registradores de España,0504020100060,15,97.7
MAD-087,087,Mirasierra,08,Fuencarral - El Pardo,6402.83,6327.05,6504.26,121.13,125.5,121.95,100,98.82,101.58,True,True,True,2025,EUR_per_m2,mean_declared_transaction_price,residential_sales,Ayuntamiento de Madrid,Colegio de Registradores de España,0504020100060,15,97.7
MAD-088,088,El Goloso,08,Fuencarral - El Pardo,7247.17,6957.66,7479.91,137.11,138.01,140.24,100,96.01,103.21,True,True,True,2025,EUR_per_m2,mean_declared_transaction_price,residential_sales,Ayuntamiento de Madrid,Colegio de Registradores de España,0504020100060,15,97.7
MAD-091,091,Casa de Campo,09,Moncloa - Aravaca,5378.62,5646.52,5294.9,101.76,112.0,99.27,100,104.98,98.44,True,True,True,2025,EUR_per_m2,mean_declared_transaction_price,residential_sales,Ayuntamiento de Madrid,Colegio de Registradores de España,0504020100060,15,97.7
MAD-092,092,Argüelles,09,Moncloa - Aravaca,7554.87,8220.88,7268.41,142.93,163.07,136.28,100,108.82,96.21,True,True,True,2025,EUR_per_m2,mean_declared_transaction_price,residential_sales,Ayuntamiento de Madrid,Colegio de Registradores de España,0504020100060,15,97.7
MAD-093,093,Ciudad Universitaria,09,Moncloa - Aravaca,5822.75,5624.2,5871.13,110.16,111.56,110.08,100,96.59,100.83,True,True,True,2025,EUR_per_m2,mean_declared_transaction_price,residential_sales,Ayuntamiento de Madrid,Colegio de Registradores de España,0504020100060,15,97.7
MAD-094,094,Valdezarza,09,Moncloa - Aravaca,4484.04,,4492.18,84.83,,84.22,100,,100.18,True,False,True,2025,EUR_per_m2,mean_declared_transaction_price,residential_sales,Ayuntamiento de Madrid,Colegio de Registradores de España,0504020100060,15,97.7
MAD-095,095,Valdemarín,09,Moncloa - Aravaca,6710.42,,6791.61,126.95,,127.34,100,,101.21,True,False,True,2025,EUR_per_m2,mean_declared_transaction_price,residential_sales,Ayuntamiento de Madrid,Colegio de Registradores de España,0504020100060,15,97.7
MAD-096,096,El Plantío,09,Moncloa - Aravaca,5946.59,,6044.92,112.5,,113.34,100,,101.65,True,False,True,2025,EUR_per_m2,mean_declared_transaction_price,residential_sales,Ayuntamiento de Madrid,Colegio de Registradores de España,0504020100060,15,97.7
MAD-097,097,Aravaca,09,Moncloa - Aravaca,5644.82,5855.11,5602.76,106.79,116.14,105.05,100,103.73,99.25,True,True,True,2025,EUR_per_m2,mean_declared_transaction_price,residential_sales,Ayuntamiento de Madrid,Colegio de Registradores de España,0504020100060,15,97.7
MAD-101,101,Los Cármenes,10,Latina,3502.59,3570.2,3486.71,66.27,70.82,65.37,100,101.93,99.55,True,True,True,2025,EUR_per_m2,mean_declared_transaction_price,residential_sales,Ayuntamiento de Madrid,Colegio de Registradores de España,0504020100060,15,97.7
MAD-102,102,Puerta del Ángel,10,Latina,4033.3,3894.92,4070.22,76.31,77.26,76.31,100,96.57,100.92,True,True,True,2025,EUR_per_m2,mean_declared_transaction_price,residential_sales,Ayuntamiento de Madrid,Colegio de Registradores de España,0504020100060,15,97.7
MAD-103,103,Lucero,10,Latina,3310.43,3719.24,3258.35,62.63,73.77,61.09,100,112.35,98.43,True,True,True,2025,EUR_per_m2,mean_declared_transaction_price,residential_sales,Ayuntamiento de Madrid,Colegio de Registradores de España,0504020100060,15,97.7
MAD-104,104,Aluche,10,Latina,3360.3,3209.44,3376.52,63.57,63.66,63.31,100,95.51,100.48,True,True,True,2025,EUR_per_m2,mean_declared_transaction_price,residential_sales,Ayuntamiento de Madrid,Colegio de Registradores de España,0504020100060,15,97.7
MAD-105,105,Campamento,10,Latina,3295.84,2607.11,3387.35,62.35,51.71,63.51,100,79.1,102.78,True,True,True,2025,EUR_per_m2,mean_declared_transaction_price,residential_sales,Ayuntamiento de Madrid,Colegio de Registradores de España,0504020100060,15,97.7
MAD-106,106,Cuatro Vientos,10,Latina,4673.53,4905.69,4320.01,88.42,97.31,81.0,100,104.97,92.44,True,True,True,2025,EUR_per_m2,mean_declared_transaction_price,residential_sales,Ayuntamiento de Madrid,Colegio de Registradores de España,0504020100060,15,97.7
MAD-107,107,Águilas,10,Latina,3231.64,3334.33,3216.08,61.14,66.14,60.3,100,103.18,99.52,True,True,True,2025,EUR_per_m2,mean_declared_transaction_price,residential_sales,Ayuntamiento de Madrid,Colegio de Registradores de España,0504020100060,15,97.7
MAD-111,111,Comillas,11,Carabanchel,4105.51,3972.85,4116.68,77.67,78.8,77.18,100,96.77,100.27,True,True,True,2025,EUR_per_m2,mean_declared_transaction_price,residential_sales,Ayuntamiento de Madrid,Colegio de Registradores de España,0504020100060,15,97.7
MAD-112,112,Opañel,11,Carabanchel,3500.89,3794.8,3469.85,66.23,75.27,65.06,100,108.4,99.11,True,True,True,2025,EUR_per_m2,mean_declared_transaction_price,residential_sales,Ayuntamiento de Madrid,Colegio de Registradores de España,0504020100060,15,97.7
MAD-113,113,San Isidro,11,Carabanchel,3670.03,3814.61,3640.52,69.43,75.66,68.26,100,103.94,99.2,True,True,True,2025,EUR_per_m2,mean_declared_transaction_price,residential_sales,Ayuntamiento de Madrid,Colegio de Registradores de España,0504020100060,15,97.7
MAD-114,114,Vista Alegre,11,Carabanchel,3213.22,3397.75,3199.1,60.79,67.4,59.98,100,105.74,99.56,True,True,True,2025,EUR_per_m2,mean_declared_transaction_price,residential_sales,Ayuntamiento de Madrid,Colegio de Registradores de España,0504020100060,15,97.7
MAD-115,115,Puerta Bonita,11,Carabanchel,2905.06,3002.39,2894.81,54.96,59.55,54.28,100,103.35,99.65,True,True,True,2025,EUR_per_m2,mean_declared_transaction_price,residential_sales,Ayuntamiento de Madrid,Colegio de Registradores de España,0504020100060,15,97.7
MAD-116,116,Buenavista,11,Carabanchel,3291.57,3407.81,3269.2,62.27,67.6,61.29,100,103.53,99.32,True,True,True,2025,EUR_per_m2,mean_declared_transaction_price,residential_sales,Ayuntamiento de Madrid,Colegio de Registradores de España,0504020100060,15,97.7
MAD-117,117,Abrantes,11,Carabanchel,2912.9,,2885.23,55.11,,54.1,100,,99.05,True,False,True,2025,EUR_per_m2,mean_declared_transaction_price,residential_sales,Ayuntamiento de Madrid,Colegio de Registradores de España,0504020100060,15,97.7
MAD-121,121,Orcasitas,12,Usera,2357.51,,2366.82,44.6,,44.38,100,,100.39,True,False,True,2025,EUR_per_m2,mean_declared_transaction_price,residential_sales,Ayuntamiento de Madrid,Colegio de Registradores de España,0504020100060,15,97.7
MAD-122,122,Orcasur,12,Usera,3403.28,,3399.29,64.39,,63.73,100,,99.88,True,False,True,2025,EUR_per_m2,mean_declared_transaction_price,residential_sales,Ayuntamiento de Madrid,Colegio de Registradores de España,0504020100060,15,97.7
MAD-123,123,San Fermín,12,Usera,2755.18,,2725.91,52.12,,51.11,100,,98.94,True,False,True,2025,EUR_per_m2,mean_declared_transaction_price,residential_sales,Ayuntamiento de Madrid,Colegio de Registradores de España,0504020100060,15,97.7
MAD-124,124,Almendrales,12,Usera,4323.83,4988.05,3674.06,81.8,98.94,68.89,100,115.36,84.97,True,True,True,2025,EUR_per_m2,mean_declared_transaction_price,residential_sales,Ayuntamiento de Madrid,Colegio de Registradores de España,0504020100060,15,97.7
MAD-125,125,Moscardó,12,Usera,3739.18,4123.27,3701.66,70.74,81.79,69.4,100,110.27,99.0,True,True,True,2025,EUR_per_m2,mean_declared_transaction_price,residential_sales,Ayuntamiento de Madrid,Colegio de Registradores de España,0504020100060,15,97.7
MAD-126,126,Zofío,12,Usera,3089.05,,3088.21,58.44,,57.9,100,,99.97,True,False,True,2025,EUR_per_m2,mean_declared_transaction_price,residential_sales,Ayuntamiento de Madrid,Colegio de Registradores de España,0504020100060,15,97.7
MAD-127,127,Pradolongo,12,Usera,3390.16,,3333.54,64.14,,62.5,100,,,True,False,True,2025,EUR_per_m2,mean_declared_transaction_price,residential_sales,Ayuntamiento de Madrid,Colegio de Registradores de España,0504020100060,15,97.7
MAD-131,131,Entrevías,13,Puente de Vallecas,2430.16,2472.77,2390.0,45.98,49.05,44.81,100,101.75,98.35,True,True,True,2025,EUR_per_m2,mean_declared_transaction_price,residential_sales,Ayuntamiento de Madrid,Colegio de Registradores de España,0504020100060,15,97.7
MAD-132,132,San Diego,13,Puente de Vallecas,3078.32,3199.39,3025.25,58.24,63.46,56.72,100,103.93,98.28,True,True,True,2025,EUR_per_m2,mean_declared_transaction_price,residential_sales,Ayuntamiento de Madrid,Colegio de Registradores de España,0504020100060,15,97.7
MAD-133,133,Palomeras Bajas,13,Puente de Vallecas,2985.52,3055.18,2976.81,56.48,60.6,55.81,100,102.33,99.71,True,True,True,2025,EUR_per_m2,mean_declared_transaction_price,residential_sales,Ayuntamiento de Madrid,Colegio de Registradores de España,0504020100060,15,97.7
MAD-134,134,Palomeras Sureste,13,Puente de Vallecas,2701.36,2664.74,2703.43,51.11,52.86,50.69,100,98.64,100.08,True,True,True,2025,EUR_per_m2,mean_declared_transaction_price,residential_sales,Ayuntamiento de Madrid,Colegio de Registradores de España,0504020100060,15,97.7
MAD-135,135,Portazgo,13,Puente de Vallecas,2703.76,2621.25,2720.65,51.15,51.99,51.01,100,96.95,100.62,True,True,True,2025,EUR_per_m2,mean_declared_transaction_price,residential_sales,Ayuntamiento de Madrid,Colegio de Registradores de España,0504020100060,15,97.7
MAD-136,136,Numancia,13,Puente de Vallecas,3239.46,3122.09,3257.48,61.29,61.93,61.07,100,96.38,100.56,True,True,True,2025,EUR_per_m2,mean_declared_transaction_price,residential_sales,Ayuntamiento de Madrid,Colegio de Registradores de España,0504020100060,15,97.7
MAD-141,141,Pavones,14,Moratalaz,3721.75,,3775.66,70.41,,70.79,100,,101.45,True,False,True,2025,EUR_per_m2,mean_declared_transaction_price,residential_sales,Ayuntamiento de Madrid,Colegio de Registradores de España,0504020100060,15,97.7
MAD-142,142,Horcajo,14,Moratalaz,4736.6,,4770.22,89.61,,89.44,100,,1.69,True,False,True,2025,EUR_per_m2,mean_declared_transaction_price,residential_sales,Ayuntamiento de Madrid,Colegio de Registradores de España,0504020100060,15,97.7
MAD-143,143,Marroquina,14,Moratalaz,4301.17,,4304.77,81.37,,80.71,100,,100.08,True,False,True,2025,EUR_per_m2,mean_declared_transaction_price,residential_sales,Ayuntamiento de Madrid,Colegio de Registradores de España,0504020100060,15,97.7
MAD-144,144,Media Legua,14,Moratalaz,3876.72,,3874.56,73.34,,72.64,100,,99.94,True,False,True,2025,EUR_per_m2,mean_declared_transaction_price,residential_sales,Ayuntamiento de Madrid,Colegio de Registradores de España,0504020100060,15,97.7
MAD-145,145,Fontarrón,14,Moratalaz,3770.04,,3769.61,71.33,,70.68,100,,99.99,True,False,True,2025,EUR_per_m2,mean_declared_transaction_price,residential_sales,Ayuntamiento de Madrid,Colegio de Registradores de España,0504020100060,15,97.7
MAD-146,146,Vinateros,14,Moratalaz,3899.66,,3903.82,73.78,,73.19,100,,100.11,True,False,True,2025,EUR_per_m2,mean_declared_transaction_price,residential_sales,Ayuntamiento de Madrid,Colegio de Registradores de España,0504020100060,15,97.7
MAD-151,151,Ventas,15,Ciudad Lineal,4133.07,4698.96,4105.16,78.19,93.21,76.97,100,113.69,99.32,True,True,True,2025,EUR_per_m2,mean_declared_transaction_price,residential_sales,Ayuntamiento de Madrid,Colegio de Registradores de España,0504020100060,15,97.7
MAD-152,152,Pueblo Nuevo,15,Ciudad Lineal,3794.82,,3796.24,71.79,,71.18,100,,100.04,True,False,True,2025,EUR_per_m2,mean_declared_transaction_price,residential_sales,Ayuntamiento de Madrid,Colegio de Registradores de España,0504020100060,15,97.7
MAD-153,153,Quintana,15,Ciudad Lineal,4436.01,,4420.93,83.92,,82.89,100,,99.66,True,False,True,2025,EUR_per_m2,mean_declared_transaction_price,residential_sales,Ayuntamiento de Madrid,Colegio de Registradores de España,0504020100060,15,97.7
MAD-154,154,La Concepción,15,Ciudad Lineal,5658.13,,5654.88,107.05,,106.02,100,,99.94,True,False,True,2025,EUR_per_m2,mean_declared_transaction_price,residential_sales,Ayuntamiento de Madrid,Colegio de Registradores de España,0504020100060,15,97.7
MAD-155,155,San Pascual,15,Ciudad Lineal,5566.9,,5566.9,105.32,,104.37,100,,100.0,True,False,True,2025,EUR_per_m2,mean_declared_transaction_price,residential_sales,Ayuntamiento de Madrid,Colegio de Registradores de España,0504020100060,15,97.7
MAD-156,156,San Juan Bautista,15,Ciudad Lineal,5764.6,6805.53,5515.88,109.06,134.99,103.42,100,118.06,95.69,True,True,True,2025,EUR_per_m2,mean_declared_transaction_price,residential_sales,Ayuntamiento de Madrid,Colegio de Registradores de España,0504020100060,15,97.7
MAD-157,157,Colina,15,Ciudad Lineal,6519.78,,6437.39,123.35,,120.7,100,,98.74,True,False,True,2025,EUR_per_m2,mean_declared_transaction_price,residential_sales,Ayuntamiento de Madrid,Colegio de Registradores de España,0504020100060,15,97.7
MAD-158,158,Atalaya,15,Ciudad Lineal,7800.28,,7360.97,147.57,,138.01,100,,94.37,True,False,True,2025,EUR_per_m2,mean_declared_transaction_price,residential_sales,Ayuntamiento de Madrid,Colegio de Registradores de España,0504020100060,15,97.7
MAD-159,159,Costillares,15,Ciudad Lineal,5957.08,6579.7,5866.21,112.7,130.51,109.99,100,110.45,98.47,True,True,True,2025,EUR_per_m2,mean_declared_transaction_price,residential_sales,Ayuntamiento de Madrid,Colegio de Registradores de España,0504020100060,15,97.7
MAD-161,161,Palomas,16,Hortaleza,5435.02,,5367.21,102.82,,100.63,100,,98.75,True,False,True,2025,EUR_per_m2,mean_declared_transaction_price,residential_sales,Ayuntamiento de Madrid,Colegio de Registradores de España,0504020100060,15,97.7
MAD-162,162,Piovera,16,Hortaleza,6502.07,,6595.85,123.01,,123.67,100,,101.44,True,False,True,2025,EUR_per_m2,mean_declared_transaction_price,residential_sales,Ayuntamiento de Madrid,Colegio de Registradores de España,0504020100060,15,97.7
MAD-163,163,Canillas,16,Hortaleza,4785.95,5127.87,4731.96,90.54,101.71,88.72,100,107.14,98.87,True,True,True,2025,EUR_per_m2,mean_declared_transaction_price,residential_sales,Ayuntamiento de Madrid,Colegio de Registradores de España,0504020100060,15,97.7
MAD-164,164,Pinar del Rey,16,Hortaleza,4266.54,4332.88,4251.86,80.72,85.94,79.72,100,101.55,99.66,True,True,True,2025,EUR_per_m2,mean_declared_transaction_price,residential_sales,Ayuntamiento de Madrid,Colegio de Registradores de España,0504020100060,15,97.7
MAD-165,165,Apóstol Santiago,16,Hortaleza,4162.46,4605.35,4096.02,78.75,91.35,76.8,100,110.64,98.4,True,True,True,2025,EUR_per_m2,mean_declared_transaction_price,residential_sales,Ayuntamiento de Madrid,Colegio de Registradores de España,0504020100060,15,97.7
MAD-166,166,Valdefuentes,16,Hortaleza,5977.26,5655.9,6072.64,113.08,112.19,113.86,100,94.62,101.6,True,True,True,2025,EUR_per_m2,mean_declared_transaction_price,residential_sales,Ayuntamiento de Madrid,Colegio de Registradores de España,0504020100060,15,97.7
MAD-171,171,Villaverde Alto - Casco Histórico de Villaverde,17,Villaverde,2928.26,,2901.12,55.4,,54.39,100,,99.07,True,False,True,2025,EUR_per_m2,mean_declared_transaction_price,residential_sales,Ayuntamiento de Madrid,Colegio de Registradores de España,0504020100060,15,97.7
MAD-172,172,San Cristóbal,17,Villaverde,1909.6,1746.72,1942.18,36.13,34.65,36.41,100,91.47,101.71,True,True,True,2025,EUR_per_m2,mean_declared_transaction_price,residential_sales,Ayuntamiento de Madrid,Colegio de Registradores de España,0504020100060,15,97.7
MAD-173,173,Butarque,17,Villaverde,3143.01,2580.54,3236.76,59.46,51.19,60.69,100,82.1,102.98,True,True,True,2025,EUR_per_m2,mean_declared_transaction_price,residential_sales,Ayuntamiento de Madrid,Colegio de Registradores de España,0504020100060,15,97.7
MAD-174,174,Los Rosales,17,Villaverde,2807.4,2788.24,2812.21,53.11,55.31,52.73,100,99.32,100.17,True,True,True,2025,EUR_per_m2,mean_declared_transaction_price,residential_sales,Ayuntamiento de Madrid,Colegio de Registradores de España,0504020100060,15,97.7
MAD-175,175,Ángeles,17,Villaverde,2956.03,,2898.11,55.92,,54.34,100,,98.04,True,False,True,2025,EUR_per_m2,mean_declared_transaction_price,residential_sales,Ayuntamiento de Madrid,Colegio de Registradores de España,0504020100060,15,97.7
MAD-181,181,Casco Histórico de Vallecas,18,Villa de Vallecas,2915.21,3038.78,2884.21,55.15,60.28,54.08,100,104.24,98.94,True,True,True,2025,EUR_per_m2,mean_declared_transaction_price,residential_sales,Ayuntamiento de Madrid,Colegio de Registradores de España,0504020100060,15,97.7
MAD-182,182,Santa Eugenia,18,Villa de Vallecas,2899.99,,2896.34,54.86,,54.3,100,,99.87,True,False,True,2025,EUR_per_m2,mean_declared_transaction_price,residential_sales,Ayuntamiento de Madrid,Colegio de Registradores de España,0504020100060,15,97.7
MAD-183,183,Ensanche de Vallecas,18,Villa de Vallecas,3552.31,4156.76,3373.46,67.21,82.45,63.25,100,117.02,94.97,True,True,True,2025,EUR_per_m2,mean_declared_transaction_price,residential_sales,Ayuntamiento de Madrid,Colegio de Registradores de España,0504020100060,15,97.7
MAD-191,191,Casco Histórico de Vicálvaro,19,Vicálvaro,3355.2,4208.82,3277.82,63.48,83.48,61.46,100,125.44,97.69,True,True,True,2025,EUR_per_m2,mean_declared_transaction_price,residential_sales,Ayuntamiento de Madrid,Colegio de Registradores de España,0504020100060,15,97.7
MAD-192,192,Valdebernardo,19,Vicálvaro,4117.97,,3970.75,77.91,,74.45,100,,96.42,True,False,True,2025,EUR_per_m2,mean_declared_transaction_price,residential_sales,Ayuntamiento de Madrid,Colegio de Registradores de España,0504020100060,15,97.7
MAD-193,193,Valderrivas,19,Vicálvaro,3546.72,,3547.8,67.1,,66.52,100,,100.03,True,False,True,2025,EUR_per_m2,mean_declared_transaction_price,residential_sales,Ayuntamiento de Madrid,Colegio de Registradores de España,0504020100060,15,97.7
MAD-194,194,El Cañaveral,19,Vicálvaro,4587.55,4652.24,4116.01,86.79,92.28,77.17,100,101.41,89.72,True,True,True,2025,EUR_per_m2,mean_declared_transaction_price,residential_sales,Ayuntamiento de Madrid,Colegio de Registradores de España,0504020100060,15,97.7
MAD-201,201,Simancas,20,San Blas - Canillejas,3690.7,4476.19,3642.33,69.82,88.79,68.29,100,121.28,98.69,True,True,True,2025,EUR_per_m2,mean_declared_transaction_price,residential_sales,Ayuntamiento de Madrid,Colegio de Registradores de España,0504020100060,15,97.7
MAD-202,202,Hellín,20,San Blas - Canillejas,2498.86,,2486.9,47.28,,46.63,100,,99.52,True,False,True,2025,EUR_per_m2,mean_declared_transaction_price,residential_sales,Ayuntamiento de Madrid,Colegio de Registradores de España,0504020100060,15,97.7
MAD-203,203,Amposta,20,San Blas - Canillejas,2544.1,2502.63,2601.57,48.13,49.64,48.78,100,98.37,102.26,True,True,True,2025,EUR_per_m2,mean_declared_transaction_price,residential_sales,Ayuntamiento de Madrid,Colegio de Registradores de España,0504020100060,15,97.7
MAD-204,204,Arcos,20,San Blas - Canillejas,3145.08,2752.75,3795.76,59.5,54.6,71.17,100,87.53,120.69,True,True,True,2025,EUR_per_m2,mean_declared_transaction_price,residential_sales,Ayuntamiento de Madrid,Colegio de Registradores de España,0504020100060,15,97.7
MAD-205,205,Rosas,20,San Blas - Canillejas,4493.65,,4534.04,85.01,,85.01,100,,100.9,True,False,True,2025,EUR_per_m2,mean_declared_transaction_price,residential_sales,Ayuntamiento de Madrid,Colegio de Registradores de España,0504020100060,15,97.7
MAD-206,206,Rejas,20,San Blas - Canillejas,3580.16,3298.72,3623.35,67.73,65.43,67.93,100,92.14,101.21,True,True,True,2025,EUR_per_m2,mean_declared_transaction_price,residential_sales,Ayuntamiento de Madrid,Colegio de Registradores de España,0504020100060,15,97.7
MAD-207,207,Canillejas,20,San Blas - Canillejas,3409.64,,3396.99,64.51,,63.69,100,,99.63,True,False,True,2025,EUR_per_m2,mean_declared_transaction_price,residential_sales,Ayuntamiento de Madrid,Colegio de Registradores de España,0504020100060,15,97.7
MAD-208,208,El Salvador,20,San Blas - Canillejas,4735.53,,4522.39,89.59,,84.79,100,,95.5,True,False,True,2025,EUR_per_m2,mean_declared_transaction_price,residential_sales,Ayuntamiento de Madrid,Colegio de Registradores de España,0504020100060,15,97.7
MAD-211,211,Alameda de Osuna,21,Barajas,5052.01,6007.94,4710.05,95.58,119.17,88.31,100,118.92,93.23,True,True,True,2025,EUR_per_m2,mean_declared_transaction_price,residential_sales,Ayuntamiento de Madrid,Colegio de Registradores de España,0504020100060,15,97.7
MAD-212,212,Aeropuerto,21,Barajas,,,,,,,100,,,False,False,False,2025,EUR_per_m2,mean_declared_transaction_price,residential_sales,Ayuntamiento de Madrid,Colegio de Registradores de España,0504020100060,15,97.7
MAD-213,213,Casco Histórico de Barajas,21,Barajas,3962.41,,3896.97,74.96,,73.06,100,,98.35,True,False,True,2025,EUR_per_m2,mean_declared_transaction_price,residential_sales,Ayuntamiento de Madrid,Colegio de Registradores de España,0504020100060,15,97.7
MAD-214,214,Timón,21,Barajas,4418.93,,4309.06,83.6,,80.79,100,,97.51,True,False,True,2025,EUR_per_m2,mean_declared_transaction_price,residential_sales,Ayuntamiento de Madrid,Colegio de Registradores de España,0504020100060,15,97.7
MAD-215,215,Corralejos,21,Barajas,4890.3,,4902.36,92.52,,91.91,100,,100.25,True,False,True,2025,EUR_per_m2,mean_declared_transaction_price,residential_sales,Ayuntamiento de Madrid,Colegio de Registradores de España,0504020100060,15,97.7
