zone_key,neighborhood_code,neighborhood_name,district_code,district_name,latitude,longitude,area_km2
MAD-011,011,Palacio,01,Centro,40.41497123669304,-3.715595661419112,1.4699059326207973
MAD-012,012,Embajadores,01,Centro,40.409558196939905,-3.701533658424557,1.0337244899186366
MAD-013,013,Cortes,01,Centro,40.41444487646672,-3.698547352497454,0.5918742443303456
MAD-014,014,Justicia,01,Centro,40.423894598841976,-3.695811811388121,0.7394134921114507
MAD-015,015,Universidad,01,Centro,40.42536457227763,-3.7066742990243906,0.9480263834658934
MAD-016,016,Sol,01,Centro,40.41692666103148,-3.7044530014912276,0.44530096628575877
MAD-021,021,Imperial,02,Arganzuela,40.40692683430454,-3.7174315297367873,0.9676793152118239
MAD-022,022,Acacias,02,Arganzuela,40.400960443463894,-3.706855352481915,1.0734368293502585
MAD-023,023,Chopera,02,Arganzuela,40.3947953761719,-3.6995282337980866,0.5677869772391487
MAD-024,024,Legazpi,02,Arganzuela,40.38808872777946,-3.6886110287233684,1.414470938562593
MAD-025,025,Delicias,02,Arganzuela,40.39615353670448,-3.688428520446217,1.0546790540806759
MAD-026,026,Palos de la Frontera,02,Arganzuela,40.403299428891025,-3.694958648859634,0.6484416434902832
MAD-027,027,Atocha,02,Arganzuela,40.39967677972614,-3.681177122440861,0.7356811561154942
MAD-031,031,Pacífico,03,Retiro,40.403214363146546,-3.6787757132564285,0.7582502660614963
MAD-032,032,Adelfas,03,Retiro,40.40067212863422,-3.6715626425637518,0.6407891914818422
MAD-033,033,Estrella,03,Retiro,40.41382856573583,-3.6653625767558187,1.025524263834834
MAD-034,034,Ibiza,03,Retiro,40.418761479517585,-3.6740657254119267,0.4919686765065776
MAD-035,035,Los Jerónimos,03,Retiro,40.41347896333984,-3.6850726453452154,1.9063982573718146
MAD-036,036,Niño Jesús,03,Retiro,40.41191037423776,-3.6731243107095235,0.6432805356932091
MAD-041,041,Recoletos,04,Salamanca,40.42383728244189,-3.6856391429903343,0.8731449389980444
MAD-042,042,Goya,04,Salamanca,40.42529348449877,-3.6743982684910463,0.7702935059023226
MAD-043,043,Fuente del Berro,04,Salamanca,40.42515397393525,-3.664219408712788,0.8525757759058553
MAD-044,044,Guindalera,04,Salamanca,40.4365301810946,-3.6680653990476575,1.6027900549238843
MAD-045,045,Lista,04,Salamanca,40.432896913035464,-3.6762251871685367,0.5202145110022889
MAD-046,046,Castellana,04,Salamanca,40.4333811479077,-3.683963562263993,0.7733853114971492
MAD-051,051,El Viso,05,Chamartín,40.44523032696901,-3.6848321740171075,1.7092332586023118
MAD-052,052,Prosperidad,05,Chamartín,40.445431963891764,-3.6666576163143825,1.0400578899176272
MAD-053,053,Ciudad Jardín,05,Chamartín,40.446888009365466,-3.67402531852014,0.7623093607643167
MAD-054,054,Hispanoamérica,05,Chamartín,40.45561062956557,-3.676959707587443,1.71252267619237
MAD-055,055,Nueva España,05,Chamartín,40.46277122906753,-3.678034024844448,1.7900950907075954
MAD-056,056,Castilla,05,Chamartín,40.47469790338341,-3.6804616939594816,2.1612638485429305
MAD-061,061,Bellas Vistas,06,Tetuán,40.45205134182325,-3.707383026310552,0.715170087521547
MAD-062,062,Cuatro Caminos,06,Tetuán,40.45197019645254,-3.6969660680349623,1.185034683406133
MAD-063,063,Castillejos,06,Tetuán,40.46098235842083,-3.6940440381572195,0.7046810481630805
MAD-064,064,Almenara,06,Tetuán,40.46982090765559,-3.6940087021245334,0.9993673144898662
MAD-065,065,Valdeacederas,06,Tetuán,40.46685967362852,-3.7043373340165764,1.1634087549546863
MAD-066,066,Berruguete,06,Tetuán,40.45892667247497,-3.7053588342511823,0.6070633615272301
MAD-071,071,Gaztambide,07,Chamberí,40.43446435268885,-3.714828291032597,0.5064782000449177
MAD-072,072,Arapiles,07,Chamberí,40.434524118875416,-3.7079105525720104,0.5782297476107077
MAD-073,073,Trafalgar,07,Chamberí,40.43330302647693,-3.701274271809081,0.6118785790925713
MAD-074,074,Almagro,07,Chamberí,40.432025482179355,-3.6930785245679902,0.9379406449021735
MAD-075,075,Ríos Rosas,07,Chamberí,40.44273595479475,-3.697848888052174,0.9754195540097396
MAD-076,076,Vallehermoso,07,Chamberí,40.442488488730035,-3.7115127091933324,1.0692383417377873
MAD-081,081,El Pardo,08,Fuencarral - El Pardo,40.555853510288244,-3.793384378932627,187.58324811299875
MAD-082,082,Fuentelarreina,08,Fuencarral - El Pardo,40.48035584938764,-3.7399533694135543,1.382643713673073
MAD-083,083,Peñagrande,08,Fuencarral - El Pardo,40.47774513210239,-3.727665312685572,2.8872711350553253
MAD-084,084,Pilar,08,Fuencarral - El Pardo,40.477002240824845,-3.709837297232115,1.3632118960385473
MAD-085,085,La Paz,08,Fuencarral - El Pardo,40.481958679938536,-3.69512568319084,2.1547546213351443
MAD-086,086,Valverde,08,Fuencarral - El Pardo,40.50097863594304,-3.6787354481495713,8.981228051887193
MAD-087,087,Mirasierra,08,Fuencarral - El Pardo,40.498270261850784,-3.717903364654304,6.99279671195027
MAD-088,088,El Goloso,08,Fuencarral - El Pardo,40.54012475675707,-3.6907914303875975,26.49311302609473
MAD-091,091,Casa de Campo,09,Moncloa - Aravaca,40.42391084424862,-3.747420356204335,17.476000249541194
MAD-092,092,Argüelles,09,Moncloa - Aravaca,40.428032169045444,-3.7175980845994885,0.7575311440462176
MAD-093,093,Ciudad Universitaria,09,Moncloa - Aravaca,40.45682782463693,-3.735862032518402,14.250852888752679
MAD-094,094,Valdezarza,09,Moncloa - Aravaca,40.46512683125214,-3.716945272936079,1.3974556294880116
MAD-095,095,Valdemarín,09,Moncloa - Aravaca,40.46823519636445,-3.7826794854676042,3.3024635221273253
MAD-096,096,El Plantío,09,Moncloa - Aravaca,40.46919306562863,-3.8194081178752275,3.5538544838553725
MAD-097,097,Aravaca,09,Moncloa - Aravaca,40.454137000278045,-3.7757237850822287,5.84879159909458
MAD-101,101,Los Cármenes,10,Latina,40.40094661258415,-3.738093272541695,1.2919988633499493
MAD-102,102,Puerta del Ángel,10,Latina,40.410189081088504,-3.731245463010738,1.3752975473238485
MAD-103,103,Lucero,10,Latina,40.402527511957175,-3.7526994277495613,1.6789952423564654
MAD-104,104,Aluche,10,Latina,40.39352401139113,-3.756377100414405,2.84980998163625
MAD-105,105,Campamento,10,Latina,40.38192386717164,-3.8054081110874396,9.174802086320692
MAD-106,106,Cuatro Vientos,10,Latina,40.36980784477177,-3.7829328488609524,5.4298810175298025
MAD-107,107,Águilas,10,Latina,40.38334248430787,-3.77229356827154,3.609602855702598
MAD-111,111,Comillas,11,Carabanchel,40.39246892488969,-3.711134261560546,0.6660961969481622
MAD-112,112,Opañel,11,Carabanchel,40.39154470335574,-3.7212920590119047,1.1072862271324153
MAD-113,113,San Isidro,11,Carabanchel,40.39704692392217,-3.726890598005159,1.8993317817490785
MAD-114,114,Vista Alegre,11,Carabanchel,40.38440106575844,-3.7454996634246163,1.5892253268743528
MAD-115,115,Puerta Bonita,11,Carabanchel,40.38047700194785,-3.7386231007243813,1.608625589107529
MAD-116,116,Buenavista,11,Carabanchel,40.36833282259222,-3.741476974737954,5.613180276465439
MAD-117,117,Abrantes,11,Carabanchel,40.3797052565313,-3.7257019972052676,1.5645703901128205
MAD-121,121,Orcasitas,12,Usera,40.36857739835916,-3.711996027859193,1.3563624409773984
MAD-122,122,Orcasur,12,Usera,40.37378483496347,-3.6987574008842414,1.3873504714693787
MAD-123,123,San Fermín,12,Usera,40.371754271931955,-3.690311348467138,1.4753989273405832
MAD-124,124,Almendrales,12,Usera,40.38371965812441,-3.698932607694997,0.7801400890926491
MAD-125,125,Moscardó,12,Usera,40.39032407936774,-3.705216517356549,0.9087873032790089
MAD-126,126,Zofío,12,Usera,40.379462101618685,-3.715318002119352,0.774025402246522
MAD-127,127,Pradolongo,12,Usera,40.378245601333646,-3.7062142611494364,1.0956521049663857
MAD-131,131,Entrevías,13,Puente de Vallecas,40.37744032504029,-3.6746069213095764,5.97194141816869
MAD-132,132,San Diego,13,Puente de Vallecas,40.38944015144378,-3.6683612181475413,1.0698683824972552
MAD-133,133,Palomeras Bajas,13,Puente de Vallecas,40.385221755836795,-3.658490939078436,1.7238686550136406
MAD-134,134,Palomeras Sureste,13,Puente de Vallecas,40.385430879927796,-3.6354453762591596,3.1085976398609345
MAD-135,135,Portazgo,13,Puente de Vallecas,40.39020477570111,-3.64813018674609,1.2452604929054933
MAD-136,136,Numancia,13,Puente de Vallecas,40.39908327721852,-3.6582165864212364,1.849069282940279
MAD-141,141,Pavones,14,Moratalaz,40.398439993769706,-3.63239407055411,1.0096522574725764
MAD-142,142,Horcajo,14,Moratalaz,40.40842722779663,-3.6268104577201505,0.7459453835428826
MAD-143,143,Marroquina,14,Moratalaz,40.41004677243245,-3.6412865625475876,1.7901105516105358
MAD-144,144,Media Legua,14,Moratalaz,40.4119490069539,-3.657061746035302,0.9989677777837248
MAD-145,145,Fontarrón,14,Moratalaz,40.4017098256343,-3.644320900412743,0.964573767320897
MAD-146,146,Vinateros,14,Moratalaz,40.40534438789379,-3.6446444784671033,0.5939180165704846
MAD-151,151,Ventas,15,Ciudad Lineal,40.4235334721259,-3.649845514014003,3.198035193944828
MAD-152,152,Pueblo Nuevo,15,Ciudad Lineal,40.425199928020724,-3.636002926225509,2.3192168379176565
MAD-153,153,Quintana,15,Ciudad Lineal,40.437574022381185,-3.6431573099197463,0.7231174807261112
MAD-154,154,La Concepción,15,Ciudad Lineal,40.43922008562731,-3.6487907411883236,0.8859107822032398
MAD-155,155,San Pascual,15,Ciudad Lineal,40.442986830647904,-3.6538347398432443,1.0527246118157516
MAD-156,156,San Juan Bautista,15,Ciudad Lineal,40.45064655429456,-3.655837950556051,1.0108442117085648
MAD-157,157,Colina,15,Ciudad Lineal,40.458163952165926,-3.6597639988416595,0.5596993577022753
MAD-158,158,Atalaya,15,Ciudad Lineal,40.46370573517556,-3.6645537639539354,0.24888286174701926
MAD-159,159,Costillares,15,Ciudad Lineal,40.47539628405521,-3.6698630154562264,1.4272466216648498
MAD-161,161,Palomas,16,Hortaleza,40.4540101090425,-3.616167314474427,1.0688375002621542
MAD-162,162,Piovera,16,Hortaleza,40.4556209070038,-3.636285201329396,3.1396504193975963
MAD-163,163,Canillas,16,Hortaleza,40.46298463101707,-3.641644084647456,2.522508532394481
MAD-164,164,Pinar del Rey,16,Hortaleza,40.471774781321294,-3.64434129404993,2.6647674758307405
MAD-165,165,Apóstol Santiago,16,Hortaleza,40.475230157865674,-3.6604222682600347,1.2050700302236683
MAD-166,166,Valdefuentes,16,Hortaleza,40.490880287444234,-3.6370043243736534,17.023150033711797
MAD-171,171,Villaverde Alto - Casco Histórico de Villaverde,17,Villaverde,40.3430432910621,-3.7083639788142793,9.25404817022417
MAD-172,172,San Cristóbal,17,Villaverde,40.34169119894413,-3.6882853996969467,1.082492295218023
MAD-173,173,Butarque,17,Villaverde,40.34007885299069,-3.6734016656981408,6.3817638326563735
MAD-174,174,Los Rosales,17,Villaverde,40.355293625663904,-3.6884595735031267,1.5407470648877701
MAD-175,175,Ángeles,17,Villaverde,40.35529624840678,-3.700094903539585,1.9352716666144785
MAD-181,181,Casco Histórico de Vallecas,18,Villa de Vallecas,40.3475812630312,-3.61533001248343,42.989207047567604
MAD-182,182,Santa Eugenia,18,Villa de Vallecas,40.383607269059944,-3.6130550454787254,2.080232597259201
MAD-183,183,Ensanche de Vallecas,18,Villa de Vallecas,40.365795538206754,-3.599872570299117,6.341118450268343
MAD-191,191,Casco Histórico de Vicálvaro,19,Vicálvaro,40.393007485521814,-3.5795574870339597,21.07599961249816
MAD-192,192,Valdebernardo,19,Vicálvaro,40.396822131280466,-3.6186663010940654,2.5551164959160806
MAD-193,193,Valderrivas,19,Vicálvaro,40.398534570203104,-3.6038869824231785,0.6431238878285388
MAD-194,194,El Cañaveral,19,Vicálvaro,40.40460495045157,-3.549158562456463,10.56769000090184
MAD-201,201,Simancas,20,San Blas - Canillejas,40.43411698986753,-3.624674967231151,2.276342535861581
MAD-202,202,Hellín,20,San Blas - Canillejas,40.431124488825375,-3.616760459088244,0.5505553752941353
MAD-203,203,Amposta,20,San Blas - Canillejas,40.425885318554045,-3.6223984424283153,0.37025029800321235
MAD-204,204,Arcos,20,San Blas - Canillejas,40.42084466088115,-3.618401883753516,1.3051943101962487
MAD-205,205,Rosas,20,San Blas - Canillejas,40.429347701774375,-3.593694972906924,9.293703728083651
MAD-206,206,Rejas,20,San Blas - Canillejas,40.44401199238057,-3.569077486567472,5.01603278595688
MAD-207,207,Canillejas,20,San Blas - Canillejas,40.44276641643043,-3.6098919855345235,1.5977061959752672
MAD-208,208,El Salvador,20,San Blas - Canillejas,40.44417241587986,-3.627928511681246,1.880109737795261
MAD-211,211,Alameda de Osuna,21,Barajas,40.45729237498869,-3.591115653365268,2.031266997571686
MAD-212,212,Aeropuerto,21,Barajas,40.47941943172679,-3.557252067552487,29.66473087094861
MAD-213,213,Casco Histórico de Barajas,21,Barajas,40.47346591539705,-3.578165655434032,0.5493939972668788
MAD-214,214,Timón,21,Barajas,40.47632085358852,-3.603938522933315,4.7984388003793725
MAD-215,215,Corralejos,21,Barajas,40.46267914037393,-3.6058234294253126,4.672512184694732
