destination_id,transport_mode,profile_a,profile_b,intersection,union,jaccard
DEST_001,BICYCLE,balanced,price_priority,4,6,0.6666666666666666
DEST_001,BICYCLE,balanced,time_priority,2,8,0.25
DEST_001,BICYCLE,price_priority,time_priority,1,9,0.1111111111111111
DEST_001,CAR,balanced,price_priority,3,7,0.42857142857142855
DEST_001,CAR,balanced,time_priority,0,10,0.0
DEST_001,CAR,price_priority,time_priority,1,9,0.1111111111111111
DEST_001,TRANSIT,balanced,price_priority,4,6,0.6666666666666666
DEST_001,TRANSIT,balanced,time_priority,5,5,1.0
DEST_001,TRANSIT,price_priority,time_priority,4,6,0.6666666666666666
DEST_001,WALK,balanced,price_priority,4,6,0.6666666666666666
DEST_001,WALK,balanced,time_priority,0,10,0.0
DEST_001,WALK,price_priority,time_priority,1,9,0.1111111111111111
DEST_002,BICYCLE,balanced,price_priority,1,9,0.1111111111111111
DEST_002,BICYCLE,balanced,time_priority,2,8,0.25
DEST_002,BICYCLE,price_priority,time_priority,0,10,0.0
DEST_002,CAR,balanced,price_priority,0,10,0.0
DEST_002,CAR,balanced,time_priority,3,7,0.42857142857142855
DEST_002,CAR,price_priority,time_priority,0,10,0.0
DEST_002,TRANSIT,balanced,price_priority,3,7,0.42857142857142855
DEST_002,TRANSIT,balanced,time_priority,5,5,1.0
DEST_002,TRANSIT,price_priority,time_priority,3,7,0.42857142857142855
DEST_002,WALK,balanced,price_priority,1,9,0.1111111111111111
DEST_002,WALK,balanced,time_priority,2,8,0.25
DEST_002,WALK,price_priority,time_priority,1,9,0.1111111111111111
DEST_003,BICYCLE,balanced,price_priority,2,4,0.5
DEST_003,BICYCLE,balanced,time_priority,3,3,1.0
DEST_003,BICYCLE,price_priority,time_priority,2,4,0.5
DEST_003,CAR,balanced,price_priority,2,4,0.5
DEST_003,CAR,balanced,time_priority,3,3,1.0
DEST_003,CAR,price_priority,time_priority,2,4,0.5
DEST_003,TRANSIT,balanced,price_priority,3,5,0.6
DEST_003,TRANSIT,balanced,time_priority,4,4,1.0
DEST_003,TRANSIT,price_priority,time_priority,3,5,0.6
DEST_003,WALK,balanced,price_priority,2,4,0.5
DEST_003,WALK,balanced,time_priority,2,4,0.5
DEST_003,WALK,price_priority,time_priority,2,4,0.5
