destination_id,destination_name,transport_mode,transport_mode_label,profile_id,profile_name,price_weight,time_weight,anchor_zone_key,anchor_neighborhood_name,anchor_price_m2,anchor_commute_daily_minutes,anchor_is_pareto,independent_zone_key,anchor_matches_independent_reconstruction
DEST_001,Puerta del Sol,BICYCLE,Bicicleta,price_priority,Prioridad al precio,0.75,0.25,MAD-121,Orcasitas,2357.51,73.71666666666667,True,MAD-121,True
DEST_001,Puerta del Sol,BICYCLE,Bicicleta,balanced,Perfil equilibrado,0.5,0.5,MAD-102,Puerta del Ángel,4033.3,30.266666666666666,True,MAD-102,True
DEST_001,Puerta del Sol,BICYCLE,Bicicleta,time_priority,Prioridad al tiempo,0.25,0.75,MAD-016,Sol,7696.61,3.7,True,MAD-016,True
DEST_001,Puerta del Sol,CAR,Coche,price_priority,Prioridad al precio,0.75,0.25,MAD-121,Orcasitas,2357.51,28.416666666666664,True,MAD-121,True
DEST_001,Puerta del Sol,CAR,Coche,balanced,Perfil equilibrado,0.5,0.5,MAD-134,Palomeras Sureste,2701.36,24.366666666666667,True,MAD-134,True
DEST_001,Puerta del Sol,CAR,Coche,time_priority,Prioridad al tiempo,0.25,0.75,MAD-015,Universidad,7135.43,10.0,True,MAD-015,True
DEST_001,Puerta del Sol,TRANSIT,Transporte público,price_priority,Prioridad al precio,0.75,0.25,MAD-172,San Cristóbal,1909.6,139.71666666666667,True,MAD-172,True
DEST_001,Puerta del Sol,TRANSIT,Transporte público,balanced,Perfil equilibrado,0.5,0.5,MAD-102,Puerta del Ángel,4033.3,65.13333333333334,True,MAD-102,True
DEST_001,Puerta del Sol,TRANSIT,Transporte público,time_priority,Prioridad al tiempo,0.25,0.75,MAD-102,Puerta del Ángel,4033.3,65.13333333333334,True,MAD-102,True
DEST_001,Puerta del Sol,WALK,A pie,price_priority,Prioridad al precio,0.75,0.25,MAD-121,Orcasitas,2357.51,184.06666666666663,True,MAD-121,True
DEST_001,Puerta del Sol,WALK,A pie,balanced,Perfil equilibrado,0.5,0.5,MAD-102,Puerta del Ángel,4033.3,79.71666666666665,True,MAD-102,True
DEST_001,Puerta del Sol,WALK,A pie,time_priority,Prioridad al tiempo,0.25,0.75,MAD-016,Sol,7696.61,3.7,True,MAD-016,True
DEST_002,Nuevos Ministerios,BICYCLE,Bicicleta,price_priority,Prioridad al precio,0.75,0.25,MAD-203,Amposta,2544.1,75.61666666666667,True,MAD-203,True
DEST_002,Nuevos Ministerios,BICYCLE,Bicicleta,balanced,Perfil equilibrado,0.5,0.5,MAD-061,Bellas Vistas,5223.92,21.700000000000003,True,MAD-061,True
DEST_002,Nuevos Ministerios,BICYCLE,Bicicleta,time_priority,Prioridad al tiempo,0.25,0.75,MAD-062,Cuatro Caminos,6496.82,12.383333333333333,True,MAD-062,True
DEST_002,Nuevos Ministerios,CAR,Coche,price_priority,Prioridad al precio,0.75,0.25,MAD-203,Amposta,2544.1,27.716666666666665,True,MAD-203,True
DEST_002,Nuevos Ministerios,CAR,Coche,balanced,Perfil equilibrado,0.5,0.5,MAD-064,Almenara,4987.49,11.233333333333334,True,MAD-064,True
DEST_002,Nuevos Ministerios,CAR,Coche,time_priority,Prioridad al tiempo,0.25,0.75,MAD-062,Cuatro Caminos,6496.82,5.983333333333333,True,MAD-062,True
DEST_002,Nuevos Ministerios,TRANSIT,Transporte público,price_priority,Prioridad al precio,0.75,0.25,MAD-202,Hellín,2498.86,120.65,True,MAD-202,True
DEST_002,Nuevos Ministerios,TRANSIT,Transporte público,balanced,Perfil equilibrado,0.5,0.5,MAD-061,Bellas Vistas,5223.92,49.8,True,MAD-061,True
DEST_002,Nuevos Ministerios,TRANSIT,Transporte público,time_priority,Prioridad al tiempo,0.25,0.75,MAD-061,Bellas Vistas,5223.92,49.8,True,MAD-061,True
DEST_002,Nuevos Ministerios,WALK,A pie,price_priority,Prioridad al precio,0.75,0.25,MAD-203,Amposta,2544.1,217.2,True,MAD-203,True
DEST_002,Nuevos Ministerios,WALK,A pie,balanced,Perfil equilibrado,0.5,0.5,MAD-066,Berruguete,4789.99,61.133333333333326,True,MAD-066,True
DEST_002,Nuevos Ministerios,WALK,A pie,time_priority,Prioridad al tiempo,0.25,0.75,MAD-062,Cuatro Caminos,6496.82,23.933333333333337,True,MAD-062,True
DEST_003,UC3M Campus de Leganés,BICYCLE,Bicicleta,price_priority,Prioridad al precio,0.75,0.25,MAD-172,San Cristóbal,1909.6,79.53333333333333,True,MAD-172,True
DEST_003,UC3M Campus de Leganés,BICYCLE,Bicicleta,balanced,Perfil equilibrado,0.5,0.5,MAD-171,Villaverde Alto - Casco Histórico de Villaverde,2928.26,58.68333333333333,True,MAD-171,True
DEST_003,UC3M Campus de Leganés,BICYCLE,Bicicleta,time_priority,Prioridad al tiempo,0.25,0.75,MAD-171,Villaverde Alto - Casco Histórico de Villaverde,2928.26,58.68333333333333,True,MAD-171,True
DEST_003,UC3M Campus de Leganés,CAR,Coche,price_priority,Prioridad al precio,0.75,0.25,MAD-172,San Cristóbal,1909.6,28.1,True,MAD-172,True
DEST_003,UC3M Campus de Leganés,CAR,Coche,balanced,Perfil equilibrado,0.5,0.5,MAD-116,Buenavista,3291.57,16.016666666666666,True,MAD-116,True
DEST_003,UC3M Campus de Leganés,CAR,Coche,time_priority,Prioridad al tiempo,0.25,0.75,MAD-116,Buenavista,3291.57,16.016666666666666,True,MAD-116,True
DEST_003,UC3M Campus de Leganés,TRANSIT,Transporte público,price_priority,Prioridad al precio,0.75,0.25,MAD-172,San Cristóbal,1909.6,136.33333333333331,True,MAD-172,True
DEST_003,UC3M Campus de Leganés,TRANSIT,Transporte público,balanced,Perfil equilibrado,0.5,0.5,MAD-116,Buenavista,3291.57,51.61666666666667,True,MAD-116,True
DEST_003,UC3M Campus de Leganés,TRANSIT,Transporte público,time_priority,Prioridad al tiempo,0.25,0.75,MAD-116,Buenavista,3291.57,51.61666666666667,True,MAD-116,True
DEST_003,UC3M Campus de Leganés,WALK,A pie,price_priority,Prioridad al precio,0.75,0.25,MAD-172,San Cristóbal,1909.6,213.56666666666663,True,MAD-172,True
DEST_003,UC3M Campus de Leganés,WALK,A pie,balanced,Perfil equilibrado,0.5,0.5,MAD-171,Villaverde Alto - Casco Histórico de Villaverde,2928.26,149.83333333333334,True,MAD-171,True
DEST_003,UC3M Campus de Leganés,WALK,A pie,time_priority,Prioridad al tiempo,0.25,0.75,MAD-116,Buenavista,3291.57,142.93333333333334,True,MAD-116,True
