destination_id,transport_mode,profile_id,method,objective_neighbors,extended_neighbors,intersection,union,jaccard
DEST_001,BICYCLE,balanced,KNN_global,5,5,4,6,0.6666666666666666
DEST_001,BICYCLE,balanced,Pareto_KNN,5,5,3,7,0.42857142857142855
DEST_001,BICYCLE,price_priority,KNN_global,5,5,1,9,0.1111111111111111
DEST_001,BICYCLE,price_priority,Pareto_KNN,5,5,3,7,0.42857142857142855
DEST_001,BICYCLE,time_priority,KNN_global,5,5,3,7,0.42857142857142855
DEST_001,BICYCLE,time_priority,Pareto_KNN,5,5,4,6,0.6666666666666666
DEST_001,CAR,balanced,KNN_global,5,5,2,8,0.25
DEST_001,CAR,balanced,Pareto_KNN,5,5,4,6,0.6666666666666666
DEST_001,CAR,price_priority,KNN_global,5,5,0,10,0.0
DEST_001,CAR,price_priority,Pareto_KNN,5,5,3,7,0.42857142857142855
DEST_001,CAR,time_priority,KNN_global,5,5,2,8,0.25
DEST_001,CAR,time_priority,Pareto_KNN,5,5,5,5,1.0
DEST_001,TRANSIT,balanced,KNN_global,5,5,3,7,0.42857142857142855
DEST_001,TRANSIT,balanced,Pareto_KNN,5,5,3,7,0.42857142857142855
DEST_001,TRANSIT,price_priority,KNN_global,5,5,1,9,0.1111111111111111
DEST_001,TRANSIT,price_priority,Pareto_KNN,5,5,3,7,0.42857142857142855
DEST_001,TRANSIT,time_priority,KNN_global,5,5,3,7,0.42857142857142855
DEST_001,TRANSIT,time_priority,Pareto_KNN,5,5,3,7,0.42857142857142855
DEST_001,WALK,balanced,KNN_global,5,5,4,6,0.6666666666666666
DEST_001,WALK,balanced,Pareto_KNN,5,5,2,8,0.25
DEST_001,WALK,price_priority,KNN_global,5,5,0,10,0.0
DEST_001,WALK,price_priority,Pareto_KNN,5,5,2,8,0.25
DEST_001,WALK,time_priority,KNN_global,5,5,3,7,0.42857142857142855
DEST_001,WALK,time_priority,Pareto_KNN,5,5,4,6,0.6666666666666666
DEST_002,BICYCLE,balanced,KNN_global,5,5,1,9,0.1111111111111111
DEST_002,BICYCLE,balanced,Pareto_KNN,5,5,3,7,0.42857142857142855
DEST_002,BICYCLE,price_priority,KNN_global,5,5,2,8,0.25
DEST_002,BICYCLE,price_priority,Pareto_KNN,5,5,2,8,0.25
DEST_002,BICYCLE,time_priority,KNN_global,5,5,4,6,0.6666666666666666
DEST_002,BICYCLE,time_priority,Pareto_KNN,5,5,4,6,0.6666666666666666
DEST_002,CAR,balanced,KNN_global,5,5,2,8,0.25
DEST_002,CAR,balanced,Pareto_KNN,5,5,3,7,0.42857142857142855
DEST_002,CAR,price_priority,KNN_global,5,5,2,8,0.25
DEST_002,CAR,price_priority,Pareto_KNN,5,5,4,6,0.6666666666666666
DEST_002,CAR,time_priority,KNN_global,5,5,3,7,0.42857142857142855
DEST_002,CAR,time_priority,Pareto_KNN,5,5,5,5,1.0
DEST_002,TRANSIT,balanced,KNN_global,5,5,1,9,0.1111111111111111
DEST_002,TRANSIT,balanced,Pareto_KNN,5,5,5,5,1.0
DEST_002,TRANSIT,price_priority,KNN_global,5,5,1,9,0.1111111111111111
DEST_002,TRANSIT,price_priority,Pareto_KNN,5,5,4,6,0.6666666666666666
DEST_002,TRANSIT,time_priority,KNN_global,5,5,1,9,0.1111111111111111
DEST_002,TRANSIT,time_priority,Pareto_KNN,5,5,5,5,1.0
DEST_002,WALK,balanced,KNN_global,5,5,2,8,0.25
DEST_002,WALK,balanced,Pareto_KNN,5,5,2,8,0.25
DEST_002,WALK,price_priority,KNN_global,5,5,1,9,0.1111111111111111
DEST_002,WALK,price_priority,Pareto_KNN,5,5,3,7,0.42857142857142855
DEST_002,WALK,time_priority,KNN_global,5,5,4,6,0.6666666666666666
DEST_002,WALK,time_priority,Pareto_KNN,5,5,4,6,0.6666666666666666
DEST_003,BICYCLE,balanced,KNN_global,3,3,1,5,0.2
DEST_003,BICYCLE,balanced,Pareto_KNN,3,3,3,3,1.0
DEST_003,BICYCLE,price_priority,KNN_global,3,3,2,4,0.5
DEST_003,BICYCLE,price_priority,Pareto_KNN,3,3,3,3,1.0
DEST_003,BICYCLE,time_priority,KNN_global,3,3,1,5,0.2
DEST_003,BICYCLE,time_priority,Pareto_KNN,3,3,3,3,1.0
DEST_003,CAR,balanced,KNN_global,3,3,0,6,0.0
DEST_003,CAR,balanced,Pareto_KNN,3,3,3,3,1.0
DEST_003,CAR,price_priority,KNN_global,3,3,1,5,0.2
DEST_003,CAR,price_priority,Pareto_KNN,3,3,3,3,1.0
DEST_003,CAR,time_priority,KNN_global,3,3,0,6,0.0
DEST_003,CAR,time_priority,Pareto_KNN,3,3,3,3,1.0
DEST_003,TRANSIT,balanced,KNN_global,4,4,2,6,0.3333333333333333
DEST_003,TRANSIT,balanced,Pareto_KNN,4,4,4,4,1.0
DEST_003,TRANSIT,price_priority,KNN_global,4,4,1,7,0.14285714285714285
DEST_003,TRANSIT,price_priority,Pareto_KNN,4,4,4,4,1.0
DEST_003,TRANSIT,time_priority,KNN_global,4,4,2,6,0.3333333333333333
DEST_003,TRANSIT,time_priority,Pareto_KNN,4,4,4,4,1.0
DEST_003,WALK,balanced,KNN_global,3,3,1,5,0.2
DEST_003,WALK,balanced,Pareto_KNN,3,3,3,3,1.0
DEST_003,WALK,price_priority,KNN_global,3,3,1,5,0.2
DEST_003,WALK,price_priority,Pareto_KNN,3,3,3,3,1.0
DEST_003,WALK,time_priority,KNN_global,3,3,1,5,0.2
DEST_003,WALK,time_priority,Pareto_KNN,3,3,3,3,1.0
