transport_mode,method,requested_k,scenarios,mean_returned_neighbors,mean_pareto_rate_pct,mean_normalized_distance,mean_abs_price_change_pct,mean_abs_time_change_pct
BICYCLE,KNN_global,3,9,3.0,18.518518518518515,0.4334200823734238,26.777856502064207,95.73056779061474
BICYCLE,KNN_global,5,9,4.333333333333333,14.814814814814813,0.47392617094249434,27.192142055351166,105.47013196660644
BICYCLE,KNN_global,7,9,5.666666666666667,16.4021164021164,0.49840556778862066,26.890408564897683,110.78022654935323
BICYCLE,KNN_global,10,9,7.666666666666667,18.148148148148145,0.5295724049371687,29.34407435044628,130.48973876564935
BICYCLE,Pareto_KNN,3,9,3.0,100.0,0.7576454476211019,31.272687350736923,118.35545879463075
BICYCLE,Pareto_KNN,5,9,4.333333333333333,100.0,0.8270020087477626,36.53316826403747,136.3770833487202
BICYCLE,Pareto_KNN,7,9,5.666666666666667,100.0,0.8828995088308056,37.45266150821331,146.1099374681564
BICYCLE,Pareto_KNN,10,9,7.666666666666667,100.0,0.9622019921166304,41.47759039734917,184.64158045919245
CAR,KNN_global,3,9,3.0,29.629629629629626,0.4530937382553451,20.28800051209156,30.70754276054656
CAR,KNN_global,5,9,4.333333333333333,27.407407407407405,0.490574275777473,23.0353333452268,35.92109314789673
CAR,KNN_global,7,9,5.666666666666667,23.28042328042328,0.5184221728680813,24.149594775968964,39.07713049377823
CAR,KNN_global,10,9,7.666666666666667,19.62962962962963,0.550811407070606,26.780692094765662,41.63118686115033
CAR,Pareto_KNN,3,9,3.0,100.0,0.6956161235961468,27.55142456929086,50.79028036575333
CAR,Pareto_KNN,5,9,4.333333333333333,100.0,0.8029045596780805,30.979106367309257,51.82699368841536
CAR,Pareto_KNN,7,9,5.666666666666667,100.0,0.872321298946934,31.804493407246216,54.921648384523365
CAR,Pareto_KNN,10,9,7.666666666666667,100.0,0.9508985134160037,40.020477063720584,63.75895203643498
TRANSIT,KNN_global,3,9,3.0,18.518518518518515,0.44320468361011184,20.331900075320135,48.36011490145295
TRANSIT,KNN_global,5,9,4.666666666666667,20.555555555555557,0.5117838849713792,22.694330778471002,50.35658427390894
TRANSIT,KNN_global,7,9,6.0,21.825396825396822,0.5467176948294425,25.307383804191474,50.79494927798723
TRANSIT,KNN_global,10,9,7.666666666666667,18.950617283950617,0.5784763794856357,25.117781698110598,52.97306886754166
TRANSIT,Pareto_KNN,3,9,3.0,100.0,0.7401678288742984,25.07222635423476,45.39647797102558
TRANSIT,Pareto_KNN,5,9,4.666666666666667,100.0,0.842417619430133,31.865548230435795,53.993788658695195
TRANSIT,Pareto_KNN,7,9,6.0,100.0,0.9163220617455153,38.5792159585413,58.395494965454155
TRANSIT,Pareto_KNN,10,9,7.666666666666667,100.0,1.0224016616521443,46.4428580343936,67.32312482988677
WALK,KNN_global,3,9,3.0,18.518518518518515,0.4549604520122252,27.63470086957776,127.43901480535955
WALK,KNN_global,5,9,4.333333333333333,20.74074074074074,0.48769810988575796,26.23404943407574,170.47001272334342
WALK,KNN_global,7,9,5.666666666666667,20.105820105820104,0.5077144969376819,26.651316553401553,214.3100018983348
WALK,KNN_global,10,9,7.666666666666667,18.51851851851852,0.5384622959134012,27.864595575312535,237.33959148565813
WALK,Pareto_KNN,3,9,3.0,100.0,0.7581155558540614,29.61056213679605,272.8055863897336
WALK,Pareto_KNN,5,9,4.333333333333333,100.0,0.8148212602185412,31.327373794619874,295.329047311278
WALK,Pareto_KNN,7,9,5.666666666666667,100.0,0.8633607892800367,30.854589971528576,286.81751870067484
WALK,Pareto_KNN,10,9,7.666666666666667,100.0,0.9386503938466129,34.01857579273067,314.30203059665246
