destination_id,transport_mode,profile_id,feature_space,intersection,union,jaccard
DEST_001,BICYCLE,balanced,extended,3,7,0.42857142857142855
DEST_001,BICYCLE,price_priority,extended,0,10,0.0
DEST_001,BICYCLE,time_priority,extended,1,9,0.1111111111111111
DEST_001,CAR,balanced,extended,1,9,0.1111111111111111
DEST_001,CAR,price_priority,extended,0,10,0.0
DEST_001,CAR,time_priority,extended,2,8,0.25
DEST_001,TRANSIT,balanced,extended,3,7,0.42857142857142855
DEST_001,TRANSIT,price_priority,extended,0,10,0.0
DEST_001,TRANSIT,time_priority,extended,3,7,0.42857142857142855
DEST_001,WALK,balanced,extended,2,8,0.25
DEST_001,WALK,price_priority,extended,0,10,0.0
DEST_001,WALK,time_priority,extended,1,9,0.1111111111111111
DEST_002,BICYCLE,balanced,extended,0,10,0.0
DEST_002,BICYCLE,price_priority,extended,1,9,0.1111111111111111
DEST_002,BICYCLE,time_priority,extended,0,10,0.0
DEST_002,CAR,balanced,extended,2,8,0.25
DEST_002,CAR,price_priority,extended,3,7,0.42857142857142855
DEST_002,CAR,time_priority,extended,1,9,0.1111111111111111
DEST_002,TRANSIT,balanced,extended,0,10,0.0
DEST_002,TRANSIT,price_priority,extended,2,8,0.25
DEST_002,TRANSIT,time_priority,extended,0,10,0.0
DEST_002,WALK,balanced,extended,1,9,0.1111111111111111
DEST_002,WALK,price_priority,extended,2,8,0.25
DEST_002,WALK,time_priority,extended,0,10,0.0
DEST_003,BICYCLE,balanced,extended,0,6,0.0
DEST_003,BICYCLE,price_priority,extended,1,5,0.2
DEST_003,BICYCLE,time_priority,extended,0,6,0.0
DEST_003,CAR,balanced,extended,1,5,0.2
DEST_003,CAR,price_priority,extended,0,6,0.0
DEST_003,CAR,time_priority,extended,1,5,0.2
DEST_003,TRANSIT,balanced,extended,0,8,0.0
DEST_003,TRANSIT,price_priority,extended,1,7,0.14285714285714285
DEST_003,TRANSIT,time_priority,extended,0,8,0.0
DEST_003,WALK,balanced,extended,1,5,0.2
DEST_003,WALK,price_priority,extended,0,6,0.0
DEST_003,WALK,time_priority,extended,1,5,0.2
