zone_key,neighborhood_name,district_name,transport_mode,transport_mode_label,price_m2_for_recommender,destinations_with_complete_route,average_commute_daily_minutes,worst_commute_daily_minutes,is_pareto_global,dominated_by_count_global,price_normalized_global,average_time_normalized_global,distance_to_ideal_global
MAD-011,Palacio,Centro,BICYCLE,Bicicleta,6895.15,3,71.02777777777777,133.7,True,0,0.4086774329199465,0.049373896966131564,0.41164915386729456
MAD-012,Embajadores,Centro,BICYCLE,Bicicleta,6054.75,3,79.81111111111112,149.86666666666667,False,9,0.3397878390685314,0.11580805109673087,0.3589808912430928
MAD-013,Cortes,Centro,BICYCLE,Bicicleta,7246.75,3,74.03888888888888,153.51666666666665,False,4,0.43749892411242347,0.07214892007731734,0.4434081362219814
MAD-014,Justicia,Centro,BICYCLE,Bicicleta,9541.9,3,69.36666666666666,152.4,False,2,0.6256378476346458,0.03680981595092019,0.6267197770481261
MAD-015,Universidad,Centro,BICYCLE,Bicicleta,7135.43,3,67.59444444444445,145.28333333333333,True,0,0.4283737580158748,0.02340532817883859,0.42901268739257864
MAD-016,Sol,Centro,BICYCLE,Bicicleta,7696.61,3,64.5,137.11666666666667,True,0,0.474375022030079,0.0,0.474375022030079
MAD-021,Imperial,Arganzuela,BICYCLE,Bicicleta,5855.12,3,72.92777777777778,122.48333333333332,False,1,0.3234236914952829,0.06374485250861417,0.3296457044188213
MAD-022,Acacias,Arganzuela,BICYCLE,Bicicleta,5736.45,3,78.66666666666667,128.06666666666666,False,7,0.31369602835588806,0.1071518615009665,0.3314916584612355
MAD-023,Chopera,Arganzuela,BICYCLE,Bicicleta,5473.88,3,80.07222222222222,122.75,False,7,0.2921725387585938,0.1177830069753761,0.31502004561107455
MAD-024,Legazpi,Arganzuela,BICYCLE,Bicicleta,7113.37,3,93.62222222222222,121.13333333333333,False,37,0.42656544716346856,0.22027061097571224,0.4800804336498036
MAD-025,Delicias,Arganzuela,BICYCLE,Bicicleta,5426.01,3,83.57222222222222,131.36666666666667,False,11,0.2882485206033496,0.14425581981679134,0.32233049992365637
MAD-026,Palos de la Frontera,Arganzuela,BICYCLE,Bicicleta,5784.65,3,79.96111111111112,135.55,False,8,0.31764709739877023,0.11694260021850585,0.33848966045025525
MAD-027,Atocha,Arganzuela,BICYCLE,Bicicleta,6810.36,3,83.02222222222223,135.91666666666666,False,19,0.40172699424471875,0.14009580637028324,0.42545436049879215
MAD-031,Pacífico,Retiro,BICYCLE,Bicicleta,6286.22,3,78.92222222222222,142.28333333333333,False,9,0.35876198743691207,0.10908479704176818,0.3749795415423711
MAD-032,Adelfas,Retiro,BICYCLE,Bicicleta,5741.86,3,82.44444444444444,138.8,False,12,0.3141394989683775,0.13572569123455752,0.34220620694721726
MAD-033,Estrella,Retiro,BICYCLE,Bicicleta,6590.79,3,91.28333333333335,163.25,False,28,0.38372831727904144,0.202580048743592,0.43391945984336866
MAD-034,Ibiza,Retiro,BICYCLE,Bicicleta,9264.05,3,80.82222222222221,164.01666666666665,False,23,0.6028618199673257,0.12345575258425068,0.6153728112457195
MAD-035,Los Jerónimos,Retiro,BICYCLE,Bicicleta,9950.49,3,80.37222222222222,169.05,False,24,0.6591309451498168,0.12005210521892594,0.6699747090910125
MAD-036,Niño Jesús,Retiro,BICYCLE,Bicicleta,7639.04,3,85.52777777777777,157.14999999999998,False,32,0.46965587172305145,0.159046978737709,0.49585540159358216
MAD-041,Recoletos,Salamanca,BICYCLE,Bicicleta,14108.83,3,73.02777777777777,160.39999999999998,False,8,1.0,0.06450121858979742,1.0020780444653843
MAD-042,Goya,Salamanca,BICYCLE,Bicicleta,9638.66,3,83.53888888888889,173.05,False,33,0.6335694957796516,0.14400369778973024,0.649728690269714
MAD-043,Fuente del Berro,Salamanca,BICYCLE,Bicicleta,7598.53,3,93.83888888888889,182.38333333333333,False,45,0.46633517033452115,0.22190940415160937,0.5164419374352253
MAD-044,Guindalera,Salamanca,BICYCLE,Bicicleta,6722.25,3,86.84444444444445,181.41666666666669,False,25,0.39450440724537533,0.16900579880662245,0.42918141544839694
MAD-045,Lista,Salamanca,BICYCLE,Bicicleta,10066.56,3,83.32222222222222,175.78333333333333,False,34,0.668645480083579,0.1423649046138331,0.6836333403966673
MAD-046,Castellana,Salamanca,BICYCLE,Bicicleta,11685.39,3,76.16666666666667,169.05,False,14,0.8013448389775419,0.08824270947138418,0.8061887661899003
MAD-051,El Viso,Chamartín,BICYCLE,Bicicleta,9382.09,3,80.39999999999999,181.88333333333333,False,23,0.6125378405030482,0.12026220690814347,0.6242320117220478
MAD-052,Prosperidad,Chamartín,BICYCLE,Bicicleta,6448.55,3,93.4833333333333,191.9833333333333,False,29,0.37206856498319985,0.21922010252962412,0.4318477398363415
MAD-053,Ciudad Jardín,Chamartín,BICYCLE,Bicicleta,7558.9,3,90.48333333333333,190.1,False,35,0.46308660464635876,0.19652912009412557,0.5030635133339171
MAD-054,Hispanoamérica,Chamartín,BICYCLE,Bicicleta,7860.68,3,94.78333333333335,196.95,False,48,0.48782423152936705,0.22905286158500723,0.5389227164144206
MAD-055,Nueva España,Chamartín,BICYCLE,Bicicleta,8183.21,3,102.99444444444443,205.6,False,57,0.5142627854380973,0.29115892091772405,0.5909650833310917
MAD-056,Castilla,Chamartín,BICYCLE,Bicicleta,5913.07,3,124.63888888888887,228.3333333333333,False,63,0.32817399130928754,0.45487015715606344,0.5608966290173709
MAD-061,Bellas Vistas,Tetuán,BICYCLE,Bicicleta,5223.92,3,84.06666666666666,178.76666666666665,False,12,0.2716827209586179,0.14799562988486425,0.30937712800479605
MAD-062,Cuatro Caminos,Tetuán,BICYCLE,Bicicleta,6496.82,3,82.59444444444445,182.28333333333336,False,17,0.3760253720931567,0.13686024035633249,0.4001572264100575
MAD-063,Castillejos,Tetuán,BICYCLE,Bicicleta,6438.0,3,95.07222222222221,198.45,False,31,0.3712037563026519,0.2312379191528699,0.4373364882414315
MAD-064,Almenara,Tetuán,BICYCLE,Bicicleta,4987.49,3,104.52777777777777,205.1,False,27,0.25230198955179955,0.3027565341625346,0.39410380981399606
MAD-065,Valdeacederas,Tetuán,BICYCLE,Bicicleta,5274.19,3,102.39444444444445,201.26666666666668,False,27,0.2758034728421384,0.2866207244306244,0.3977675141397549
MAD-066,Berruguete,Tetuán,BICYCLE,Bicicleta,4789.99,3,93.27777777777777,190.1,False,18,0.23611244316239632,0.2176653500294142,0.3211343806252193
MAD-071,Gaztambide,Chamberí,BICYCLE,Bicicleta,7413.6,3,76.03333333333335,152.55,False,6,0.45117601684696496,0.08723422136313985,0.45953194399815783
MAD-072,Arapiles,Chamberí,BICYCLE,Bicicleta,7591.52,3,74.89444444444443,154.64999999999998,False,7,0.4657605439031808,0.07862005210521883,0.4723494435796597
MAD-073,Trafalgar,Chamberí,BICYCLE,Bicicleta,8568.41,3,71.81111111111112,158.73333333333335,False,4,0.5458385488264423,0.055298764602067445,0.5486325498468637
MAD-074,Almagro,Chamberí,BICYCLE,Bicicleta,10795.41,3,73.35000000000001,164.6,False,8,0.7283910541894857,0.06693839818472147,0.7314603727986955
MAD-075,Ríos Rosas,Chamberí,BICYCLE,Bicicleta,7915.16,3,75.25555555555556,170.98333333333335,False,9,0.49229008716123884,0.08135137406504751,0.49896650787351593
MAD-076,Vallehermoso,Chamberí,BICYCLE,Bicicleta,6752.36,3,78.46666666666665,161.58333333333331,False,6,0.396972595811375,0.10563912933859979,0.41078810532029614
MAD-081,El Pardo,Fuencarral - El Pardo,BICYCLE,Bicicleta,3704.98,3,184.08888888888887,241.0,False,38,0.14717158378028777,0.9045297924195309,0.9164243670084935
MAD-082,Fuentelarreina,Fuencarral - El Pardo,BICYCLE,Bicicleta,5341.25,3,114.99444444444443,180.85,False,43,0.2813005410997252,0.38192285065971915,0.47433643996539454
MAD-083,Peñagrande,Fuencarral - El Pardo,BICYCLE,Bicicleta,5467.26,3,114.83888888888889,185.25,False,45,0.2916298815580984,0.38074628120010084,0.4795995396842002
MAD-084,Pilar,Fuencarral - El Pardo,BICYCLE,Bicicleta,5064.58,3,118.25555555555555,201.85,False,41,0.25862124084880767,0.4065887889738633,0.48187071869684067
MAD-085,La Paz,Fuencarral - El Pardo,BICYCLE,Bicicleta,5106.44,3,122.70555555555556,217.11666666666667,False,45,0.26205260495949334,0.44024707958651993,0.5123368607181371
MAD-086,Valverde,Fuencarral - El Pardo,BICYCLE,Bicicleta,4878.72,3,151.2722222222222,259.7833333333333,False,56,0.24338585304154448,0.6563156567778804,0.6999906533608437
MAD-087,Mirasierra,Fuencarral - El Pardo,BICYCLE,Bicicleta,6402.83,3,141.16666666666666,212.56666666666663,False,75,0.36832078745953634,0.5798806622405244,0.6869656359056995
MAD-088,El Goloso,Fuencarral - El Pardo,BICYCLE,Bicicleta,7247.17,3,185.79999999999998,267.9833333333333,False,106,0.43753335251487185,0.9174720564753339,1.0164597429195026
MAD-091,Casa de Campo,Moncloa - Aravaca,BICYCLE,Bicicleta,5378.62,3,78.1,112.23333333333332,False,4,0.2843638491937606,0.10286578704092776,0.3023973691549603
MAD-092,Argüelles,Moncloa - Aravaca,BICYCLE,Bicicleta,7554.87,3,70.68888888888888,141.05,False,1,0.46275625592762826,0.046810656357677075,0.4651178237272714
MAD-093,Ciudad Universitaria,Moncloa - Aravaca,BICYCLE,Bicicleta,5822.75,3,107.15555555555555,179.51666666666665,False,39,0.3207702453351564,0.3226321539625178,0.4549561045451201
MAD-094,Valdezarza,Moncloa - Aravaca,BICYCLE,Bicicleta,4484.04,3,99.31111111111112,180.41666666666669,False,24,0.21103299142650808,0.26329943692747293,0.3374337223170573
MAD-095,Valdemarín,Moncloa - Aravaca,BICYCLE,Bicicleta,6710.42,3,127.15000000000002,180.65,False,72,0.3935346739097468,0.47386334986133305,0.6159675429038894
MAD-096,El Plantío,Moncloa - Aravaca,BICYCLE,Bicicleta,5946.59,3,145.29999999999998,180.1,False,75,0.33092170571421314,0.6111437935961004,0.6949862673203243
MAD-097,Aravaca,Moncloa - Aravaca,BICYCLE,Bicicleta,5644.82,3,110.3,146.86666666666667,False,39,0.30618489855507275,0.34641566518194805,0.46233430024889105
MAD-101,Los Cármenes,Latina,BICYCLE,Bicicleta,3502.59,3,77.05555555555554,95.6,False,1,0.1305811924195216,0.09496596352634666,0.16146201423923687
MAD-102,Puerta del Ángel,Latina,BICYCLE,Bicicleta,4033.3,3,72.70555555555556,109.68333333333334,True,0,0.17408475780848467,0.062064038994873574,0.18481733640975337
MAD-103,Lucero,Latina,BICYCLE,Bicicleta,3310.43,3,83.85555555555555,99.8,False,3,0.11482937857553305,0.14639885704681066,0.18606023629098076
MAD-104,Aluche,Latina,BICYCLE,Bicicleta,3360.3,3,81.47222222222221,108.25,False,1,0.11891734150434087,0.12837213211194212,0.1749878236147474
MAD-105,Campamento,Latina,BICYCLE,Bicicleta,3295.84,3,111.67222222222222,154.14999999999998,False,17,0.11363340145238678,0.35679468862929653,0.37445293397130164
MAD-106,Cuatro Vientos,Latina,BICYCLE,Bicicleta,4673.53,3,112.25,164.61666666666667,False,35,0.2265659389977892,0.3611648037650223,0.4263474407013334
MAD-107,Águilas,Latina,BICYCLE,Bicicleta,3231.64,3,90.8,126.55,False,5,0.10837077422099592,0.19892427935120596,0.22652835058918055
MAD-111,Comillas,Carabanchel,BICYCLE,Bicicleta,4105.51,3,76.23333333333333,104.53333333333332,False,2,0.18000398385799762,0.08874695352550635,0.2006924412248968
MAD-112,Opañel,Carabanchel,BICYCLE,Bicicleta,3500.89,3,74.84444444444443,90.91666666666666,True,0,0.13044183936199252,0.0782418690646272,0.15210806530511828
MAD-113,San Isidro,Carabanchel,BICYCLE,Bicicleta,3670.03,3,78.58333333333333,95.7,False,2,0.1443066488622643,0.1065215564333137,0.17936346030011932
MAD-114,Vista Alegre,Carabanchel,BICYCLE,Bicicleta,3213.22,3,83.69444444444444,112.45,False,2,0.10686084285647536,0.14518026724934868,0.18026799420470796
MAD-115,Puerta Bonita,Carabanchel,BICYCLE,Bicicleta,2905.06,3,85.97777777777776,114.98333333333332,True,0,0.08160023214579937,0.16245062610303374,0.18179329967717736
MAD-116,Buenavista,Carabanchel,BICYCLE,Bicicleta,3291.57,3,103.28888888888888,145.16666666666666,False,12,0.11328337936082854,0.29338599882343047,0.31449716746742146
MAD-117,Abrantes,Carabanchel,BICYCLE,Bicicleta,2912.9,3,80.91111111111111,103.4,True,0,0.08224289565816861,0.12412807798974704,0.148901556847701
MAD-121,Orcasitas,Usera,BICYCLE,Bicicleta,2357.51,3,93.53333333333335,120.86666666666667,True,0,0.036716251763431,0.21959828557021607,0.22264655885266635
MAD-122,Orcasur,Usera,BICYCLE,Bicicleta,3403.28,3,88.55555555555554,109.53333333333332,False,7,0.12244051468822216,0.18194806286242532,0.21930977455760112
MAD-123,San Fermín,Usera,BICYCLE,Bicicleta,2755.18,3,88.60000000000001,104.68333333333334,True,0,0.06931421081494488,0.18228422556517362,0.19501794458662958
MAD-124,Almendrales,Usera,BICYCLE,Bicicleta,4323.83,3,83.26666666666667,100.68333333333334,False,9,0.1979001953401977,0.14194470123539793,0.2435421637509505
MAD-125,Moscardó,Usera,BICYCLE,Bicicleta,3739.18,3,78.64444444444445,106.98333333333332,False,3,0.14997503940822496,0.10698378014959241,0.18422280439889888
MAD-126,Zofío,Usera,BICYCLE,Bicicleta,3089.05,3,82.16666666666666,101.23333333333332,False,1,0.09668233158978069,0.13362467434238165,0.1649334012101365
MAD-127,Pradolongo,Usera,BICYCLE,Bicicleta,3390.16,3,85.14999999999999,103.48333333333332,False,5,0.12136503697364506,0.15618959576434988,0.1977995501123429
MAD-131,Entrevías,Puente de Vallecas,BICYCLE,Bicicleta,2430.16,3,105.42777777777776,126.0,False,1,0.04267154566312792,0.3095638288931842,0.3124909998196572
MAD-132,San Diego,Puente de Vallecas,BICYCLE,Bicicleta,3078.32,3,93.7,138.86666666666667,False,5,0.0958027678796121,0.2208588957055215,0.24074223174519518
MAD-133,Palomeras Bajas,Puente de Vallecas,BICYCLE,Bicicleta,2985.52,3,104.57222222222221,153.13333333333333,False,7,0.08819573038626209,0.3030926968652827,0.3156638556303784
MAD-134,Palomeras Sureste,Puente de Vallecas,BICYCLE,Bicicleta,2701.36,3,121.52222222222223,156.76666666666665,False,3,0.06490245695834904,0.43129674762585096,0.4361527409427428
MAD-135,Portazgo,Puente de Vallecas,BICYCLE,Bicicleta,2703.76,3,108.98333333333335,158.41666666666669,False,3,0.06509919068662533,0.3364568451130348,0.342696824104733
MAD-136,Numancia,Puente de Vallecas,BICYCLE,Bicicleta,3239.46,3,97.27222222222223,149.0,False,11,0.10901179828562951,0.24787797293890246,0.2707897000141734
MAD-141,Pavones,Moratalaz,BICYCLE,Bicicleta,3721.75,3,123.82777777777778,175.81666666666666,False,29,0.1485462607066184,0.4487351878309102,0.4726830442987784
MAD-142,Horcajo,Moratalaz,BICYCLE,Bicicleta,4736.6,3,128.7111111111111,179.95,False,44,0.23173593743211665,0.48567106479536093,0.5381244538924073
MAD-143,Marroquina,Moratalaz,BICYCLE,Bicicleta,4301.17,3,113.07222222222224,188.2166666666667,False,34,0.19604270105572238,0.3673838137658628,0.41641758759011793
MAD-144,Media Legua,Moratalaz,BICYCLE,Bicicleta,3876.72,3,96.07777777777778,164.23333333333335,False,18,0.16124952148619215,0.23884360030254648,0.2881799326549448
MAD-145,Fontarrón,Moratalaz,BICYCLE,Bicicleta,3770.04,3,112.98333333333333,175.18333333333334,False,27,0.15250470726431095,0.36671148836036643,0.3971586602772856
MAD-146,Vinateros,Moratalaz,BICYCLE,Bicicleta,3899.66,3,111.10555555555557,178.03333333333336,False,26,0.1631299680389664,0.35250861416925805,0.38842465104048823
MAD-151,Ventas,Ciudad Lineal,BICYCLE,Bicicleta,4133.07,3,110.71111111111111,211.4833333333333,False,28,0.18226314283770367,0.34952517018236823,0.39419246292653876
MAD-152,Pueblo Nuevo,Ciudad Lineal,BICYCLE,Bicicleta,3794.82,3,112.53888888888888,202.4833333333333,False,27,0.1545359830087637,0.36334986133288505,0.39484742847726856
MAD-153,Quintana,Ciudad Lineal,BICYCLE,Bicicleta,4436.01,3,109.25,212.76666666666668,False,29,0.2070958576893788,0.33847382132952347,0.39680375753955455
MAD-154,La Concepción,Ciudad Lineal,BICYCLE,Bicicleta,5658.13,3,108.37777777777778,215.16666666666669,False,36,0.30727595102313837,0.33187662828809145,0.4522837676515111
MAD-155,San Pascual,Ciudad Lineal,BICYCLE,Bicicleta,5566.9,3,108.68888888888888,220.85,False,36,0.29979761017703577,0.33422976720732833,0.44898568390910504
MAD-156,San Juan Bautista,Ciudad Lineal,BICYCLE,Bicicleta,5764.6,3,116.79444444444444,231.85,False,53,0.31600355104379546,0.39553744012101855,0.5062688127959069
MAD-157,Colina,Ciudad Lineal,BICYCLE,Bicicleta,6519.78,3,110.25,210.0,False,50,0.3779074580936666,0.34603748214135643,0.5124021720577948
MAD-158,Atalaya,Ciudad Lineal,BICYCLE,Bicicleta,7800.28,3,114.9888888888889,217.35,False,76,0.482873099367747,0.3818808303218758,0.6156292704707431
MAD-161,Palomas,Hortaleza,BICYCLE,Bicicleta,5435.02,3,143.96666666666667,250.0333333333333,False,62,0.28898709180825355,0.6010589125136566,0.6669223009795755
MAD-162,Piovera,Hortaleza,BICYCLE,Bicicleta,6502.07,3,138.38888888888889,269.66666666666663,False,76,0.3764557271237611,0.5588704933187663,0.6738361394186578
MAD-163,Canillas,Hortaleza,BICYCLE,Bicicleta,4785.95,3,139.27777777777777,273.43333333333334,False,50,0.2357812747197979,0.5655937473737288,0.6127716512508964
MAD-164,Pinar del Rey,Hortaleza,BICYCLE,Bicicleta,4266.54,3,146.63888888888889,282.5833333333333,False,45,0.19320399730146903,0.6212706950163879,0.650618983014953
MAD-165,Apóstol Santiago,Hortaleza,BICYCLE,Bicicleta,4162.46,3,137.24444444444444,268.9,False,42,0.18467231128522046,0.550214303723002,0.5803788784723417
MAD-166,Valdefuentes,Hortaleza,BICYCLE,Bicicleta,5977.26,3,167.51666666666665,299.2833333333333,False,84,0.3334357988168106,0.779183124632322,0.8475292169856997
MAD-171,Villaverde Alto - Casco Histórico de Villaverde,Villaverde,BICYCLE,Bicicleta,2928.26,3,95.76666666666665,137.88333333333333,False,4,0.0835019915191369,0.23649046138330942,0.2507993638607414
MAD-172,San Cristóbal,Villaverde,BICYCLE,Bicicleta,1909.6,3,105.5111111111111,142.06666666666666,True,0,0.0,0.310194133960837,0.310194133960837
MAD-173,Butarque,Villaverde,BICYCLE,Bicicleta,3143.01,3,111.87777777777778,141.26666666666665,False,13,0.10110556158052601,0.35834944112950673,0.3723394372616784
MAD-174,Los Rosales,Villaverde,BICYCLE,Bicicleta,2807.4,3,97.08333333333333,126.08333333333331,False,2,0.0735948088526899,0.24644928145222283,0.2572031186015848
MAD-175,Ángeles,Villaverde,BICYCLE,Bicicleta,2956.03,3,92.43333333333334,124.9,False,3,0.08577836470006717,0.2112782586771998,0.2280272581080768
MAD-181,Casco Histórico de Vallecas,Villa de Vallecas,BICYCLE,Bicicleta,2915.21,3,155.98333333333335,184.75,False,12,0.08243225187163454,0.6919489032691825,0.6968417043231935
MAD-182,Santa Eugenia,Villa de Vallecas,BICYCLE,Bicicleta,2899.99,3,139.28333333333333,174.51666666666665,False,9,0.0811846321448157,0.5656357677115724,0.5714322061374814
MAD-183,Ensanche de Vallecas,Villa de Vallecas,BICYCLE,Bicicleta,3552.31,3,157.41666666666666,189.2333333333333,False,33,0.13465685949031211,0.7027901504328095,0.7155742207158979
MAD-191,Casco Histórico de Vicálvaro,Vicálvaro,BICYCLE,Bicicleta,3355.2,3,158.82777777777775,204.6833333333333,False,26,0.11849928233175372,0.7134633162450624,0.7232371558075142
MAD-192,Valdebernardo,Vicálvaro,BICYCLE,Bicicleta,4117.97,3,132.85,178.7,False,39,0.18102535979729872,0.5169762164887806,0.5477541321658796
MAD-193,Valderrivas,Vicálvaro,BICYCLE,Bicicleta,3546.72,3,143.60555555555553,191.3333333333333,False,31,0.13419863384820188,0.5983275905538279,0.6131926116194428
MAD-194,El Cañaveral,Vicálvaro,BICYCLE,Bicicleta,4587.55,3,196.7111111111111,257.2,False,58,0.21951795318229103,1.0,1.023810593698533
MAD-201,Simancas,San Blas - Canillejas,BICYCLE,Bicicleta,3690.7,3,121.61666666666666,215.88333333333333,False,27,0.14600101809704383,0.43201109336919064,0.4560152213242633
MAD-202,Hellín,San Blas - Canillejas,BICYCLE,Bicicleta,2498.86,3,129.63888888888889,211.15000000000003,False,3,0.04830304863503682,0.49268846121522814,0.49505060783930777
MAD-203,Amposta,San Blas - Canillejas,BICYCLE,Bicicleta,2544.1,3,122.21111111111111,203.8,False,3,0.052011479413044924,0.4365072695184469,0.4395950299232052
MAD-204,Arcos,San Blas - Canillejas,BICYCLE,Bicicleta,3145.08,3,125.19999999999999,200.88333333333333,False,16,0.1012752444211643,0.4591142112782586,0.470151607601446
MAD-205,Rosas,San Blas - Canillejas,BICYCLE,Bicicleta,4493.65,3,148.25555555555556,224.2166666666667,False,50,0.21182074606348103,0.6334986133288512,0.6679734437479286
MAD-206,Rejas,San Blas - Canillejas,BICYCLE,Bicicleta,3580.16,3,175.38333333333333,272.6166666666667,False,35,0.1369397904621849,0.8386839230187411,0.8497901087574112
MAD-207,Canillejas,San Blas - Canillejas,BICYCLE,Bicicleta,3409.64,3,136.1722222222222,231.3333333333333,False,27,0.12296185906815431,0.542104378519203,0.5558747844570645
MAD-208,El Salvador,San Blas - Canillejas,BICYCLE,Bicicleta,4735.53,3,130.60555555555553,230.56666666666663,False,45,0.2316482269782601,0.4999999999999998,0.5510543539998313
MAD-211,Alameda de Osuna,Barajas,BICYCLE,Bicicleta,5052.01,3,153.92222222222222,249.5,False,58,0.25759084794696063,0.6763593579292377,0.7237506656331896
MAD-213,Casco Histórico de Barajas,Barajas,BICYCLE,Bicicleta,3962.41,3,178.95555555555552,274.5333333333333,False,44,0.16827373530952364,0.8657030002521218,0.8819057402242854
MAD-214,Timón,Barajas,BICYCLE,Bicicleta,4418.93,3,170.23333333333335,286.7166666666667,False,51,0.20569576932314584,0.7997310698378016,0.8257605788491937
MAD-215,Corralejos,Barajas,BICYCLE,Bicicleta,4890.3,3,155.16111111111113,262.2166666666667,False,57,0.24433509328047756,0.685729893268342,0.7279595622905104
MAD-011,Palacio,Centro,CAR,Coche,6895.15,3,24.36111111111111,34.36666666666667,False,5,0.4086774329199465,0.09077563004648885,0.41863762275788635
MAD-012,Embajadores,Centro,CAR,Coche,6054.75,3,28.150000000000002,36.95,False,29,0.3397878390685314,0.1742109126498655,0.38184449408779125
MAD-013,Cortes,Centro,CAR,Coche,7246.75,3,23.55,38.4,False,2,0.43749892411242347,0.07291411793491559,0.443533287582516
MAD-014,Justicia,Centro,CAR,Coche,9541.9,3,20.566666666666666,38.89999999999999,True,0,0.6256378476346458,0.007218008319060392,0.6256794834713747
MAD-015,Universidad,Centro,CAR,Coche,7135.43,3,21.655555555555555,40.43333333333334,True,0,0.4283737580158748,0.031196476633227263,0.42950820331044987
MAD-016,Sol,Centro,CAR,Coche,7696.61,3,22.811111111111114,37.7,False,1,0.474375022030079,0.05664301443601667,0.47774479862206426
MAD-021,Imperial,Arganzuela,CAR,Coche,5855.12,3,26.36111111111111,30.9,False,11,0.3234236914952829,0.1348177147051627,0.3503979172580205
MAD-022,Acacias,Arganzuela,CAR,Coche,5736.45,3,25.649999999999995,29.516666666666666,False,5,0.31369602835588806,0.11915830682652301,0.335565046290614
MAD-023,Chopera,Arganzuela,CAR,Coche,5473.88,3,24.20555555555556,28.883333333333333,True,0,0.2921725387585938,0.08735013457303653,0.304950550769415
MAD-024,Legazpi,Arganzuela,CAR,Coche,7113.37,3,26.605555555555558,32.6,False,20,0.42656544716346856,0.14020063616344514,0.44901480943773403
MAD-025,Delicias,Arganzuela,CAR,Coche,5426.01,3,27.20555555555556,31.65,False,10,0.2882485206033496,0.15341326156104731,0.3265315275020438
MAD-026,Palos de la Frontera,Arganzuela,CAR,Coche,5784.65,3,23.244444444444444,31.73333333333333,True,0,0.31764709739877023,0.0661854661120626,0.32446909623311554
MAD-027,Atocha,Arganzuela,CAR,Coche,6810.36,3,25.977777777777778,32.9,False,15,0.40172699424471875,0.12637631514558356,0.4211360242661178
MAD-031,Pacífico,Retiro,CAR,Coche,6286.22,3,24.016666666666666,34.38333333333333,False,1,0.35876198743691207,0.08319060435527278,0.36828092576547944
MAD-032,Adelfas,Retiro,CAR,Coche,5741.86,3,24.638888888888886,31.25,False,1,0.3141394989683775,0.09689258624908238,0.3287427536572314
MAD-033,Estrella,Retiro,CAR,Coche,6590.79,3,25.91111111111111,35.516666666666666,False,12,0.38372831727904144,0.1249082456569611,0.403546145211306
MAD-034,Ibiza,Retiro,CAR,Coche,9264.05,3,23.57777777777778,38.8,False,9,0.6028618199673257,0.07352581355517496,0.6073289217823128
MAD-036,Niño Jesús,Retiro,CAR,Coche,7639.04,3,25.194444444444443,36.81666666666666,False,19,0.46965587172305145,0.1091264986542696,0.4821672226027809
MAD-041,Recoletos,Salamanca,CAR,Coche,14108.83,3,20.23888888888889,38.16666666666667,True,0,1.0,0.0,1.0
MAD-042,Goya,Salamanca,CAR,Coche,9638.66,3,22.21111111111111,38.46666666666667,False,3,0.6335694957796516,0.0434303890384144,0.6350563003974609
MAD-043,Fuente del Berro,Salamanca,CAR,Coche,7598.53,3,24.811111111111114,38.2,False,14,0.46633517033452115,0.10068509909469053,0.47708068528356345
MAD-044,Guindalera,Salamanca,CAR,Coche,6722.25,3,24.322222222222223,39.93333333333334,False,4,0.39450440724537533,0.08991925617812577,0.40462229296919905
MAD-045,Lista,Salamanca,CAR,Coche,10066.56,3,23.933333333333334,42.71666666666666,False,13,0.668645480083579,0.08135551749449473,0.6735766461680489
MAD-046,Castellana,Salamanca,CAR,Coche,11685.39,3,21.58888888888889,41.25,False,3,0.8013448389775419,0.029728407144604806,0.8018960837585491
MAD-051,El Viso,Chamartín,CAR,Coche,9382.09,3,22.583333333333332,43.2,False,2,0.6125378405030482,0.05162711034988984,0.6147096587586837
MAD-052,Prosperidad,Chamartín,CAR,Coche,6448.55,3,24.866666666666664,40.65,False,4,0.37206856498319985,0.10190849033520913,0.38577241665398915
MAD-053,Ciudad Jardín,Chamartín,CAR,Coche,7558.9,3,24.78333333333333,43.39999999999999,False,12,0.46308660464635876,0.10007340347443107,0.47377620189900765
MAD-054,Hispanoamérica,Chamartín,CAR,Coche,7860.68,3,26.28888888888889,43.95,False,28,0.48782423152936705,0.13322730609248842,0.5056896241331031
MAD-055,Nueva España,Chamartín,CAR,Coche,8183.21,3,27.972222222222218,44.75,False,51,0.5142627854380973,0.17029606068020545,0.5417259092656975
MAD-056,Castilla,Chamartín,CAR,Coche,5913.07,3,27.799999999999997,44.633333333333326,False,26,0.32817399130928754,0.16650354783459745,0.3679967391341619
MAD-061,Bellas Vistas,Tetuán,CAR,Coche,5223.92,3,27.366666666666664,49.58333333333333,False,12,0.2716827209586179,0.15696109615855144,0.3137646993764153
MAD-062,Cuatro Caminos,Tetuán,CAR,Coche,6496.82,3,24.233333333333334,47.28333333333333,False,3,0.3760253720931567,0.08796183019329583,0.38617659694594536
MAD-063,Castillejos,Tetuán,CAR,Coche,6438.0,3,27.233333333333334,49.63333333333333,False,20,0.3712037563026519,0.1540249571813066,0.4018904280122903
MAD-064,Almenara,Tetuán,CAR,Coche,4987.49,3,27.66111111111111,48.08333333333333,False,15,0.25230198955179955,0.16344506973330072,0.3006170067576349
MAD-065,Valdeacederas,Tetuán,CAR,Coche,5274.19,3,30.866666666666664,52.28333333333333,False,36,0.2758034728421384,0.2340347443112307,0.36171786958430363
MAD-066,Berruguete,Tetuán,CAR,Coche,4789.99,3,30.572222222222223,53.08333333333333,False,31,0.23611244316239632,0.22755077073648158,0.3279152925358661
MAD-071,Gaztambide,Chamberí,CAR,Coche,7413.6,3,23.333333333333332,40.75,False,2,0.45117601684696496,0.06814289209689255,0.4562929452897793
MAD-072,Arapiles,Chamberí,CAR,Coche,7591.52,3,23.483333333333334,42.0,False,4,0.4657605439031808,0.07144604844629313,0.4712084698894714
MAD-073,Trafalgar,Chamberí,CAR,Coche,8568.41,3,21.133333333333333,41.25,True,0,0.5458385488264423,0.019696598972351313,0.5461938093717597
MAD-074,Almagro,Chamberí,CAR,Coche,10795.41,3,21.405555555555555,41.88333333333333,False,2,0.7283910541894857,0.025691216050893032,0.7288439931874612
MAD-075,Ríos Rosas,Chamberí,CAR,Coche,7915.16,3,23.155555555555555,46.1,False,2,0.49229008716123884,0.06422804012723266,0.49646225541908573
MAD-076,Vallehermoso,Chamberí,CAR,Coche,6752.36,3,24.572222222222223,45.25,False,5,0.396972595811375,0.09542451676046,0.4082806390513621
MAD-081,El Pardo,Fuencarral - El Pardo,CAR,Coche,3704.98,3,64.57777777777777,76.81666666666666,False,35,0.14717158378028777,0.9763885490579888,0.9874178820560031
MAD-082,Fuentelarreina,Fuencarral - El Pardo,CAR,Coche,5341.25,3,34.36666666666667,46.73333333333333,False,57,0.2813005410997252,0.31110839246391003,0.41942630614266013
MAD-083,Peñagrande,Fuencarral - El Pardo,CAR,Coche,5467.26,3,34.477777777777774,48.46666666666666,False,60,0.2916298815580984,0.3135551749449474,0.42821120437506893
MAD-084,Pilar,Fuencarral - El Pardo,CAR,Coche,5064.58,3,33.25555555555555,50.516666666666666,False,48,0.25862124084880767,0.28664056765353557,0.3860670424199896
MAD-085,La Paz,Fuencarral - El Pardo,CAR,Coche,5106.44,3,32.49444444444444,49.766666666666666,False,45,0.26205260495949334,0.2698801076584291,0.37617394949116506
MAD-086,Valverde,Fuencarral - El Pardo,CAR,Coche,4878.72,3,38.672222222222224,53.71666666666667,False,58,0.24338585304154448,0.4059212136041107,0.47329557901441927
MAD-087,Mirasierra,Fuencarral - El Pardo,CAR,Coche,6402.83,3,36.57222222222222,50.25,False,78,0.36832078745953634,0.3596770247125031,0.5148084736878867
MAD-088,El Goloso,Fuencarral - El Pardo,CAR,Coche,7247.17,3,42.077777777777776,57.85,False,98,0.43753335251487185,0.48091509664790805,0.6501651826626599
MAD-092,Argüelles,Moncloa - Aravaca,CAR,Coche,7554.87,3,23.48333333333333,37.98333333333333,False,3,0.46275625592762826,0.07144604844629304,0.46823913787587923
MAD-094,Valdezarza,Moncloa - Aravaca,CAR,Coche,4484.04,3,32.13333333333333,51.31666666666666,False,36,0.21103299142650808,0.2619280645950575,0.33636473431817027
MAD-095,Valdemarín,Moncloa - Aravaca,CAR,Coche,6710.42,3,31.116666666666664,40.15,False,56,0.3935346739097468,0.23954000489356492,0.4607048442480932
MAD-096,El Plantío,Moncloa - Aravaca,CAR,Coche,5946.59,3,33.849999999999994,39.81666666666666,False,68,0.33092170571421314,0.2997308539270858,0.44648377362303365
MAD-097,Aravaca,Moncloa - Aravaca,CAR,Coche,5644.82,3,31.95555555555556,41.9,False,46,0.30618489855507275,0.2580132126253977,0.4003998126778519
MAD-101,Los Cármenes,Latina,CAR,Coche,3502.59,3,30.73888888888889,33.416666666666664,False,17,0.1305811924195216,0.23122094445803776,0.26554580201873107
MAD-102,Puerta del Ángel,Latina,CAR,Coche,4033.3,3,28.311111111111114,35.3,False,13,0.17408475780848467,0.17775874724736979,0.24880449176852307
MAD-103,Lucero,Latina,CAR,Coche,3310.43,3,30.977777777777778,34.5,False,13,0.11482937857553305,0.2364815267922682,0.26288647492414924
MAD-104,Aluche,Latina,CAR,Coche,3360.3,3,30.70555555555556,34.71666666666667,False,13,0.11891734150434087,0.23048690971372657,0.25935602877096103
MAD-105,Campamento,Latina,CAR,Coche,3295.84,3,34.66111111111111,39.4,False,21,0.11363340145238678,0.3175923660386592,0.33730914735843287
MAD-106,Cuatro Vientos,Latina,CAR,Coche,4673.53,3,32.76111111111111,41.83333333333333,False,43,0.2265659389977892,0.2757523856129191,0.35689144411874874
MAD-107,Águilas,Latina,CAR,Coche,3231.64,3,34.588888888888896,42.95,False,18,0.10837077422099592,0.316001957425985,0.33406804965801823
MAD-111,Comillas,Carabanchel,CAR,Coche,4105.51,3,24.933333333333334,27.58333333333333,False,1,0.18000398385799762,0.10337655982383166,0.20757684679597704
MAD-112,Opañel,Carabanchel,CAR,Coche,3500.89,3,27.472222222222218,31.3,False,5,0.13044183936199252,0.15928553951553698,0.20588092809897557
MAD-113,San Isidro,Carabanchel,CAR,Coche,3670.03,3,30.255555555555556,33.33333333333333,False,14,0.1443066488622643,0.22057744066552487,0.2635883461695717
MAD-114,Vista Alegre,Carabanchel,CAR,Coche,3213.22,3,30.561111111111114,37.15,False,10,0.10686084285647536,0.22730609248837785,0.25117185236075185
MAD-115,Puerta Bonita,Carabanchel,CAR,Coche,2905.06,3,32.48333333333333,39.33333333333333,False,6,0.08160023214579937,0.2696354294103253,0.28171237580116865
MAD-116,Buenavista,Carabanchel,CAR,Coche,3291.57,3,27.8,36.2,False,6,0.11328337936082854,0.16650354783459753,0.2013865821769601
MAD-117,Abrantes,Carabanchel,CAR,Coche,2912.9,3,25.07777777777778,30.25,True,0,0.08224289565816861,0.10655737704918035,0.13460448911474535
MAD-121,Orcasitas,Usera,CAR,Coche,2357.51,3,28.083333333333332,33.18333333333334,True,0,0.036716251763431,0.17274284316124294,0.17660173557183811
MAD-122,Orcasur,Usera,CAR,Coche,3403.28,3,28.188888888888886,29.833333333333336,False,9,0.12244051468822216,0.17506728651822848,0.21363575179724073
MAD-123,San Fermín,Usera,CAR,Coche,2755.18,3,26.994444444444444,29.28333333333333,False,1,0.06931421081494488,0.14876437484707608,0.16411977042556447
MAD-124,Almendrales,Usera,CAR,Coche,4323.83,3,26.944444444444446,29.016666666666666,False,6,0.1979001953401977,0.1476633227306093,0.2469189020620586
MAD-125,Moscardó,Usera,CAR,Coche,3739.18,3,24.877777777777776,26.95,True,0,0.14997503940822496,0.1021531685833129,0.18146013969219074
MAD-126,Zofío,Usera,CAR,Coche,3089.05,3,27.044444444444448,31.166666666666668,False,3,0.09668233158978069,0.14986542696354302,0.17834550580432731
MAD-127,Pradolongo,Usera,CAR,Coche,3390.16,3,27.633333333333336,31.1,False,6,0.12136503697364506,0.16283337411304144,0.20308663157542386
MAD-131,Entrevías,Puente de Vallecas,CAR,Coche,2430.16,3,30.183333333333334,31.53333333333333,False,1,0.04267154566312792,0.21898703205285053,0.22310576195292806
MAD-132,San Diego,Puente de Vallecas,CAR,Coche,3078.32,3,27.627777777777776,32.96666666666667,False,3,0.0958027678796121,0.16271103498898945,0.1888201558112454
MAD-133,Palomeras Bajas,Puente de Vallecas,CAR,Coche,2985.52,3,32.172222222222224,35.61666666666667,False,7,0.08819573038626209,0.2627844384634207,0.2771897327768501
MAD-134,Palomeras Sureste,Puente de Vallecas,CAR,Coche,2701.36,3,26.188888888888886,28.05,True,0,0.06490245695834904,0.13102520185955463,0.14621878279334494
MAD-135,Portazgo,Puente de Vallecas,CAR,Coche,2703.76,3,29.094444444444445,31.316666666666663,False,2,0.06509919068662533,0.19500856373868367,0.20558755934997103
MAD-136,Numancia,Puente de Vallecas,CAR,Coche,3239.46,3,27.25,34.516666666666666,False,4,0.10901179828562951,0.1543919745534622,0.18899855547591812
MAD-141,Pavones,Moratalaz,CAR,Coche,3721.75,3,29.03333333333333,34.68333333333334,False,11,0.1485462607066184,0.19366283337411302,0.24407229379921044
MAD-142,Horcajo,Moratalaz,CAR,Coche,4736.6,3,26.188888888888886,31.366666666666667,False,5,0.23173593743211665,0.13102520185955463,0.2662125996640259
MAD-143,Marroquina,Moratalaz,CAR,Coche,4301.17,3,27.33888888888889,34.63333333333333,False,9,0.19604270105572238,0.15634940053829216,0.25075461249178777
MAD-144,Media Legua,Moratalaz,CAR,Coche,3876.72,3,25.538888888888888,35.016666666666666,False,2,0.16124952148619215,0.11671152434548566,0.19905523880212958
MAD-145,Fontarrón,Moratalaz,CAR,Coche,3770.04,3,28.54444444444444,35.21666666666667,False,12,0.15250470726431095,0.18289699045754826,0.23813650466948927
MAD-146,Vinateros,Moratalaz,CAR,Coche,3899.66,3,28.366666666666664,37.05,False,13,0.1631299680389664,0.17898213848788838,0.2421693464707948
MAD-151,Ventas,Ciudad Lineal,CAR,Coche,4133.07,3,26.677777777777777,38.36666666666667,False,5,0.18226314283770367,0.1417910447761194,0.23092109824738982
MAD-152,Pueblo Nuevo,Ciudad Lineal,CAR,Coche,3794.82,3,31.155555555555555,43.36666666666667,False,24,0.1545359830087637,0.2403963787619281,0.28578276534167224
MAD-153,Quintana,Ciudad Lineal,CAR,Coche,4436.01,3,28.75,41.75,False,20,0.2070958576893788,0.18742353804746759,0.2793139396563121
MAD-154,La Concepción,Ciudad Lineal,CAR,Coche,5658.13,3,26.849999999999998,39.81666666666666,False,9,0.30727595102313837,0.1455835576217274,0.3400192381718613
MAD-155,San Pascual,Ciudad Lineal,CAR,Coche,5566.9,3,25.822222222222223,38.53333333333333,False,5,0.29979761017703577,0.12295081967213116,0.3240301083632674
MAD-156,San Juan Bautista,Ciudad Lineal,CAR,Coche,5764.6,3,27.07777777777778,40.83333333333333,False,15,0.31600355104379546,0.1505994617078542,0.3500549130336326
MAD-157,Colina,Ciudad Lineal,CAR,Coche,6519.78,3,27.527777777777775,41.5,False,27,0.3779074580936666,0.16050893075605574,0.4105814946332441
MAD-158,Atalaya,Ciudad Lineal,CAR,Coche,7800.28,3,27.811111111111114,41.71666666666667,False,48,0.482873099367747,0.16674822608270132,0.5108536003540953
MAD-161,Palomas,Hortaleza,CAR,Coche,5435.02,3,32.4,43.766666666666666,False,47,0.28898709180825355,0.2678003425495474,0.3939930998145106
MAD-162,Piovera,Hortaleza,CAR,Coche,6502.07,3,33.922222222222224,47.75,False,74,0.3764557271237611,0.3013212625397603,0.4821964514000853
MAD-163,Canillas,Hortaleza,CAR,Coche,4785.95,3,31.911111111111108,45.98333333333333,False,37,0.2357812747197979,0.2570344996329826,0.34879728139718996
MAD-164,Pinar del Rey,Hortaleza,CAR,Coche,4266.54,3,33.59444444444444,46.88333333333333,False,39,0.19320399730146903,0.2941032542206998,0.3518870681290684
MAD-165,Apóstol Santiago,Hortaleza,CAR,Coche,4162.46,3,31.944444444444443,45.55,False,32,0.18467231128522046,0.25776853437729386,0.31709380295181344
MAD-171,Villaverde Alto - Casco Histórico de Villaverde,Villaverde,CAR,Coche,2928.26,3,34.56666666666667,41.7,False,10,0.0835019915191369,0.31551260092977745,0.3263752195451349
MAD-172,San Cristóbal,Villaverde,CAR,Coche,1909.6,3,37.05555555555555,42.53333333333333,True,0,0.0,0.37032052850501584,0.37032052850501584
MAD-173,Butarque,Villaverde,CAR,Coche,3143.01,3,32.644444444444446,36.7,False,13,0.10110556158052601,0.2731832640078298,0.2912926884020352
MAD-175,Ángeles,Villaverde,CAR,Coche,2956.03,3,30.33888888888889,33.9,False,6,0.08577836470006717,0.22241252752630294,0.2383804946954683
MAD-181,Casco Histórico de Vallecas,Villa de Vallecas,CAR,Coche,2915.21,3,65.64999999999999,67.88333333333333,False,11,0.08243225187163454,1.0,1.003391785968287
MAD-182,Santa Eugenia,Villa de Vallecas,CAR,Coche,2899.99,3,32.550000000000004,35.28333333333333,False,6,0.0811846321448157,0.271103498898948,0.2829983243974087
MAD-183,Ensanche de Vallecas,Villa de Vallecas,CAR,Coche,3552.31,3,33.82222222222222,34.900000000000006,False,26,0.13465685949031211,0.2991191583068266,0.3280316153573891
MAD-191,Casco Histórico de Vicálvaro,Vicálvaro,CAR,Coche,3355.2,3,34.08888888888889,34.88333333333333,False,20,0.11849928233175372,0.3049914362613164,0.3272030808318915
MAD-192,Valdebernardo,Vicálvaro,CAR,Coche,4117.97,3,29.638888888888886,34.75,False,19,0.18102535979729872,0.20699779789576703,0.2749877619521245
MAD-193,Valderrivas,Vicálvaro,CAR,Coche,3546.72,3,31.48333333333333,36.91666666666666,False,19,0.13419863384820188,0.24761438708098849,0.2816418967700249
MAD-194,El Cañaveral,Vicálvaro,CAR,Coche,4587.55,3,36.70555555555555,40.66666666666666,False,51,0.21951795318229103,0.3626131636897479,0.4238825760165548
MAD-201,Simancas,San Blas - Canillejas,CAR,Coche,3690.7,3,31.07777777777778,43.7,False,20,0.14600101809704383,0.23868363102520193,0.27979666367694245
MAD-202,Hellín,San Blas - Canillejas,CAR,Coche,2498.86,3,33.43333333333333,42.33333333333333,False,2,0.04830304863503682,0.2905554196231955,0.2945430976611911
MAD-203,Amposta,San Blas - Canillejas,CAR,Coche,2544.1,3,32.35,42.23333333333333,False,2,0.052011479413044924,0.26669929043308055,0.271723582907782
MAD-204,Arcos,San Blas - Canillejas,CAR,Coche,3145.08,3,30.127777777777776,39.7,False,7,0.1012752444211643,0.2177636408123318,0.24016177546064407
MAD-205,Rosas,San Blas - Canillejas,CAR,Coche,4493.65,3,30.494444444444444,37.68333333333333,False,28,0.21182074606348103,0.22583802299975533,0.3096301682577583
MAD-206,Rejas,San Blas - Canillejas,CAR,Coche,3580.16,3,33.78888888888889,42.75,False,26,0.1369397904621849,0.2983851235625154,0.32830806900721266
MAD-211,Alameda de Osuna,Barajas,CAR,Coche,5052.01,3,34.72777777777778,45.96666666666666,False,56,0.25759084794696063,0.31906043552728175,0.4100641492070392
MAD-213,Casco Histórico de Barajas,Barajas,CAR,Coche,3962.41,3,38.19444444444445,48.28333333333333,False,41,0.16827373530952364,0.39540004893564984,0.42971763833165366
MAD-214,Timón,Barajas,CAR,Coche,4418.93,3,41.96666666666666,54.8,False,50,0.20569576932314584,0.4784683141668706,0.5208096362195385
MAD-021,Imperial,Arganzuela,TRANSIT,Transporte público,5855.12,3,111.25,144.83333333333331,False,4,0.3234236914952829,0.08038026752795642,0.33326246657597336
MAD-022,Acacias,Arganzuela,TRANSIT,Transporte público,5736.45,3,108.15555555555555,137.64999999999998,False,1,0.31369602835588806,0.06340839148054483,0.32004034482609867
MAD-023,Chopera,Arganzuela,TRANSIT,Transporte público,5473.88,3,113.2,141.41666666666669,False,3,0.2921725387585938,0.09107529175172925,0.306038398199155
MAD-024,Legazpi,Arganzuela,TRANSIT,Transporte público,7113.37,3,130.86111111111111,156.06666666666666,False,28,0.42656544716346856,0.18793991285535824,0.4661324828392134
MAD-025,Delicias,Arganzuela,TRANSIT,Transporte público,5426.01,3,121.2611111111111,158.68333333333334,False,10,0.2882485206033496,0.13528748590755357,0.31841782844747585
MAD-026,Palos de la Frontera,Arganzuela,TRANSIT,Transporte público,5784.65,3,96.59444444444443,136.76666666666665,True,0,0.31764709739877023,0.0,0.31764709739877023
MAD-027,Atocha,Arganzuela,TRANSIT,Transporte público,6810.36,3,123.34444444444443,159.56666666666666,False,19,0.40172699424471875,0.14671379383893476,0.42767921998562164
MAD-031,Pacífico,Retiro,TRANSIT,Transporte público,6286.22,3,113.00555555555555,163.41666666666666,False,6,0.35876198743691207,0.09000883634480027,0.3698807297627549
MAD-032,Adelfas,Retiro,TRANSIT,Transporte público,5741.86,3,126.17777777777776,170.45,False,16,0.3141394989683775,0.16225357262561318,0.3535673155735388
MAD-033,Estrella,Retiro,TRANSIT,Transporte público,6590.79,3,136.91666666666666,206.31666666666663,False,31,0.38372831727904144,0.2211523812425729,0.4428947924858284
MAD-034,Ibiza,Retiro,TRANSIT,Transporte público,9264.05,3,113.3722222222222,190.41666666666663,False,11,0.6028618199673257,0.09201986654072332,0.609844266852193
MAD-036,Niño Jesús,Retiro,TRANSIT,Transporte público,7639.04,3,117.61666666666667,181.3,False,15,0.46965587172305145,0.11529906456625745,0.48360160476759523
MAD-041,Recoletos,Salamanca,TRANSIT,Transporte público,14108.83,3,99.02777777777777,172.58333333333331,False,2,1.0,0.013345927663853277,1.0000890529273925
MAD-042,Goya,Salamanca,TRANSIT,Transporte público,9638.66,3,108.2722222222222,189.96666666666664,False,4,0.6335694957796516,0.06404826472470207,0.6367986229544843
MAD-043,Fuente del Berro,Salamanca,TRANSIT,Transporte público,7598.53,3,128.0388888888889,214.9,False,26,0.46633517033452115,0.17246107437764716,0.49720349281397774
MAD-044,Guindalera,Salamanca,TRANSIT,Transporte público,6722.25,3,126.75555555555555,222.03333333333333,False,21,0.39450440724537533,0.16542246869191626,0.427783029682283
MAD-045,Lista,Salamanca,TRANSIT,Transporte público,10066.56,3,113.66666666666664,202.96666666666664,False,14,0.668645480083579,0.0936347847283585,0.6751697941609399
MAD-046,Castellana,Salamanca,TRANSIT,Transporte público,11685.39,3,103.10555555555555,184.38333333333333,False,2,0.8013448389775419,0.03571102105487679,0.8021401548237842
MAD-052,Prosperidad,Chamartín,TRANSIT,Transporte público,6448.55,3,133.11111111111111,226.81666666666663,False,28,0.37206856498319985,0.20028032542124996,0.4225484892879152
MAD-054,Hispanoamérica,Chamartín,TRANSIT,Transporte público,7860.68,3,126.72222222222221,216.3333333333333,False,26,0.48782423152936705,0.16523964776501418,0.5150501160670905
MAD-055,Nueva España,Chamartín,TRANSIT,Transporte público,8183.21,3,135.36111111111111,231.65,False,39,0.5142627854380973,0.21262073798714165,0.5564834145855088
MAD-056,Castilla,Chamartín,TRANSIT,Transporte público,5913.07,3,154.9888888888889,248.9,False,45,0.32817399130928754,0.3202717937779946,0.45855445746567836
MAD-061,Bellas Vistas,Tetuán,TRANSIT,Transporte público,5223.92,3,128.73888888888888,233.56666666666663,False,14,0.2716827209586179,0.17630031384259118,0.32387235375757895
MAD-063,Castillejos,Tetuán,TRANSIT,Transporte público,6438.0,3,122.56666666666666,220.13333333333333,False,17,0.3712037563026519,0.14244797221121913,0.39759735094727033
MAD-064,Almenara,Tetuán,TRANSIT,Transporte público,4987.49,3,132.11111111111111,229.65,False,16,0.25230198955179955,0.19479569761418697,0.31875014939728913
MAD-065,Valdeacederas,Tetuán,TRANSIT,Transporte público,5274.19,3,151.79444444444445,247.01666666666665,False,30,0.2758034728421384,0.3027514549498767,0.40954364737601706
MAD-066,Berruguete,Tetuán,TRANSIT,Transporte público,4789.99,3,140.11666666666665,243.01666666666665,False,21,0.23611244316239632,0.2387031902251744,0.3357503519578075
MAD-071,Gaztambide,Chamberí,TRANSIT,Transporte público,7413.6,3,113.1611111111111,188.9833333333333,False,7,0.45117601684696496,0.09086200067034338,0.46023439826213586
MAD-072,Arapiles,Chamberí,TRANSIT,Transporte público,7591.52,3,112.91111111111111,193.26666666666668,False,5,0.4657605439031808,0.08949084371857771,0.4742799757173496
MAD-073,Trafalgar,Chamberí,TRANSIT,Transporte público,8568.41,3,105.84444444444443,198.13333333333333,False,1,0.5458385488264423,0.05073280721533258,0.548191151983416
MAD-074,Almagro,Chamberí,TRANSIT,Transporte público,10795.41,3,98.84444444444443,186.0833333333333,False,1,0.7283910541894857,0.012340412565891709,0.7284955824200766
MAD-076,Vallehermoso,Chamberí,TRANSIT,Transporte público,6752.36,3,117.05,210.13333333333333,False,12,0.396972595811375,0.11219110880892169,0.4125216197013153
MAD-082,Fuentelarreina,Fuencarral - El Pardo,TRANSIT,Transporte público,5341.25,3,164.95,252.25,False,45,0.2813005410997252,0.3749047807672385,0.46870415942802274
MAD-083,Peñagrande,Fuencarral - El Pardo,TRANSIT,Transporte público,5467.26,3,159.62777777777777,253.71666666666667,False,40,0.2916298815580984,0.34571437277186995,0.4522901893238874
MAD-084,Pilar,Fuencarral - El Pardo,TRANSIT,Transporte público,5064.58,3,160.50555555555556,266.66666666666663,False,38,0.25862124084880767,0.35052865718029197,0.4356090973829583
MAD-085,La Paz,Fuencarral - El Pardo,TRANSIT,Transporte público,5106.44,3,162.0611111111111,272.0,False,40,0.26205260495949334,0.35906030043572323,0.44451756671142717
MAD-086,Valverde,Fuencarral - El Pardo,TRANSIT,Transporte público,4878.72,3,175.93888888888887,269.25,False,48,0.24338585304154448,0.43517474633596387,0.49861180622738044
MAD-087,Mirasierra,Fuencarral - El Pardo,TRANSIT,Transporte público,6402.83,3,195.69444444444443,297.1333333333333,False,83,0.36832078745953634,0.5435266156799414,0.6565678825736937
MAD-088,El Goloso,Fuencarral - El Pardo,TRANSIT,Transporte público,7247.17,3,178.26666666666665,282.8666666666667,False,86,0.43753335251487185,0.44794174106462714,0.6261686976773213
MAD-091,Casa de Campo,Moncloa - Aravaca,TRANSIT,Transporte público,5378.62,3,163.0388888888889,202.4,False,45,0.2843638491937606,0.3644230476248515,0.46224123179188226
MAD-093,Ciudad Universitaria,Moncloa - Aravaca,TRANSIT,Transporte público,5822.75,3,161.9888888888889,243.61666666666667,False,52,0.3207702453351564,0.35866418842743547,0.48117933284035314
MAD-094,Valdezarza,Moncloa - Aravaca,TRANSIT,Transporte público,4484.04,3,161.92222222222222,258.81666666666666,False,35,0.21103299142650808,0.35829854657363114,0.41582781526395896
MAD-095,Valdemarín,Moncloa - Aravaca,TRANSIT,Transporte público,6710.42,3,150.98333333333332,186.15,False,44,0.3935346739097468,0.2983028123952588,0.4938158639130295
MAD-096,El Plantío,Moncloa - Aravaca,TRANSIT,Transporte público,5946.59,3,158.4777777777778,202.65,False,48,0.33092170571421314,0.3394070507937476,0.4740319835636767
MAD-097,Aravaca,Moncloa - Aravaca,TRANSIT,Transporte público,5644.82,3,146.1,169.35,False,30,0.30618489855507275,0.2715195466041013,0.4092334984960016
MAD-101,Los Cármenes,Latina,TRANSIT,Transporte público,3502.59,3,120.27222222222223,157.46666666666667,False,3,0.1305811924195216,0.129863798409458,0.18416311778159186
MAD-102,Puerta del Ángel,Latina,TRANSIT,Transporte público,4033.3,3,114.27222222222223,147.18333333333334,False,3,0.17408475780848467,0.09695603156708012,0.19926358161609814
MAD-103,Lucero,Latina,TRANSIT,Transporte público,3310.43,3,121.89444444444445,156.9,False,2,0.11482937857553305,0.1387610835186935,0.18011225522802418
MAD-104,Aluche,Latina,TRANSIT,Transporte público,3360.3,3,120.72222222222221,166.11666666666667,False,2,0.11891734150434087,0.13233188092263629,0.17791307096158737
MAD-106,Cuatro Vientos,Latina,TRANSIT,Transporte público,4673.53,3,158.0388888888889,226.4,False,32,0.2265659389977892,0.3369999085895366,0.40608011906926195
MAD-107,Águilas,Latina,TRANSIT,Transporte público,3231.64,3,143.04999999999998,207.5333333333333,False,9,0.10837077422099592,0.25479143179255914,0.2768806573600987
MAD-111,Comillas,Carabanchel,TRANSIT,Transporte público,4105.51,3,109.9888888888889,141.5,False,1,0.18000398385799762,0.07346354246016036,0.1944179165497513
MAD-112,Opañel,Carabanchel,TRANSIT,Transporte público,3500.89,3,105.88333333333333,143.64999999999998,True,0,0.13044183936199252,0.050946098296718374,0.1400377748602096
MAD-113,San Isidro,Carabanchel,TRANSIT,Transporte público,3670.03,3,116.16111111111111,151.21666666666664,False,3,0.1443066488622643,0.10731588409153239,0.17983633638451396
MAD-114,Vista Alegre,Carabanchel,TRANSIT,Transporte público,3213.22,3,114.59999999999998,167.01666666666665,True,0,0.10686084285647536,0.0987537706816173,0.14550445683838614
MAD-115,Puerta Bonita,Carabanchel,TRANSIT,Transporte público,2905.06,3,123.35000000000001,171.61666666666667,True,0,0.08160023214579937,0.14674426399341856,0.16790615504268586
MAD-116,Buenavista,Carabanchel,TRANSIT,Transporte público,3291.57,3,112.95555555555553,161.89999999999998,True,0,0.11328337936082854,0.08973460495444706,0.1445178998108541
MAD-117,Abrantes,Carabanchel,TRANSIT,Transporte público,2912.9,3,124.12222222222222,157.63333333333333,False,1,0.08224289565816861,0.15097961546665045,0.17192654877213714
MAD-121,Orcasitas,Usera,TRANSIT,Transporte público,2357.51,3,142.61666666666665,179.7,True,0,0.036716251763431,0.25241475974283184,0.2550711549344362
MAD-122,Orcasur,Usera,TRANSIT,Transporte público,3403.28,3,129.61666666666667,146.8,False,7,0.12244051468822216,0.18111459825101323,0.2186187945642887
MAD-123,San Fermín,Usera,TRANSIT,Transporte público,2755.18,3,129.89444444444445,139.03333333333333,True,0,0.06931421081494488,0.18263810597519736,0.19534875882663305
MAD-124,Almendrales,Usera,TRANSIT,Transporte público,4323.83,3,120.51666666666665,133.41666666666666,False,8,0.1979001953401977,0.13120448520673997,0.23744284418371941
MAD-125,Moscardó,Usera,TRANSIT,Transporte público,3739.18,3,113.42777777777776,139.93333333333334,False,2,0.14997503940822496,0.09232456808556017,0.17611456020921115
MAD-126,Zofío,Usera,TRANSIT,Transporte público,3089.05,3,128.4611111111111,164.7,False,2,0.09668233158978069,0.17477680611840707,0.19973583854328086
MAD-127,Pradolongo,Usera,TRANSIT,Transporte público,3390.16,3,132.32222222222222,157.31666666666666,False,8,0.12136503697364506,0.1959535634845669,0.23049353839514553
MAD-131,Entrevías,Puente de Vallecas,TRANSIT,Transporte público,2430.16,3,155.30555555555557,193.05,False,2,0.04267154566312792,0.3220085925835645,0.3248236360041068
MAD-132,San Diego,Puente de Vallecas,TRANSIT,Transporte público,3078.32,3,143.43333333333337,174.6,False,7,0.0958027678796121,0.25689387245193357,0.27417627912849274
MAD-133,Palomeras Bajas,Puente de Vallecas,TRANSIT,Transporte público,2985.52,3,164.99999999999997,204.0833333333333,False,10,0.08819573038626209,0.37517901215759153,0.3854059911598579
MAD-134,Palomeras Sureste,Puente de Vallecas,TRANSIT,Transporte público,2701.36,3,176.81111111111113,218.28333333333336,False,4,0.06490245695834904,0.43995856058990235,0.4447199837600837
MAD-135,Portazgo,Puente de Vallecas,TRANSIT,Transporte público,2703.76,3,162.49444444444444,203.95,False,3,0.06509919068662533,0.36143697248545054,0.3672527599726133
MAD-136,Numancia,Puente de Vallecas,TRANSIT,Transporte público,3239.46,3,152.30555555555557,198.55,False,12,0.10901179828562951,0.3055547091623756,0.3244183294093765
MAD-141,Pavones,Moratalaz,TRANSIT,Transporte público,3721.75,3,159.54444444444445,202.55,False,24,0.1485462607066184,0.34525732045461477,0.3758571655528456
MAD-142,Horcajo,Moratalaz,TRANSIT,Transporte público,4736.6,3,165.99444444444444,236.28333333333333,False,41,0.23173593743211665,0.380633169810171,0.4456266987707091
MAD-143,Marroquina,Moratalaz,TRANSIT,Transporte público,4301.17,3,160.20555555555555,209.41666666666663,False,32,0.19604270105572238,0.348883268838173,0.40019029962310715
MAD-144,Media Legua,Moratalaz,TRANSIT,Transporte público,3876.72,3,135.11666666666667,198.21666666666664,False,15,0.16124952148619215,0.21128005118985962,0.2657831225084009
MAD-145,Fontarrón,Moratalaz,TRANSIT,Transporte público,3770.04,3,148.2222222222222,192.0333333333333,False,20,0.15250470726431095,0.2831591456168682,0.32161590054636285
MAD-146,Vinateros,Moratalaz,TRANSIT,Transporte público,3899.66,3,151.35,200.61666666666667,False,23,0.1631299680389664,0.30031384259118193,0.34175984334657483
MAD-151,Ventas,Ciudad Lineal,TRANSIT,Transporte público,4133.07,3,154.25555555555556,226.65,False,27,0.18226314283770367,0.3162497333861483,0.3650119821374184
MAD-152,Pueblo Nuevo,Ciudad Lineal,TRANSIT,Transporte público,3794.82,3,167.65555555555554,243.56666666666663,False,30,0.1545359830087637,0.38974374600079215,0.4192631126049785
MAD-153,Quintana,Ciudad Lineal,TRANSIT,Transporte público,4436.01,3,152.57777777777778,237.78333333333333,False,28,0.2070958576893788,0.307047746732076,0.37036065266891477
MAD-154,La Concepción,Ciudad Lineal,TRANSIT,Transporte público,5658.13,3,147.61666666666665,233.0833333333333,False,31,0.30727595102313837,0.27983789877814674,0.41560529312045874
MAD-155,San Pascual,Ciudad Lineal,TRANSIT,Transporte público,5566.9,3,145.11666666666667,238.88333333333333,False,29,0.29979761017703577,0.26612632926048946,0.4008763278038806
MAD-156,San Juan Bautista,Ciudad Lineal,TRANSIT,Transporte público,5764.6,3,145.35555555555555,238.05,False,32,0.31600355104379546,0.26743654590328775,0.4139813405903338
MAD-157,Colina,Ciudad Lineal,TRANSIT,Transporte público,6519.78,3,149.2888888888889,242.36666666666667,False,41,0.3779074580936666,0.2890094152777355,0.47575255017918183
MAD-158,Atalaya,Ciudad Lineal,TRANSIT,Transporte público,7800.28,3,159.58333333333331,258.9,False,65,0.482873099367747,0.34547061153600045,0.5937308931898965
MAD-161,Palomas,Hortaleza,TRANSIT,Transporte público,5435.02,3,163.09444444444443,265.91666666666663,False,47,0.28898709180825355,0.36472774916968825,0.46533844698904797
MAD-162,Piovera,Hortaleza,TRANSIT,Transporte público,6502.07,3,162.43888888888887,264.7,False,61,0.3764557271237611,0.3611322709406136,0.521666015376701
MAD-163,Canillas,Hortaleza,TRANSIT,Transporte público,4785.95,3,184.32777777777778,281.81666666666666,False,53,0.2357812747197979,0.48118467960632566,0.5358465315706868
MAD-164,Pinar del Rey,Hortaleza,TRANSIT,Transporte público,4266.54,3,183.91111111111113,275.5,False,45,0.19320399730146903,0.4788994180200495,0.5164033667136652
MAD-165,Apóstol Santiago,Hortaleza,TRANSIT,Transporte público,4162.46,3,185.04999999999998,280.9833333333333,False,45,0.18467231128522046,0.48514579968920435,0.5191052971329642
MAD-166,Valdefuentes,Hortaleza,TRANSIT,Transporte público,5977.26,3,210.11111111111111,302.9,False,84,0.3334357988168106,0.6225966665650995,0.7062620201813051
MAD-171,Villaverde Alto - Casco Histórico de Villaverde,Villaverde,TRANSIT,Transporte público,2928.26,3,133.0611111111111,170.73333333333335,False,3,0.0835019915191369,0.20000609403089675,0.2167372147028699
MAD-172,San Cristóbal,Villaverde,TRANSIT,Transporte público,1909.6,3,150.11111111111111,174.28333333333336,True,0,0.0,0.29351899814132065,0.29351899814132065
MAD-173,Butarque,Villaverde,TRANSIT,Transporte público,3143.01,3,172.67222222222222,188.3333333333333,False,13,0.10110556158052601,0.4172582954995582,0.4293329940101391
MAD-174,Los Rosales,Villaverde,TRANSIT,Transporte público,2807.4,3,135.94444444444446,154.21666666666667,False,1,0.0735948088526899,0.21582010420792846,0.22802305425194416
MAD-175,Ángeles,Villaverde,TRANSIT,Transporte público,2956.03,3,139.33333333333334,159.81666666666666,False,5,0.08577836470006717,0.23440689844297521,0.24960873760402102
MAD-181,Casco Histórico de Vallecas,Villa de Vallecas,TRANSIT,Transporte público,2915.21,3,278.9222222222222,316.4666666666667,False,12,0.08243225187163454,1.0,1.003391785968287
MAD-182,Santa Eugenia,Villa de Vallecas,TRANSIT,Transporte público,2899.99,3,181.56666666666663,210.61666666666667,False,8,0.0811846321448157,0.4660410128279349,0.4730593727368441
MAD-183,Ensanche de Vallecas,Villa de Vallecas,TRANSIT,Transporte público,3552.31,3,218.6833333333333,255.2333333333333,False,32,0.13465685949031211,0.6696121149334227,0.683017462641626
MAD-191,Casco Histórico de Vicálvaro,Vicálvaro,TRANSIT,Transporte público,3355.2,3,187.19444444444443,204.16666666666663,False,24,0.11849928233175372,0.4969072793199061,0.5108413884507126
MAD-192,Valdebernardo,Vicálvaro,TRANSIT,Transporte público,4117.97,3,165.1888888888889,206.51666666666665,False,33,0.18102535979729872,0.37621499741003694,0.41750198222999557
MAD-193,Valderrivas,Vicálvaro,TRANSIT,Transporte público,3546.72,3,174.01666666666665,235.0666666666667,False,25,0.13419863384820188,0.42463207288460947,0.44533321305400525
MAD-194,El Cañaveral,Vicálvaro,TRANSIT,Transporte público,4587.55,3,205.58333333333334,250.55,False,53,0.21951795318229103,0.5977634906608977,0.6367961389145224
MAD-201,Simancas,San Blas - Canillejas,TRANSIT,Transporte público,3690.7,3,165.67222222222222,240.4,False,26,0.14600101809704383,0.37886590085011734,0.40602422109074265
MAD-202,Hellín,San Blas - Canillejas,TRANSIT,Transporte público,2498.86,3,175.19999999999996,255.9833333333333,False,3,0.04830304863503682,0.4311222157896339,0.43381971999299707
MAD-203,Amposta,San Blas - Canillejas,TRANSIT,Transporte público,2544.1,3,181.9333333333333,262.9,False,4,0.052011479413044924,0.46805204302385806,0.4709330196211995
MAD-204,Arcos,San Blas - Canillejas,TRANSIT,Transporte público,3145.08,3,176.9777777777778,256.68333333333334,False,16,0.1012752444211643,0.44087266522441276,0.4523553714444471
MAD-205,Rosas,San Blas - Canillejas,TRANSIT,Transporte público,4493.65,3,200.2722222222222,281.54999999999995,False,52,0.21182074606348103,0.5686340229744965,0.6068053069535977
MAD-206,Rejas,San Blas - Canillejas,TRANSIT,Transporte público,3580.16,3,154.59444444444443,253.75,False,20,0.1369397904621849,0.31810841280965296,0.34633144314674014
MAD-207,Canillejas,San Blas - Canillejas,TRANSIT,Transporte público,3409.64,3,158.52777777777777,259.5333333333333,False,19,0.12296185906815431,0.3396812821841007,0.3612519788897097
MAD-208,El Salvador,San Blas - Canillejas,TRANSIT,Transporte público,4735.53,3,176.4333333333333,266.2166666666667,False,46,0.2316482269782601,0.43788659008501163,0.4953842617993132
MAD-211,Alameda de Osuna,Barajas,TRANSIT,Transporte público,5052.01,3,162.2722222222222,256.65,False,39,0.25759084794696063,0.36021816630610315,0.4428432818537113
MAD-213,Casco Histórico de Barajas,Barajas,TRANSIT,Transporte público,3962.41,3,172.9,268.93333333333334,False,34,0.16827373530952364,0.41850757183338927,0.45107054623074105
MAD-214,Timón,Barajas,TRANSIT,Transporte público,4418.93,3,214.04999999999995,328.29999999999995,False,50,0.20569576932314584,0.6442000060940307,0.6762428538394991
MAD-215,Corralejos,Barajas,TRANSIT,Transporte público,4890.3,3,183.0277777777778,283.1,False,54,0.24433509328047756,0.47405466345714387,0.5333174118232459
MAD-011,Palacio,Centro,WALK,A pie,6895.15,3,176.20555555555555,350.0,False,2,0.4086774329199465,0.09009874675444153,0.41849137188806934
MAD-012,Embajadores,Centro,WALK,A pie,6054.75,3,159.7222222222222,327.96666666666664,True,0,0.3397878390685314,0.029440026168912052,0.34106083140649324
MAD-013,Cortes,Centro,WALK,A pie,7246.75,3,157.97777777777776,347.46666666666664,True,0,0.43749892411242347,0.023020464907079836,0.43810415474412717
MAD-014,Justicia,Centro,WALK,A pie,9541.9,3,163.0388888888889,379.5,False,3,0.6256378476346458,0.04164537035144031,0.6270223706253397
MAD-015,Universidad,Centro,WALK,A pie,7135.43,3,167.24444444444444,375.76666666666665,False,1,0.4283737580158748,0.05712182855273647,0.43216545425780095
MAD-016,Sol,Centro,WALK,A pie,7696.61,3,151.72222222222223,349.03333333333336,True,0,0.474375022030079,0.0,0.474375022030079
MAD-021,Imperial,Arganzuela,WALK,A pie,5855.12,3,181.79444444444445,308.06666666666666,False,3,0.3234236914952829,0.1106658761474455,0.3418330299487129
MAD-022,Acacias,Arganzuela,WALK,A pie,5736.45,3,176.61111111111111,294.03333333333336,True,0,0.31369602835588806,0.09159119252550448,0.32679373426444724
MAD-023,Chopera,Arganzuela,WALK,A pie,5473.88,3,180.5277777777778,288.68333333333334,True,0,0.2921725387585938,0.10600453867070113,0.31080822804975766
MAD-024,Legazpi,Arganzuela,WALK,A pie,7113.37,3,206.4388888888889,303.20000000000005,False,18,0.42656544716346856,0.20135751231778878,0.47170216077582083
MAD-025,Delicias,Arganzuela,WALK,A pie,5426.01,3,197.7777777777778,320.6666666666667,False,5,0.2882485206033496,0.16948459509741795,0.334383369211681
MAD-026,Palos de la Frontera,Arganzuela,WALK,A pie,5784.65,3,174.49444444444444,313.8,True,0,0.31764709739877023,0.0838018522683131,0.3285154926779923
MAD-027,Atocha,Arganzuela,WALK,A pie,6810.36,3,206.69444444444443,347.55,False,17,0.40172699424471875,0.2022979575981845,0.44978777390375246
MAD-031,Pacífico,Retiro,WALK,A pie,6286.22,3,201.75555555555556,356.4833333333333,False,12,0.35876198743691207,0.18412283033140478,0.4032510139837597
MAD-032,Adelfas,Retiro,WALK,A pie,5741.86,3,212.6833333333333,355.5,False,14,0.3141394989683775,0.22433708829963397,0.38601911092439584
MAD-033,Estrella,Retiro,WALK,A pie,6590.79,3,226.1833333333333,409.4666666666666,False,28,0.38372831727904144,0.27401713245967324,0.47152180263825216
MAD-034,Ibiza,Retiro,WALK,A pie,9264.05,3,199.15,401.03333333333336,False,21,0.6028618199673257,0.17453437736389102,0.6276182142482142
MAD-035,Los Jerónimos,Retiro,WALK,A pie,9950.49,3,176.96111111111108,360.4666666666666,False,9,0.6591309451498168,0.09287919367039425,0.6656426574904537
MAD-036,Niño Jesús,Retiro,WALK,A pie,7639.04,3,205.7611111111111,383.4333333333333,False,23,0.46965587172305145,0.19886328787847807,0.5100227888141644
MAD-041,Recoletos,Salamanca,WALK,A pie,14108.83,3,177.6833333333333,388.6,False,11,1.0,0.0955369738106433,1.004553290455462
MAD-042,Goya,Salamanca,WALK,A pie,9638.66,3,198.7833333333333,414.9333333333333,False,23,0.6335694957796516,0.17318504283114908,0.6568130365963429
MAD-043,Fuente del Berro,Salamanca,WALK,A pie,7598.53,3,224.2388888888889,442.9,False,38,0.46633517033452115,0.26686157054361836,0.5372928334939276
MAD-044,Guindalera,Salamanca,WALK,A pie,6722.25,3,219.12777777777774,454.4333333333333,False,25,0.39450440724537533,0.24805266493570205,0.4660084247282753
MAD-045,Lista,Salamanca,WALK,A pie,10066.56,3,204.63888888888883,435.33333333333326,False,31,0.668645480083579,0.1947335064297833,0.6964250975967469
MAD-046,Castellana,Salamanca,WALK,A pie,11685.39,3,188.18888888888887,418.8,False,19,0.8013448389775419,0.13419745261995783,0.81250385060357
MAD-051,El Viso,Chamartín,WALK,A pie,9382.09,3,197.42777777777778,459.26666666666665,False,19,0.6125378405030482,0.16819659395252798,0.635210752636768
MAD-053,Ciudad Jardín,Chamartín,WALK,A pie,7558.9,3,223.57222222222222,478.9,False,36,0.46308660464635876,0.2644082350295423,0.5332550216869323
MAD-061,Bellas Vistas,Tetuán,WALK,A pie,5223.92,3,214.7277777777778,471.1,False,13,0.2716827209586179,0.23186065054280056,0.3571706344838681
MAD-062,Cuatro Caminos,Tetuán,WALK,A pie,6496.82,3,202.7722222222222,466.63333333333327,False,14,0.3760253720931567,0.18786416699037065,0.42034274788175274
MAD-071,Gaztambide,Chamberí,WALK,A pie,7413.6,3,191.2722222222222,408.26666666666665,False,12,0.45117601684696496,0.14554412937255942,0.4740705556905102
MAD-072,Arapiles,Chamberí,WALK,A pie,7591.52,3,181.6111111111111,405.8666666666666,False,7,0.4657605439031808,0.10999120888107447,0.4785717817507703
MAD-073,Trafalgar,Chamberí,WALK,A pie,8568.41,3,175.58333333333334,407.56666666666666,False,5,0.5458385488264423,0.08780896694130398,0.552856343058715
MAD-074,Almagro,Chamberí,WALK,A pie,10795.41,3,173.4388888888889,409.53333333333336,False,5,0.7283910541894857,0.07991740437102614,0.7327621164775594
MAD-075,Ríos Rosas,Chamberí,WALK,A pie,7915.16,3,185.89444444444447,441.06666666666666,False,12,0.49229008716123884,0.12575388955901307,0.5080979931631698
MAD-076,Vallehermoso,Chamberí,WALK,A pie,6752.36,3,197.94444444444443,438.13333333333327,False,11,0.396972595811375,0.17009792897593684,0.4318802464423722
MAD-091,Casa de Campo,Moncloa - Aravaca,WALK,A pie,5378.62,3,221.75,351.2833333333333,False,17,0.2843638491937606,0.25770245129106784,0.3837621035611998
MAD-092,Argüelles,Moncloa - Aravaca,WALK,A pie,7554.87,3,182.15555555555557,383.23333333333335,False,8,0.46275625592762826,0.11199476621757001,0.4761157212908273
MAD-097,Aravaca,Moncloa - Aravaca,WALK,A pie,5644.82,3,320.8277777777778,455.4166666666666,False,42,0.30618489855507275,0.6223089976079981,0.6935543818670974
MAD-101,Los Cármenes,Latina,WALK,A pie,3502.59,3,201.62222222222218,270.2333333333333,False,1,0.1305811924195216,0.18363216322858938,0.22532691624773865
MAD-102,Puerta del Ángel,Latina,WALK,A pie,4033.3,3,187.56111111111105,300.2333333333333,True,0,0.17408475780848467,0.13188722834420274,0.21840271038051393
MAD-103,Lucero,Latina,WALK,A pie,3310.43,3,211.2111111111111,259.3,False,2,0.11482937857553305,0.21891930570604953,0.2472072988300747
MAD-104,Aluche,Latina,WALK,A pie,3360.3,3,221.66666666666666,267.66666666666663,False,6,0.11891734150434087,0.2573957843518083,0.2835382230185952
MAD-105,Campamento,Latina,WALK,A pie,3295.84,3,312.25555555555553,409.6,False,19,0.11363340145238678,0.5907631917895039,0.6015926351767958
MAD-106,Cuatro Vientos,Latina,WALK,A pie,4673.53,3,274.8777777777778,385.3,False,30,0.2265659389977892,0.45321284730030886,0.5066892634268098
MAD-107,Águilas,Latina,WALK,A pie,3231.64,3,252.64444444444442,325.9833333333333,False,9,0.10837077422099592,0.3713941079058737,0.38688216305802703
MAD-111,Comillas,Carabanchel,WALK,A pie,4105.51,3,185.8611111111111,262.06666666666666,True,0,0.18000398385799762,0.12563122278330904,0.2195099959974026
MAD-112,Opañel,Carabanchel,WALK,A pie,3500.89,3,187.80555555555557,253.36666666666667,True,0,0.13044183936199252,0.13278678469936425,0.1861381305561415
MAD-113,San Isidro,Carabanchel,WALK,A pie,3670.03,3,192.64999999999998,275.96666666666664,False,1,0.1443066488622643,0.1506143561016498,0.2085883342130413
MAD-114,Vista Alegre,Carabanchel,WALK,A pie,3213.22,3,213.65,265.26666666666665,False,2,0.10686084285647536,0.22789442479504432,0.2517044071697205
MAD-115,Puerta Bonita,Carabanchel,WALK,A pie,2905.06,3,218.37222222222223,269.76666666666665,True,0,0.08160023214579937,0.24527221801974944,0.25848995883510806
MAD-116,Buenavista,Carabanchel,WALK,A pie,3291.57,3,213.25555555555556,297.3,False,2,0.11328337936082854,0.226442867949216,0.25319853175813534
MAD-117,Abrantes,Carabanchel,WALK,A pie,2912.9,3,207.2222222222222,250.9,True,0,0.08224289565816861,0.204240181546828,0.22017707792711227
MAD-121,Orcasitas,Usera,WALK,A pie,2357.51,3,224.8944444444444,284.4833333333333,True,0,0.036716251763431,0.2692740171324595,0.27176567010240227
MAD-122,Orcasur,Usera,WALK,A pie,3403.28,3,218.78333333333333,255.71666666666664,False,7,0.12244051468822216,0.24678510825342959,0.275489689993607
MAD-123,San Fermín,Usera,WALK,A pie,2755.18,3,229.25555555555556,263.9833333333333,False,1,0.06931421081494488,0.2853229202870403,0.29362157390427457
MAD-124,Almendrales,Usera,WALK,A pie,4323.83,3,202.60555555555553,260.93333333333334,False,6,0.1979001953401977,0.18725083311185156,0.2724469890029451
MAD-125,Moscardó,Usera,WALK,A pie,3739.18,3,188.89444444444442,267.4,False,1,0.14997503940822496,0.13679389937235492,0.20299035285203235
MAD-126,Zofío,Usera,WALK,A pie,3089.05,3,203.54444444444448,242.43333333333337,True,0,0.09668233158978069,0.19070594729417553,0.21381354394660118
MAD-127,Pradolongo,Usera,WALK,A pie,3390.16,3,207.12222222222223,243.65,False,1,0.12136503697364506,0.2038721812197167,0.23726217244832612
MAD-131,Entrevías,Puente de Vallecas,WALK,A pie,2430.16,3,251.87222222222223,311.8333333333333,False,1,0.04267154566312792,0.3685523276020691,0.371014391890912
MAD-132,San Diego,Puente de Vallecas,WALK,A pie,3078.32,3,241.38888888888889,360.76666666666665,False,4,0.0958027678796121,0.3299736266432237,0.3435997156772346
MAD-133,Palomeras Bajas,Puente de Vallecas,WALK,A pie,2985.52,3,260.2111111111111,369.6,False,8,0.08819573038626209,0.3992394659906365,0.4088650609465852
MAD-134,Palomeras Sureste,Puente de Vallecas,WALK,A pie,2701.36,3,299.4111111111111,401.4,False,3,0.06490245695834904,0.5434955942183061,0.5473570953718787
MAD-135,Portazgo,Puente de Vallecas,WALK,A pie,2703.76,3,276.9222222222222,400.6,False,2,0.06509919068662533,0.4607364095434752,0.4653127375293594
MAD-136,Numancia,Puente de Vallecas,WALK,A pie,3239.46,3,246.0222222222222,381.7,False,8,0.10901179828562951,0.347024308466052,0.36374364988520197
MAD-141,Pavones,Moratalaz,WALK,A pie,3721.75,3,300.50555555555553,444.9333333333333,False,26,0.1485462607066184,0.5475231533539141,0.5673161332348414
MAD-143,Marroquina,Moratalaz,WALK,A pie,4301.17,3,279.5333333333333,464.6666666666666,False,30,0.19604270105572238,0.47034530697360616,0.5095659411983097
MAD-144,Media Legua,Moratalaz,WALK,A pie,3876.72,3,244.66666666666666,428.0,False,17,0.16124952148619215,0.34203585958743077,0.3781401029026657
MAD-145,Fontarrón,Moratalaz,WALK,A pie,3770.04,3,274.12777777777774,426.33333333333326,False,23,0.15250470726431095,0.4504528448469731,0.4755685556978136
MAD-146,Vinateros,Moratalaz,WALK,A pie,3899.66,3,273.8222222222222,439.33333333333326,False,24,0.1631299680389664,0.44932839940302166,0.47802447320453745
MAD-151,Ventas,Ciudad Lineal,WALK,A pie,4133.07,3,253.62222222222223,461.3,False,25,0.18226314283770367,0.3749923333265186,0.4169401675189667
MAD-171,Villaverde Alto - Casco Histórico de Villaverde,Villaverde,WALK,A pie,2928.26,3,253.19444444444446,355.6166666666667,False,6,0.0835019915191369,0.3734181097049865,0.3826403889336662
MAD-172,San Cristóbal,Villaverde,WALK,A pie,1909.6,3,281.43333333333334,366.1166666666666,True,0,0.0,0.47733731318872297,0.47733731318872297
MAD-173,Butarque,Villaverde,WALK,A pie,3143.01,3,295.6666666666667,368.15,False,13,0.10110556158052601,0.5297160264142459,0.5392785951830571
MAD-174,Los Rosales,Villaverde,WALK,A pie,2807.4,3,253.08333333333334,322.2833333333333,False,3,0.0735948088526899,0.3730092204526405,0.38020004528241513
MAD-175,Ángeles,Villaverde,WALK,A pie,2956.03,3,244.31666666666663,315.18333333333334,False,4,0.08577836470006717,0.3407478584425408,0.35137875701839966
MAD-181,Casco Histórico de Vallecas,Villa de Vallecas,WALK,A pie,2915.21,3,423.46111111111105,462.7,False,10,0.08243225187163454,1.0,1.003391785968287
MAD-182,Santa Eugenia,Villa de Vallecas,WALK,A pie,2899.99,3,356.84444444444443,455.4666666666666,False,7,0.0811846321448157,0.7548504487559545,0.7592036251780908
MAD-192,Valdebernardo,Vicálvaro,WALK,A pie,4117.97,3,328.93888888888887,470.76666666666665,False,34,0.18102535979729872,0.6521579130292561,0.6768161673722165
