destination_id,destination_name,transport_mode,transport_mode_label,profile_id,profile_name,price_weight,time_weight,zone_key,neighborhood_name,district_name,price_eur_m2,commute_daily_minutes,profile_score
DEST_001,Puerta del Sol,BICYCLE,Bicicleta,balanced,Perfil equilibrado,0.5,0.5,MAD-102,Puerta del Ángel,Latina,4033.3,30.27,0.1607
DEST_001,Puerta del Sol,BICYCLE,Bicicleta,price_priority,Prioridad al precio,0.75,0.25,MAD-121,Orcasitas,Usera,2357.51,73.72,0.1246
DEST_001,Puerta del Sol,BICYCLE,Bicicleta,time_priority,Prioridad al tiempo,0.25,0.75,MAD-016,Sol,Centro,7696.61,3.7,0.1186
DEST_001,Puerta del Sol,CAR,Coche,balanced,Perfil equilibrado,0.5,0.5,MAD-134,Palomeras Sureste,Puente de Vallecas,2701.36,24.37,0.1711
DEST_001,Puerta del Sol,CAR,Coche,price_priority,Prioridad al precio,0.75,0.25,MAD-121,Orcasitas,Usera,2357.51,28.42,0.1154
DEST_001,Puerta del Sol,CAR,Coche,time_priority,Prioridad al tiempo,0.25,0.75,MAD-015,Universidad,Centro,7135.43,10.0,0.1178
DEST_001,Puerta del Sol,TRANSIT,Transporte público,balanced,Perfil equilibrado,0.5,0.5,MAD-102,Puerta del Ángel,Latina,4033.3,65.13,0.1103
DEST_001,Puerta del Sol,TRANSIT,Transporte público,price_priority,Prioridad al precio,0.75,0.25,MAD-172,San Cristóbal,Villaverde,1909.6,139.72,0.1107
DEST_001,Puerta del Sol,TRANSIT,Transporte público,time_priority,Prioridad al tiempo,0.25,0.75,MAD-102,Puerta del Ángel,Latina,4033.3,65.13,0.0785
DEST_001,Puerta del Sol,WALK,A pie,balanced,Perfil equilibrado,0.5,0.5,MAD-102,Puerta del Ángel,Latina,4033.3,79.72,0.175
DEST_001,Puerta del Sol,WALK,A pie,price_priority,Prioridad al precio,0.75,0.25,MAD-121,Orcasitas,Usera,2357.51,184.07,0.1319
DEST_001,Puerta del Sol,WALK,A pie,time_priority,Prioridad al tiempo,0.25,0.75,MAD-016,Sol,Centro,7696.61,3.7,0.1186
DEST_002,Nuevos Ministerios,BICYCLE,Bicicleta,balanced,Perfil equilibrado,0.5,0.5,MAD-061,Bellas Vistas,Tetuán,5223.92,21.7,0.1722
DEST_002,Nuevos Ministerios,BICYCLE,Bicicleta,price_priority,Prioridad al precio,0.75,0.25,MAD-203,Amposta,San Blas - Canillejas,2544.1,75.62,0.1446
DEST_002,Nuevos Ministerios,BICYCLE,Bicicleta,time_priority,Prioridad al tiempo,0.25,0.75,MAD-062,Cuatro Caminos,Tetuán,6496.82,12.38,0.1032
DEST_002,Nuevos Ministerios,CAR,Coche,balanced,Perfil equilibrado,0.5,0.5,MAD-064,Almenara,Tetuán,4987.49,11.23,0.1705
DEST_002,Nuevos Ministerios,CAR,Coche,price_priority,Prioridad al precio,0.75,0.25,MAD-203,Amposta,San Blas - Canillejas,2544.1,27.72,0.1307
DEST_002,Nuevos Ministerios,CAR,Coche,time_priority,Prioridad al tiempo,0.25,0.75,MAD-062,Cuatro Caminos,Tetuán,6496.82,5.98,0.094
DEST_002,Nuevos Ministerios,TRANSIT,Transporte público,balanced,Perfil equilibrado,0.5,0.5,MAD-061,Bellas Vistas,Tetuán,5223.92,49.8,0.1463
DEST_002,Nuevos Ministerios,TRANSIT,Transporte público,price_priority,Prioridad al precio,0.75,0.25,MAD-202,Hellín,San Blas - Canillejas,2498.86,120.65,0.1182
DEST_002,Nuevos Ministerios,TRANSIT,Transporte público,time_priority,Prioridad al tiempo,0.25,0.75,MAD-061,Bellas Vistas,Tetuán,5223.92,49.8,0.0836
DEST_002,Nuevos Ministerios,WALK,A pie,balanced,Perfil equilibrado,0.5,0.5,MAD-066,Berruguete,Tetuán,4789.99,61.13,0.1631
DEST_002,Nuevos Ministerios,WALK,A pie,price_priority,Prioridad al precio,0.75,0.25,MAD-203,Amposta,San Blas - Canillejas,2544.1,217.2,0.1492
DEST_002,Nuevos Ministerios,WALK,A pie,time_priority,Prioridad al tiempo,0.25,0.75,MAD-062,Cuatro Caminos,Tetuán,6496.82,23.93,0.0989
DEST_003,UC3M Campus de Leganés,BICYCLE,Bicicleta,balanced,Perfil equilibrado,0.5,0.5,MAD-171,Villaverde Alto - Casco Histórico de Villaverde,Villaverde,2928.26,58.68,0.0582
DEST_003,UC3M Campus de Leganés,BICYCLE,Bicicleta,price_priority,Prioridad al precio,0.75,0.25,MAD-172,San Cristóbal,Villaverde,1909.6,79.53,0.0292
DEST_003,UC3M Campus de Leganés,BICYCLE,Bicicleta,time_priority,Prioridad al tiempo,0.25,0.75,MAD-171,Villaverde Alto - Casco Histórico de Villaverde,Villaverde,2928.26,58.68,0.0456
DEST_003,UC3M Campus de Leganés,CAR,Coche,balanced,Perfil equilibrado,0.5,0.5,MAD-116,Buenavista,Carabanchel,3291.57,16.02,0.0566
DEST_003,UC3M Campus de Leganés,CAR,Coche,price_priority,Prioridad al precio,0.75,0.25,MAD-172,San Cristóbal,Villaverde,1909.6,28.1,0.0497
DEST_003,UC3M Campus de Leganés,CAR,Coche,time_priority,Prioridad al tiempo,0.25,0.75,MAD-116,Buenavista,Carabanchel,3291.57,16.02,0.0283
DEST_003,UC3M Campus de Leganés,TRANSIT,Transporte público,balanced,Perfil equilibrado,0.5,0.5,MAD-116,Buenavista,Carabanchel,3291.57,51.62,0.0566
DEST_003,UC3M Campus de Leganés,TRANSIT,Transporte público,price_priority,Prioridad al precio,0.75,0.25,MAD-172,San Cristóbal,Villaverde,1909.6,136.33,0.0765
DEST_003,UC3M Campus de Leganés,TRANSIT,Transporte público,time_priority,Prioridad al tiempo,0.25,0.75,MAD-116,Buenavista,Carabanchel,3291.57,51.62,0.0283
DEST_003,UC3M Campus de Leganés,WALK,A pie,balanced,Perfil equilibrado,0.5,0.5,MAD-171,Villaverde Alto - Casco Histórico de Villaverde,Villaverde,2928.26,149.83,0.052
DEST_003,UC3M Campus de Leganés,WALK,A pie,price_priority,Prioridad al precio,0.75,0.25,MAD-172,San Cristóbal,Villaverde,1909.6,213.57,0.0526
DEST_003,UC3M Campus de Leganés,WALK,A pie,time_priority,Prioridad al tiempo,0.25,0.75,MAD-116,Buenavista,Carabanchel,3291.57,142.93,0.0283
