zone_key,neighborhood_name,district_name,has_real_estate_data,price_estimate_available,coverage_status,total_listings,eligible_listings,excluded_listings,eligible_percentage,excluded_percentage,market_share_percentage,num_listings,price_eur_mean,price_eur_median,price_eur_q1,price_eur_q3,price_eur_iqr,price_eur_min,price_eur_max,price_m2_mean,price_m2_median,price_m2_q1,price_m2_q3,price_m2_iqr,price_m2_std,price_m2_relative_iqr_percentage,price_m2_median_ci_low,price_m2_median_ci_high,price_m2_median_ci_width,price_m2_median_ci_relative_width_percentage,price_m2_median_bootstrap_se,bootstrap_sample_size,bootstrap_iterations,bootstrap_confidence_level,bootstrap_status,area_m2_mean,area_m2_median,area_m2_q1,area_m2_q3,area_m2_iqr,area_m2_min,area_m2_max,rooms_mean,rooms_median,rooms_known_count,rooms_unknown_count,rooms_coverage_percentage,bathrooms_mean,bathrooms_median,bathrooms_known_count,bathrooms_unknown_count,bathrooms_coverage_percentage,elevator_ratio,elevator_percentage,elevator_known_count,elevator_unknown_count,elevator_coverage_percentage,exterior_ratio,exterior_percentage,exterior_known_count,exterior_unknown_count,exterior_coverage_percentage,sample_size_score,ci_precision_score,price_homogeneity_score,price_reliability_score,price_reliability_level,price_reliability_reason,market_scope,price_type,source_snapshot_date_status,registered_price_m2_total_2025,registered_price_m2_new_2025,registered_price_m2_used_2025,registered_index_madrid_total_2025,registered_index_madrid_new_2025,registered_index_madrid_used_2025,registered_index_type_total_2025,registered_index_type_new_2025,registered_index_type_used_2025,registered_price_available,registered_new_price_available,registered_used_price_available,reference_year,price_unit,price_statistic,housing_market_scope,source_publisher,source_origin,source_series_code,minimum_cases_to_publish_neighborhood,source_coverage_2025_percentage,kaggle_asking_price_available,kaggle_features_available,kaggle_sample_reliability_score,kaggle_sample_reliability_level,price_m2_for_recommender,price_m2_for_recommender_source,housing_data_availability_status,registered_minus_kaggle_eur_m2,registered_vs_kaggle_gap_percentage,registered_to_kaggle_price_ratio,destination_id,neighborhood_name_transit,district_name_transit,destination_name,service_date,evening_route_status,morning_route_status,morning_start_datetime,morning_end_datetime,morning_transit_modes,morning_routes_used,morning_agencies_used,morning_duration_minutes,morning_walk_time_minutes,morning_waiting_time_minutes,morning_walk_distance_meters,morning_number_of_transfers,evening_start_datetime,evening_end_datetime,evening_transit_modes,evening_routes_used,evening_agencies_used,evening_duration_minutes,evening_walk_time_minutes,evening_waiting_time_minutes,evening_walk_distance_meters,evening_number_of_transfers,commute_daily_minutes,commute_daily_walk_minutes,commute_daily_waiting_minutes,commute_daily_transfers,no_route_scenarios,route_status,route_available,route_missing_reason,usable_for_pareto_knn,is_pareto,dominated_by_count,price_normalized,time_normalized,distance_to_ideal,pareto_balance_rank,reference_price_80m2_eur
MAD-172,San Cristóbal,Villaverde,True,True,available,40,22,18,55.0,45.0,0.2,22,140040.91,131250.0,118000.0,174000.0,56000.0,68400.0,214900.0,2395.76,2237.9,1956.42,2652.88,696.46,731.5,31.12,2020.86,2360.79,339.93,15.19,107.07,22,2000,0.95,calculated,59.95,60.0,50.25,64.5,14.25,44.0,91.0,2.55,3.0,22,0,100.0,1.0,1.0,8,14,36.36,0.1905,19.05,21,1,95.45,1.0,100.0,19,3,86.36,15.87,46.03,50.79,36.67,low,La estimación debe interpretarse con precaución por el tamaño de la muestra o la variabilidad de los precios.,residential_sale,asking_price,unknown,1909.6,1746.72,1942.18,36.13,34.65,36.41,100,91.47,101.71,True,True,True,2025,EUR_per_m2,mean_declared_transaction_price,residential_sales,Ayuntamiento de Madrid,Colegio de Registradores de España,504020100060,15,97.7,True,True,36.67,low,1909.6,registered_transactions_2025,official_price_and_kaggle_features,-328.3000000000002,-14.670003127932445,0.8532999687206756,DEST_001,San Cristóbal,Villaverde,Puerta del Sol,2026-07-29,success,success,2026-07-29T07:44:49+02:00,2026-07-29T08:55:06+02:00,BUS,423|6,Consorcio Regional de Transportes de Madrid|Información oficial: Consorcio Regional de Transportes de Madrid,70.28333333333333,32.5,11.0,2427.86,1.0,2026-07-29T18:01:00+02:00,2026-07-29T19:10:26+02:00,BUS,23|424,Información oficial: Consorcio Regional de Transportes de Madrid|Consorcio Regional de Transportes de Madrid,69.43333333333334,29.816666666666663,11.066666666666666,2130.89,1.0,139.71666666666667,62.31666666666666,22.066666666666663,2.0,0,complete_route,True,,True,True,0,0.0,0.442997608291257,0.442997608291257,12,152768.0
MAD-121,Orcasitas,Usera,True,True,available,26,19,7,73.08,26.92,0.17,19,272768.42,275000.0,240000.0,320000.0,80000.0,138000.0,380000.0,2907.24,2726.19,2328.1,3336.4,1008.3,871.71,36.99,2339.13,3235.29,896.16,32.87,311.47,19,2000,0.95,calculated,98.63,100.0,84.5,109.0,24.5,35.0,164.0,2.74,3.0,19,0,100.0,1.5,1.5,6,13,31.58,0.875,87.5,16,3,84.21,1.0,100.0,16,3,84.21,12.3,4.76,17.46,10.58,low,La estimación debe interpretarse con precaución por el tamaño de la muestra o la variabilidad de los precios.,residential_sale,asking_price,unknown,2357.51,,2366.82,44.6,,44.38,100,,100.39,True,False,True,2025,EUR_per_m2,mean_declared_transaction_price,residential_sales,Ayuntamiento de Madrid,Colegio de Registradores de España,504020100060,15,97.7,True,True,10.58,low,2357.51,registered_transactions_2025,official_price_and_kaggle_features,-368.67999999999984,-13.523635549980003,0.8647636445001999,DEST_001,Orcasitas,Usera,Puerta del Sol,2026-07-29,success,success,2026-07-29T07:55:00+02:00,2026-07-29T08:59:50+02:00,BUS,6,Información oficial: Consorcio Regional de Transportes de Madrid,64.83333333333333,14.65,9.0,1095.27,0.0,2026-07-29T18:00:00+02:00,2026-07-29T19:10:17+02:00,BUS,60,Información oficial: Consorcio Regional de Transportes de Madrid,70.28333333333333,18.8,10.0,1362.76,0.0,135.11666666666667,33.45,19.0,0.0,0,complete_route,True,,True,True,0,0.036716251763431,0.41854903002923205,0.42015636813211177,11,188600.80000000002
MAD-131,Entrevías,Puente de Vallecas,True,True,available,83,67,16,80.72,19.28,0.6,67,189897.91,184900.0,164000.0,199500.0,35500.0,103000.0,293000.0,2534.13,2352.94,2061.43,2991.89,930.46,640.11,39.54,2212.77,2681.16,468.39,19.91,114.37,67,2000,0.95,calculated,78.78,74.0,61.0,95.5,34.5,48.0,142.0,2.9,3.0,67,0,100.0,1.32,1.0,22,45,32.84,0.3051,30.51,59,8,88.06,0.8947,89.47,57,10,85.07,51.59,26.59,15.08,32.46,low,La estimación debe interpretarse con precaución por el tamaño de la muestra o la variabilidad de los precios.,residential_sale,asking_price,unknown,2430.16,2472.77,2390.0,45.98,49.05,44.81,100,101.75,98.35,True,True,True,2025,EUR_per_m2,mean_declared_transaction_price,residential_sales,Ayuntamiento de Madrid,Colegio de Registradores de España,504020100060,15,97.7,True,True,32.46,low,2430.16,registered_transactions_2025,official_price_and_kaggle_features,77.2199999999998,3.281851640925812,1.032818516409258,DEST_001,Entrevías,Puente de Vallecas,Puerta del Sol,2026-07-29,success,success,2026-07-29T07:57:00+02:00,2026-07-29T08:58:12+02:00,BUS,102|6,Información oficial: Consorcio Regional de Transportes de Madrid,61.2,11.55,18.0,863.28,1.0,2026-07-29T18:00:00+02:00,2026-07-29T19:01:30+02:00,BUS,102,Información oficial: Consorcio Regional de Transportes de Madrid,61.5,30.133333333333333,8.0,2261.29,0.0,122.7,41.68333333333334,26.0,1.0,0,complete_route,True,,True,True,0,0.04267154566312792,0.3525555850828241,0.3551285702141871,10,194412.8
MAD-123,San Fermín,Usera,True,True,available,49,40,9,81.63,18.37,0.36,40,228987.22,197400.0,168750.0,241000.0,72250.0,114000.0,690000.0,2869.28,2726.67,2345.99,3322.92,976.93,909.97,35.83,2539.41,3070.45,531.04,19.48,134.9,40,2000,0.95,calculated,79.92,75.5,65.0,90.0,25.0,47.0,133.0,2.61,3.0,38,2,95.0,1.33,1.0,6,34,15.0,0.5135,51.35,37,3,92.5,0.8649,86.49,37,3,92.5,35.32,29.37,21.43,29.46,low,La estimación debe interpretarse con precaución por el tamaño de la muestra o la variabilidad de los precios.,residential_sale,asking_price,unknown,2755.18,,2725.91,52.12,,51.11,100,,98.94,True,False,True,2025,EUR_per_m2,mean_declared_transaction_price,residential_sales,Ayuntamiento de Madrid,Colegio de Registradores de España,504020100060,15,97.7,True,True,29.46,low,2755.18,registered_transactions_2025,official_price_and_kaggle_features,28.509999999999764,1.0455977437680306,1.0104559774376802,DEST_001,San Fermín,Usera,Puerta del Sol,2026-07-29,success,success,2026-07-29T08:06:00+02:00,2026-07-29T08:59:22+02:00,BUS,23,Información oficial: Consorcio Regional de Transportes de Madrid,53.36666666666667,10.2,7.0,748.38,0.0,2026-07-29T18:00:00+02:00,2026-07-29T18:58:19+02:00,BUS,23,Información oficial: Consorcio Regional de Transportes de Madrid,58.31666666666667,10.416666666666666,9.0,774.21,0.0,111.68333333333334,20.616666666666667,16.0,0.0,0,complete_route,True,,True,True,0,0.06931421081494488,0.29400301178138016,0.30206328932430865,7,220414.4
MAD-132,San Diego,Puente de Vallecas,True,True,available,167,134,33,80.24,19.76,1.21,134,190366.57,167450.0,129250.0,224250.0,95000.0,70900.0,780000.0,3062.94,2880.61,2432.46,3364.58,932.13,1131.96,32.36,2700.0,3000.0,300.0,10.41,85.88,134,2000,0.95,calculated,66.28,59.0,42.25,77.0,34.75,20.0,443.0,2.01,2.0,128,6,95.52,1.13,1.0,38,96,28.36,0.2403,24.03,129,5,96.27,0.8279,82.79,122,12,91.04,84.92,74.6,45.24,70.87,medium,La estimación presenta una estabilidad intermedia en comparación con el resto de barrios.,residential_sale,asking_price,unknown,3078.32,3199.39,3025.25,58.24,63.46,56.72,100,103.93,98.28,True,True,True,2025,EUR_per_m2,mean_declared_transaction_price,residential_sales,Ayuntamiento de Madrid,Colegio de Registradores de España,504020100060,15,97.7,True,True,70.87,medium,3078.32,registered_transactions_2025,official_price_and_kaggle_features,197.71000000000004,6.863476833031894,1.068634768330319,DEST_001,San Diego,Puente de Vallecas,Puerta del Sol,2026-07-29,success,success,2026-07-29T08:05:00+02:00,2026-07-29T08:59:58+02:00,BUS,24|32,Información oficial: Consorcio Regional de Transportes de Madrid,54.96666666666667,7.916666666666667,18.0,572.16,1.0,2026-07-29T18:00:00+02:00,2026-07-29T18:54:57+02:00,BUS,10,Información oficial: Consorcio Regional de Transportes de Madrid,54.95,20.066666666666663,9.0,1484.9699999999998,0.0,109.91666666666669,27.98333333333333,27.0,1.0,0,complete_route,True,,True,True,0,0.0958027678796121,0.2846133404198779,0.30030471837511336,6,246265.6
MAD-114,Vista Alegre,Carabanchel,True,True,available,79,69,10,87.34,12.66,0.62,69,265033.19,245000.0,170000.0,330000.0,160000.0,103000.0,599000.0,3179.1,3125.0,2665.0,3571.43,906.43,727.22,29.01,2972.6,3335.62,363.01,11.62,95.44,69,2000,0.95,calculated,86.48,75.0,63.0,99.0,36.0,32.0,337.0,2.61,3.0,69,0,100.0,1.25,1.0,12,57,17.39,0.5077,50.77,65,4,94.2,0.8615,86.15,65,4,94.2,54.76,64.29,62.7,60.56,medium,La estimación presenta una estabilidad intermedia en comparación con el resto de barrios.,residential_sale,asking_price,unknown,3213.22,3397.75,3199.1,60.79,67.4,59.98,100,105.74,99.56,True,True,True,2025,EUR_per_m2,mean_declared_transaction_price,residential_sales,Ayuntamiento de Madrid,Colegio de Registradores de España,504020100060,15,97.7,True,True,60.56,medium,3213.22,registered_transactions_2025,official_price_and_kaggle_features,88.2199999999998,2.8230399999999936,1.0282304,DEST_001,Vista Alegre,Carabanchel,Puerta del Sol,2026-07-29,success,success,2026-07-29T08:08:00+02:00,2026-07-29T08:59:21+02:00,BUS,17,Información oficial: Consorcio Regional de Transportes de Madrid,51.35,9.0,10.0,651.29,0.0,2026-07-29T18:00:00+02:00,2026-07-29T18:51:09+02:00,BUS,17,Información oficial: Consorcio Regional de Transportes de Madrid,51.15,9.416666666666666,10.0,686.0799999999999,0.0,102.5,18.416666666666664,20.0,0.0,0,complete_route,True,,True,True,0,0.10686084285647536,0.24519443706262736,0.26746878640778826,5,257057.59999999998
MAD-103,Lucero,Latina,True,True,available,54,45,9,83.33,16.67,0.41,45,306162.91,279482.0,205000.0,360000.0,155000.0,125000.0,750000.0,3874.62,3666.67,3040.82,4285.71,1244.9,1366.62,33.95,3260.87,4054.05,793.18,21.63,217.61,45,2000,0.95,calculated,81.98,77.0,63.0,85.0,22.0,30.0,230.0,2.77,3.0,43,2,95.56,1.55,1.0,11,34,24.44,0.5227,52.27,44,1,97.78,0.9756,97.56,41,4,91.11,38.89,21.43,35.71,31.11,low,La estimación debe interpretarse con precaución por el tamaño de la muestra o la variabilidad de los precios.,residential_sale,asking_price,unknown,3310.43,3719.24,3258.35,62.63,73.77,61.09,100,112.35,98.43,True,True,True,2025,EUR_per_m2,mean_declared_transaction_price,residential_sales,Ayuntamiento de Madrid,Colegio de Registradores de España,504020100060,15,97.7,True,True,31.11,low,3310.43,registered_transactions_2025,official_price_and_kaggle_features,-356.24000000000024,-9.715627531247703,0.9028437246875228,DEST_001,Lucero,Latina,Puerta del Sol,2026-07-29,success,success,2026-07-29T08:06:00+02:00,2026-07-29T08:55:40+02:00,BUS,65,Información oficial: Consorcio Regional de Transportes de Madrid,49.66666666666666,13.916666666666666,14.0,1010.54,0.0,2026-07-29T18:00:00+02:00,2026-07-29T18:46:26+02:00,BUS,31,Información oficial: Consorcio Regional de Transportes de Madrid,46.43333333333333,16.966666666666665,8.0,1250.05,0.0,96.1,30.883333333333333,22.0,0.0,0,complete_route,True,,True,True,0,0.11482937857553305,0.21117902382850562,0.2403796295221449,4,264834.39999999997
MAD-112,Opañel,Carabanchel,True,True,available,73,63,10,86.3,13.7,0.57,63,288376.03,292000.0,219000.0,313500.0,94500.0,156000.0,543800.0,3497.65,3586.96,2980.56,3885.55,905.0,755.55,25.23,3380.28,3737.5,357.22,9.96,98.21,63,2000,0.95,calculated,86.06,79.0,68.5,89.0,20.5,43.0,314.0,2.67,3.0,61,2,96.83,1.75,1.0,12,51,19.05,0.5079,50.79,63,0,100.0,0.9508,95.08,61,2,96.83,49.21,76.19,75.4,66.55,medium,La estimación presenta una estabilidad intermedia en comparación con el resto de barrios.,residential_sale,asking_price,unknown,3500.89,3794.8,3469.85,66.23,75.27,65.06,100,108.4,99.11,True,True,True,2025,EUR_per_m2,mean_declared_transaction_price,residential_sales,Ayuntamiento de Madrid,Colegio de Registradores de España,504020100060,15,97.7,True,True,66.55,medium,3500.89,registered_transactions_2025,official_price_and_kaggle_features,-86.07000000000016,-2.3995249459152084,0.976004750540848,DEST_001,Opañel,Carabanchel,Puerta del Sol,2026-07-29,success,success,2026-07-29T08:17:00+02:00,2026-07-29T08:59:33+02:00,BUS,23,Información oficial: Consorcio Regional de Transportes de Madrid,42.55,21.566666666666663,7.0,1616.85,0.0,2026-07-29T18:00:00+02:00,2026-07-29T18:41:12+02:00,BUS,35,Información oficial: Consorcio Regional de Transportes de Madrid,41.2,13.383333333333333,9.0,1008.62,0.0,83.75,34.95,16.0,0.0,0,complete_route,True,,True,True,0,0.13044183936199252,0.1455399061032864,0.19544036871816756,3,280071.2
MAD-125,Moscardó,Usera,True,True,available,63,58,5,92.06,7.94,0.52,58,284055.17,261000.0,225000.0,340000.0,115000.0,111400.0,625000.0,4002.68,3935.97,3307.43,4581.82,1274.39,976.18,32.38,3565.96,4314.52,748.56,19.02,168.98,58,2000,0.95,calculated,72.03,69.0,56.5,79.0,22.5,40.0,127.0,2.43,3.0,56,2,96.55,1.56,2.0,18,40,31.03,0.5357,53.57,56,2,96.55,0.8679,86.79,53,5,91.38,47.62,32.94,44.44,40.95,low,La estimación debe interpretarse con precaución por el tamaño de la muestra o la variabilidad de los precios.,residential_sale,asking_price,unknown,3739.18,4123.27,3701.66,70.74,81.79,69.4,100,110.27,99.0,True,True,True,2025,EUR_per_m2,mean_declared_transaction_price,residential_sales,Ayuntamiento de Madrid,Colegio de Registradores de España,504020100060,15,97.7,True,True,40.95,low,3739.18,registered_transactions_2025,official_price_and_kaggle_features,-196.79,-4.999784043069433,0.9500021595693056,DEST_001,Moscardó,Usera,Puerta del Sol,2026-07-29,success,success,2026-07-29T08:20:00+02:00,2026-07-29T08:59:06+02:00,BUS,23,Información oficial: Consorcio Regional de Transportes de Madrid,39.1,12.266666666666667,7.0,851.5899999999999,0.0,2026-07-29T18:00:00+02:00,2026-07-29T18:40:24+02:00,BUS,23,Información oficial: Consorcio Regional de Transportes de Madrid,40.4,10.583333333333334,9.0,781.44,0.0,79.5,22.85,16.0,0.0,0,complete_route,True,,True,True,0,0.14997503940822496,0.12295154575250244,0.19393193406045414,2,299134.39999999997
MAD-102,Puerta del Ángel,Latina,True,True,available,90,79,11,87.78,12.22,0.71,79,370137.91,305000.0,230000.0,414500.0,184500.0,124000.0,1750000.0,4089.66,3829.79,3315.64,4631.7,1316.06,1148.32,34.36,3571.43,4117.65,546.22,14.26,165.85,79,2000,0.95,calculated,93.92,80.0,65.5,101.0,35.5,28.0,596.0,2.66,3.0,76,3,96.2,1.48,1.0,21,58,26.58,0.4189,41.89,74,5,93.67,0.8889,88.89,72,7,91.14,64.29,50.0,32.54,50.63,medium,La estimación presenta una estabilidad intermedia en comparación con el resto de barrios.,residential_sale,asking_price,unknown,4033.3,3894.92,4070.22,76.31,77.26,76.31,100,96.57,100.92,True,True,True,2025,EUR_per_m2,mean_declared_transaction_price,residential_sales,Ayuntamiento de Madrid,Colegio de Registradores de España,504020100060,15,97.7,True,True,50.63,medium,4033.3,registered_transactions_2025,official_price_and_kaggle_features,203.51000000000025,5.313868384428395,1.053138683844284,DEST_001,Puerta del Ángel,Latina,Puerta del Sol,2026-07-29,success,success,2026-07-29T08:20:00+02:00,2026-07-29T08:52:04+02:00,BUS,31,Información oficial: Consorcio Regional de Transportes de Madrid,32.06666666666667,13.416666666666666,7.0,945.76,0.0,2026-07-29T18:00:00+02:00,2026-07-29T18:33:04+02:00,BUS,31,Información oficial: Consorcio Regional de Transportes de Madrid,33.06666666666667,12.466666666666669,8.0,901.5,0.0,65.13333333333334,25.883333333333333,15.0,0.0,0,complete_route,True,,True,True,0,0.17408475780848467,0.046594029586323006,0.18021239273238096,1,322664.0
MAD-026,Palos de la Frontera,Arganzuela,True,True,available,102,93,9,91.18,8.82,0.84,93,563333.33,469000.0,289000.0,724000.0,435000.0,168900.0,1521000.0,6030.55,5762.71,4851.47,6870.06,2018.59,1446.06,35.03,5555.56,6241.38,685.82,11.9,152.14,93,2000,0.95,calculated,94.43,85.0,55.0,127.0,72.0,26.0,232.0,2.26,2.0,91,2,97.85,1.31,1.0,26,67,27.96,0.8387,83.87,93,0,100.0,0.6522,65.22,92,1,98.92,71.83,63.49,27.38,57.38,medium,La estimación presenta una estabilidad intermedia en comparación con el resto de barrios.,residential_sale,asking_price,unknown,5784.65,6056.86,5679.48,109.44,120.14,106.49,100,104.71,98.18,True,True,True,2025,EUR_per_m2,mean_declared_transaction_price,residential_sales,Ayuntamiento de Madrid,Colegio de Registradores de España,504020100060,15,97.7,True,True,57.38,medium,5784.65,registered_transactions_2025,official_price_and_kaggle_features,21.9399999999996,0.3807236525870571,1.0038072365258706,DEST_001,Palos de la Frontera,Arganzuela,Puerta del Sol,2026-07-29,success,success,2026-07-29T08:31:00+02:00,2026-07-29T08:59:43+02:00,BUS,6,Información oficial: Consorcio Regional de Transportes de Madrid,28.716666666666665,9.066666666666666,9.0,625.45,0.0,2026-07-29T18:00:00+02:00,2026-07-29T18:35:16+02:00,BUS,6,Información oficial: Consorcio Regional de Transportes de Madrid,35.266666666666666,12.416666666666666,9.0,859.4599999999999,0.0,63.98333333333333,21.48333333333333,18.0,0.0,0,complete_route,True,,True,True,0,0.31764709739877023,0.04048188502081669,0.320216273010449,8,462772.0
MAD-021,Imperial,Arganzuela,True,True,available,73,71,2,97.26,2.74,0.64,71,552415.49,515000.0,377000.0,699950.0,322950.0,168800.0,1257000.0,5807.42,5588.24,4756.76,6536.43,1779.68,1358.43,31.85,5443.04,5808.82,365.79,6.55,107.93,71,2000,0.95,calculated,96.25,107.0,62.5,128.0,65.5,37.0,190.0,2.62,3.0,71,0,100.0,1.82,2.0,11,60,15.49,0.8571,85.71,70,1,98.59,0.8,80.0,70,1,98.59,56.35,92.06,47.22,68.35,medium,La estimación presenta una estabilidad intermedia en comparación con el resto de barrios.,residential_sale,asking_price,unknown,5855.12,6010.51,5776.45,110.77,119.22,108.3,100,102.65,98.66,True,True,True,2025,EUR_per_m2,mean_declared_transaction_price,residential_sales,Ayuntamiento de Madrid,Colegio de Registradores de España,504020100060,15,97.7,True,True,68.35,medium,5855.12,registered_transactions_2025,official_price_and_kaggle_features,266.8800000000001,4.775743346742447,1.0477574334674244,DEST_001,Imperial,Arganzuela,Puerta del Sol,2026-07-29,success,success,2026-07-29T08:28:00+02:00,2026-07-29T08:59:15+02:00,BUS,17,Información oficial: Consorcio Regional de Transportes de Madrid,31.25,12.183333333333334,10.0,853.3699999999999,0.0,2026-07-29T18:00:00+02:00,2026-07-29T18:29:32+02:00,BUS,17,Información oficial: Consorcio Regional de Transportes de Madrid,29.53333333333333,11.7,10.0,845.0999999999999,0.0,60.78333333333333,23.883333333333333,20.0,0.0,0,complete_route,True,,True,True,0,0.3234236914952829,0.02347417840375586,0.3242744536224944,9,468409.6
MAD-041,Recoletos,Salamanca,True,True,available,467,465,2,99.57,0.43,4.19,465,2967388.35,2350000.0,1400000.0,3850000.0,2450000.0,410000.0,13000000.0,13866.43,13409.89,11363.64,15870.31,4506.67,3683.52,33.61,13060.69,13809.52,748.84,5.58,206.71,465,2000,0.95,calculated,205.51,170.0,120.0,270.0,150.0,35.0,712.0,2.97,3.0,462,3,99.35,2.25,2.0,96,369,20.65,0.9333,93.33,465,0,100.0,0.7322,73.22,463,2,99.57,99.21,96.03,36.51,82.26,high,La estimación presenta una estabilidad alta en comparación con el resto de barrios.,residential_sale,asking_price,unknown,14108.83,,14032.44,266.92,,263.1,100,,99.46,True,False,True,2025,EUR_per_m2,mean_declared_transaction_price,residential_sales,Ayuntamiento de Madrid,Colegio de Registradores de España,504020100060,15,97.7,True,True,82.26,high,14108.83,registered_transactions_2025,official_price_and_kaggle_features,698.9400000000005,5.212123291093369,1.0521212329109335,DEST_001,Recoletos,Salamanca,Puerta del Sol,2026-07-29,success,success,2026-07-29T08:31:00+02:00,2026-07-29T08:58:12+02:00,BUS,9,Información oficial: Consorcio Regional de Transportes de Madrid,27.2,12.7,7.0,881.71,0.0,2026-07-29T18:00:00+02:00,2026-07-29T18:29:10+02:00,BUS,20,Información oficial: Consorcio Regional de Transportes de Madrid,29.166666666666668,14.733333333333333,9.0,1100.69,0.0,56.36666666666667,27.43333333333333,16.0,0.0,0,complete_route,True,,True,True,0,1.0,0.0,1.0,13,1128706.4
MAD-172,San Cristóbal,Villaverde,True,True,available,40,22,18,55.0,45.0,0.2,22,140040.91,131250.0,118000.0,174000.0,56000.0,68400.0,214900.0,2395.76,2237.9,1956.42,2652.88,696.46,731.5,31.12,2020.86,2360.79,339.93,15.19,107.07,22,2000,0.95,calculated,59.95,60.0,50.25,64.5,14.25,44.0,91.0,2.55,3.0,22,0,100.0,1.0,1.0,8,14,36.36,0.1905,19.05,21,1,95.45,1.0,100.0,19,3,86.36,15.87,46.03,50.79,36.67,low,La estimación debe interpretarse con precaución por el tamaño de la muestra o la variabilidad de los precios.,residential_sale,asking_price,unknown,1909.6,1746.72,1942.18,36.13,34.65,36.41,100,91.47,101.71,True,True,True,2025,EUR_per_m2,mean_declared_transaction_price,residential_sales,Ayuntamiento de Madrid,Colegio de Registradores de España,504020100060,15,97.7,True,True,36.67,low,1909.6,registered_transactions_2025,official_price_and_kaggle_features,-328.3000000000002,-14.670003127932445,0.8532999687206756,DEST_002,San Cristóbal,Villaverde,Nuevos Ministerios,2026-07-29,success,success,2026-07-29T07:25:01+02:00,2026-07-29T08:51:10+02:00,BUS,423|45,Consorcio Regional de Transportes de Madrid|Información oficial: Consorcio Regional de Transportes de Madrid,86.15,36.81666666666667,11.0,2692.8500000000004,1.0,2026-07-29T18:01:00+02:00,2026-07-29T19:29:08+02:00,BUS,19|422,Información oficial: Consorcio Regional de Transportes de Madrid|Consorcio Regional de Transportes de Madrid,88.13333333333334,34.03333333333333,7.583333333333333,2420.15,1.0,174.28333333333336,70.85,18.58333333333333,2.0,0,complete_route,True,,True,True,0,0.0,0.5602570582713555,0.5602570582713555,9,152768.0
MAD-131,Entrevías,Puente de Vallecas,True,True,available,83,67,16,80.72,19.28,0.6,67,189897.91,184900.0,164000.0,199500.0,35500.0,103000.0,293000.0,2534.13,2352.94,2061.43,2991.89,930.46,640.11,39.54,2212.77,2681.16,468.39,19.91,114.37,67,2000,0.95,calculated,78.78,74.0,61.0,95.5,34.5,48.0,142.0,2.9,3.0,67,0,100.0,1.32,1.0,22,45,32.84,0.3051,30.51,59,8,88.06,0.8947,89.47,57,10,85.07,51.59,26.59,15.08,32.46,low,La estimación debe interpretarse con precaución por el tamaño de la muestra o la variabilidad de los precios.,residential_sale,asking_price,unknown,2430.16,2472.77,2390.0,45.98,49.05,44.81,100,101.75,98.35,True,True,True,2025,EUR_per_m2,mean_declared_transaction_price,residential_sales,Ayuntamiento de Madrid,Colegio de Registradores de España,504020100060,15,97.7,True,True,32.46,low,2430.16,registered_transactions_2025,official_price_and_kaggle_features,77.2199999999998,3.281851640925812,1.032818516409258,DEST_002,Entrevías,Puente de Vallecas,Nuevos Ministerios,2026-07-29,success,success,2026-07-29T07:23:00+02:00,2026-07-29T08:36:39+02:00,BUS,102|27,Información oficial: Consorcio Regional de Transportes de Madrid,73.65,11.483333333333333,13.0,840.39,1.0,2026-07-29T18:00:00+02:00,2026-07-29T19:16:31+02:00,BUS,14|102,Información oficial: Consorcio Regional de Transportes de Madrid,76.51666666666667,6.15,20.0,445.75,1.0,150.16666666666669,17.633333333333333,33.0,2.0,0,complete_route,True,,True,True,0,0.04267154566312792,0.455772979998556,0.4577661740518236,8,194412.8
MAD-202,Hellín,San Blas - Canillejas,True,True,available,21,18,3,85.71,14.29,0.16,18,181410.89,149750.0,145500.0,169000.0,23500.0,128000.0,399000.0,2819.19,2659.74,2622.81,3057.98,435.17,382.6,16.36,2622.81,3052.98,430.17,16.17,151.2,18,2000,0.95,calculated,63.44,58.0,57.0,62.75,5.75,45.0,120.0,2.56,3.0,16,2,88.89,1.0,1.0,5,13,27.78,0.1875,18.75,16,2,88.89,1.0,100.0,16,2,88.89,9.92,38.1,94.44,42.32,low,La estimación debe interpretarse con precaución por el tamaño de la muestra o la variabilidad de los precios.,residential_sale,asking_price,unknown,2498.86,,2486.9,47.28,,46.63,100,,99.52,True,False,True,2025,EUR_per_m2,mean_declared_transaction_price,residential_sales,Ayuntamiento de Madrid,Colegio de Registradores de España,504020100060,15,97.7,True,True,42.32,low,2498.86,registered_transactions_2025,official_price_and_kaggle_features,-160.87999999999963,-6.048711528194472,0.9395128847180552,DEST_002,Hellín,San Blas - Canillejas,Nuevos Ministerios,2026-07-29,success,success,2026-07-29T07:52:48+02:00,2026-07-29T08:52:31+02:00,BUS,165|224A,Información oficial: Consorcio Regional de Transportes de Madrid|Consorcio Regional de Transportes de Madrid,59.71666666666667,34.9,15.85,2449.46,1.0,2026-07-29T18:00:00+02:00,2026-07-29T19:00:56+02:00,BUS,C1|223|165,Información oficial: Consorcio Regional de Transportes de Madrid|Consorcio Regional de Transportes de Madrid,60.93333333333333,12.733333333333333,26.966666666666665,855.0800000000002,2.0,120.65,47.63333333333333,42.81666666666666,3.0,0,complete_route,True,,True,True,0,0.04830304863503682,0.3278937107372374,0.33143245171297553,6,199908.80000000002
MAD-207,Canillejas,San Blas - Canillejas,True,True,available,59,49,10,83.05,16.95,0.44,49,440197.86,290000.0,225000.0,415000.0,190000.0,140000.0,1280000.0,3600.27,3565.46,3058.25,4117.65,1059.39,762.53,29.71,3310.81,3771.93,461.12,12.93,99.99,49,2000,0.95,calculated,122.12,83.0,70.0,132.0,62.0,35.0,359.0,3.16,3.0,44,5,89.8,1.5,1.0,12,37,24.49,0.3846,38.46,39,10,79.59,0.9231,92.31,39,10,79.59,42.06,56.35,58.73,51.94,medium,La estimación presenta una estabilidad intermedia en comparación con el resto de barrios.,residential_sale,asking_price,unknown,3409.64,,3396.99,64.51,,63.69,100,,99.63,True,False,True,2025,EUR_per_m2,mean_declared_transaction_price,residential_sales,Ayuntamiento de Madrid,Colegio de Registradores de España,504020100060,15,97.7,True,True,51.94,medium,3409.64,registered_transactions_2025,official_price_and_kaggle_features,-155.82000000000016,-4.370263584502425,0.9562973641549758,DEST_002,Canillejas,San Blas - Canillejas,Nuevos Ministerios,2026-07-29,success,success,2026-07-29T08:15:24+02:00,2026-07-29T08:58:31+02:00,BUS,224A,Consorcio Regional de Transportes de Madrid,43.11666666666667,43.11666666666667,0.0,2972.76,0.0,2026-07-29T18:00:00+02:00,2026-07-29T18:42:54+02:00,BUS,C1|223,Información oficial: Consorcio Regional de Transportes de Madrid|Consorcio Regional de Transportes de Madrid,42.9,20.216666666666665,8.966666666666667,1374.39,1.0,86.01666666666667,63.33333333333333,8.966666666666667,1.0,0,complete_route,True,,True,True,0,0.12296185906815431,0.17784677594050113,0.21621538913298344,2,272771.2
MAD-206,Rejas,San Blas - Canillejas,True,True,available,54,51,3,94.44,5.56,0.46,51,425682.35,383500.0,235000.0,569950.0,334950.0,172000.0,895000.0,3898.64,3891.3,3235.5,4438.68,1203.18,976.48,30.92,3625.0,4166.67,541.67,13.92,181.35,51,2000,0.95,calculated,119.88,102.0,55.0,155.0,100.0,39.0,340.0,2.54,2.0,46,5,90.2,1.67,1.0,9,42,17.65,0.9333,93.33,45,6,88.24,0.9556,95.56,45,6,88.24,44.44,52.38,52.38,49.6,low,La estimación debe interpretarse con precaución por el tamaño de la muestra o la variabilidad de los precios.,residential_sale,asking_price,unknown,3580.16,3298.72,3623.35,67.73,65.43,67.93,100,92.14,101.21,True,True,True,2025,EUR_per_m2,mean_declared_transaction_price,residential_sales,Ayuntamiento de Madrid,Colegio de Registradores de España,504020100060,15,97.7,True,True,49.6,low,3580.16,registered_transactions_2025,official_price_and_kaggle_features,-311.1400000000003,-7.995785470151372,0.9200421452984864,DEST_002,Rejas,San Blas - Canillejas,Nuevos Ministerios,2026-07-29,success,success,2026-07-29T08:17:36+02:00,2026-07-29T08:58:31+02:00,BUS,224A,Consorcio Regional de Transportes de Madrid,40.91666666666666,40.91666666666666,0.0,2958.0,0.0,2026-07-29T18:00:00+02:00,2026-07-29T18:41:21+02:00,BUS,C1|223,Información oficial: Consorcio Regional de Transportes de Madrid|Consorcio Regional de Transportes de Madrid,41.35,17.183333333333334,8.966666666666667,1213.77,1.0,82.26666666666665,58.1,8.966666666666667,1.0,0,complete_route,True,,True,True,0,0.1369397904621849,0.1616001155318073,0.21181856281195136,1,286412.8
MAD-066,Berruguete,Tetuán,True,True,available,84,78,6,92.86,7.14,0.7,78,345826.13,292500.0,225750.0,450000.0,224250.0,82000.0,1200000.0,4685.22,4679.14,4006.25,5318.0,1311.75,1090.42,28.03,4411.76,4876.56,464.8,9.93,125.78,78,2000,0.95,calculated,78.51,71.5,46.0,90.75,44.75,23.0,450.0,2.1,2.0,72,6,92.31,1.52,2.0,23,55,29.49,0.5065,50.65,77,1,98.72,0.8158,81.58,76,2,97.44,63.49,76.98,66.67,69.68,medium,La estimación presenta una estabilidad intermedia en comparación con el resto de barrios.,residential_sale,asking_price,unknown,4789.99,4725.66,4812.94,90.62,93.74,90.24,100,98.66,100.48,True,True,True,2025,EUR_per_m2,mean_declared_transaction_price,residential_sales,Ayuntamiento de Madrid,Colegio de Registradores de España,504020100060,15,97.7,True,True,69.68,medium,4789.99,registered_transactions_2025,official_price_and_kaggle_features,110.84999999999944,2.369025077257775,1.0236902507725778,DEST_002,Berruguete,Tetuán,Nuevos Ministerios,2026-07-29,success,success,2026-07-29T08:28:00+02:00,2026-07-29T08:59:08+02:00,BUS,126,Información oficial: Consorcio Regional de Transportes de Madrid,31.133333333333333,8.333333333333334,10.0,600.85,0.0,2026-07-29T18:00:00+02:00,2026-07-29T18:32:13+02:00,BUS,126,Información oficial: Consorcio Regional de Transportes de Madrid,32.21666666666667,6.716666666666667,12.0,481.37,0.0,63.35,15.05,22.0,0.0,0,complete_route,True,,True,True,0,0.23611244316239632,0.07964473969239658,0.24918340710566073,3,383199.19999999995
MAD-064,Almenara,Tetuán,True,True,available,40,38,2,95.0,5.0,0.34,38,541997.37,402000.0,349000.0,637250.0,288250.0,175000.0,1470000.0,5131.16,4896.6,4192.07,5999.45,1807.37,1286.79,36.91,4385.96,5491.45,1105.48,22.58,279.99,38,2000,0.95,calculated,103.16,90.0,64.25,120.0,55.75,41.0,262.0,2.66,3.0,35,3,92.11,1.5,1.0,12,26,31.58,0.5405,54.05,37,1,97.37,0.9474,94.74,38,0,100.0,32.14,18.25,18.25,23.12,low,La estimación debe interpretarse con precaución por el tamaño de la muestra o la variabilidad de los precios.,residential_sale,asking_price,unknown,4987.49,4999.45,4979.52,94.36,99.17,93.36,100,100.24,99.84,True,True,True,2025,EUR_per_m2,mean_declared_transaction_price,residential_sales,Ayuntamiento de Madrid,Colegio de Registradores de España,504020100060,15,97.7,True,True,23.12,low,4987.49,registered_transactions_2025,official_price_and_kaggle_features,90.88999999999942,1.8561859249274888,1.018561859249275,DEST_002,Almenara,Tetuán,Nuevos Ministerios,2026-07-29,success,success,2026-07-29T08:23:00+02:00,2026-07-29T08:50:57+02:00,BUS,27,Información oficial: Consorcio Regional de Transportes de Madrid,27.95,10.883333333333333,5.0,758.07,0.0,2026-07-29T18:00:00+02:00,2026-07-29T18:30:36+02:00,BUS,S10,Información oficial: Consorcio Regional de Transportes de Madrid,30.6,15.166666666666666,3.0,1033.47,0.0,58.55,26.05,8.0,0.0,0,complete_route,True,,True,True,0,0.25230198955179955,0.058849014369268524,0.25907431448144513,4,398999.19999999995
MAD-061,Bellas Vistas,Tetuán,True,True,available,105,102,3,97.14,2.86,0.92,102,407470.31,312000.0,210000.0,425000.0,215000.0,105000.0,1950000.0,5077.08,4994.73,4270.81,5765.56,1494.75,1393.44,29.93,4848.39,5169.47,321.08,6.43,88.66,102,2000,0.95,calculated,83.93,60.5,44.25,97.75,53.5,29.0,490.0,2.27,2.0,95,7,93.14,1.2,1.0,20,82,19.61,0.6566,65.66,99,3,97.06,0.6768,67.68,99,3,97.06,76.98,92.86,57.14,78.37,high,La estimación presenta una estabilidad alta en comparación con el resto de barrios.,residential_sale,asking_price,unknown,5223.92,5760.0,5072.68,98.83,114.25,95.11,100,110.26,97.1,True,True,True,2025,EUR_per_m2,mean_declared_transaction_price,residential_sales,Ayuntamiento de Madrid,Colegio de Registradores de España,504020100060,15,97.7,True,True,78.37,high,5223.92,registered_transactions_2025,official_price_and_kaggle_features,229.1900000000005,4.588636422789631,1.0458863642278964,DEST_002,Bellas Vistas,Tetuán,Nuevos Ministerios,2026-07-29,success,success,2026-07-29T07:42:00+02:00,2026-07-29T08:06:45+02:00,BUS,C1,Información oficial: Consorcio Regional de Transportes de Madrid,24.75,14.7,5.0,1045.95,0.0,2026-07-29T18:00:00+02:00,2026-07-29T18:25:03+02:00,BUS,C2,Información oficial: Consorcio Regional de Transportes de Madrid,25.05,13.416666666666666,6.0,967.4,0.0,49.8,28.116666666666667,11.0,0.0,0,complete_route,True,,True,True,0,0.2716827209586179,0.020940140082316396,0.27248851413251396,5,417913.6
MAD-063,Castillejos,Tetuán,True,True,available,91,87,4,95.6,4.4,0.78,87,951251.71,850000.0,482500.0,1334500.0,852000.0,169000.0,3800000.0,6608.72,6450.0,5450.27,7700.0,2249.73,1603.55,34.88,6041.67,6944.44,902.78,14.0,233.49,87,2000,0.95,calculated,149.33,134.0,69.0,225.0,156.0,30.0,400.0,2.93,3.0,85,2,97.7,2.15,2.0,13,74,14.94,0.8953,89.53,86,1,98.85,0.907,90.7,86,1,98.85,67.46,50.79,28.57,51.07,medium,La estimación presenta una estabilidad intermedia en comparación con el resto de barrios.,residential_sale,asking_price,unknown,6438.0,6465.61,6435.73,121.8,128.25,120.66,100,100.43,99.96,True,True,True,2025,EUR_per_m2,mean_declared_transaction_price,residential_sales,Ayuntamiento de Madrid,Colegio de Registradores de España,504020100060,15,97.7,True,True,51.07,medium,6438.0,registered_transactions_2025,official_price_and_kaggle_features,-12.0,-0.1860465116279069,0.998139534883721,DEST_002,Castillejos,Tetuán,Nuevos Ministerios,2026-07-29,success,success,2026-07-29T08:35:00+02:00,2026-07-29T08:58:27+02:00,BUS,27,Información oficial: Consorcio Regional de Transportes de Madrid,23.45,9.35,5.0,634.19,0.0,2026-07-29T18:00:00+02:00,2026-07-29T18:23:10+02:00,BUS,S10,Información oficial: Consorcio Regional de Transportes de Madrid,23.166666666666668,11.0,3.0,690.41,0.0,46.61666666666667,20.35,8.0,0.0,0,complete_route,True,,True,True,0,0.3712037563026519,0.007148530579825253,0.37127258205077474,7,515040.0
MAD-074,Almagro,Chamberí,True,True,available,229,226,3,98.69,1.31,2.03,226,2626267.62,2300000.0,1210000.0,3400000.0,2190000.0,230000.0,12500000.0,11043.47,10604.45,9305.92,12331.4,3025.47,2613.8,28.53,10409.06,11221.95,812.88,7.67,186.44,226,2000,0.95,calculated,233.98,206.5,103.25,317.5,214.25,26.0,750.0,3.35,3.0,222,4,98.23,2.56,2.0,43,183,19.03,0.9867,98.67,226,0,100.0,0.8622,86.22,225,1,99.56,92.86,86.51,64.29,83.17,high,La estimación presenta una estabilidad alta en comparación con el resto de barrios.,residential_sale,asking_price,unknown,10795.41,11150.17,10761.97,204.24,221.17,201.78,100,103.29,99.69,True,True,True,2025,EUR_per_m2,mean_declared_transaction_price,residential_sales,Ayuntamiento de Madrid,Colegio de Registradores de España,504020100060,15,97.7,True,True,83.17,high,10795.41,registered_transactions_2025,official_price_and_kaggle_features,190.9599999999992,1.8007534572750037,1.01800753457275,DEST_002,Almagro,Chamberí,Nuevos Ministerios,2026-07-29,success,success,2026-07-29T08:35:00+02:00,2026-07-29T08:59:11+02:00,BUS,147,Información oficial: Consorcio Regional de Transportes de Madrid,24.183333333333334,8.566666666666666,7.0,616.82,0.0,2026-07-29T18:00:00+02:00,2026-07-29T18:20:47+02:00,BUS,147,Información oficial: Consorcio Regional de Transportes de Madrid,20.78333333333333,5.383333333333334,7.0,375.16,0.0,44.96666666666667,13.95,14.0,0.0,0,complete_route,True,,True,True,0,0.7283910541894857,0.0,0.7283910541894857,10,863632.8
MAD-172,San Cristóbal,Villaverde,True,True,available,40,22,18,55.0,45.0,0.2,22,140040.91,131250.0,118000.0,174000.0,56000.0,68400.0,214900.0,2395.76,2237.9,1956.42,2652.88,696.46,731.5,31.12,2020.86,2360.79,339.93,15.19,107.07,22,2000,0.95,calculated,59.95,60.0,50.25,64.5,14.25,44.0,91.0,2.55,3.0,22,0,100.0,1.0,1.0,8,14,36.36,0.1905,19.05,21,1,95.45,1.0,100.0,19,3,86.36,15.87,46.03,50.79,36.67,low,La estimación debe interpretarse con precaución por el tamaño de la muestra o la variabilidad de los precios.,residential_sale,asking_price,unknown,1909.6,1746.72,1942.18,36.13,34.65,36.41,100,91.47,101.71,True,True,True,2025,EUR_per_m2,mean_declared_transaction_price,residential_sales,Ayuntamiento de Madrid,Colegio de Registradores de España,504020100060,15,97.7,True,True,36.67,low,1909.6,registered_transactions_2025,official_price_and_kaggle_features,-328.3000000000002,-14.670003127932445,0.8532999687206756,DEST_003,San Cristóbal,Villaverde,UC3M Campus de Leganés,2026-07-29,success,success,2026-07-29T07:40:00+02:00,2026-07-29T08:48:47+02:00,BUS,447|450,Consorcio Regional de Transportes de Madrid,68.78333333333333,10.316666666666666,3.1333333333333333,738.1,1.0,2026-07-29T18:04:55+02:00,2026-07-29T19:12:28+02:00,BUS,485|432,Consorcio Regional de Transportes de Madrid,67.55,23.883333333333333,8.6,1771.21,1.0,136.33333333333331,34.2,11.733333333333333,2.0,0,complete_route,True,,True,True,0,0.0,0.3061863743148003,0.3061863743148003,5,152768.0
MAD-121,Orcasitas,Usera,True,True,available,26,19,7,73.08,26.92,0.17,19,272768.42,275000.0,240000.0,320000.0,80000.0,138000.0,380000.0,2907.24,2726.19,2328.1,3336.4,1008.3,871.71,36.99,2339.13,3235.29,896.16,32.87,311.47,19,2000,0.95,calculated,98.63,100.0,84.5,109.0,24.5,35.0,164.0,2.74,3.0,19,0,100.0,1.5,1.5,6,13,31.58,0.875,87.5,16,3,84.21,1.0,100.0,16,3,84.21,12.3,4.76,17.46,10.58,low,La estimación debe interpretarse con precaución por el tamaño de la muestra o la variabilidad de los precios.,residential_sale,asking_price,unknown,2357.51,,2366.82,44.6,,44.38,100,,100.39,True,False,True,2025,EUR_per_m2,mean_declared_transaction_price,residential_sales,Ayuntamiento de Madrid,Colegio de Registradores de España,504020100060,15,97.7,True,True,10.58,low,2357.51,registered_transactions_2025,official_price_and_kaggle_features,-368.67999999999984,-13.523635549980003,0.8647636445001999,DEST_003,Orcasitas,Usera,UC3M Campus de Leganés,2026-07-29,success,success,2026-07-29T07:58:00+02:00,2026-07-29T08:56:51+02:00,BUS,131|485|482,Información oficial: Consorcio Regional de Transportes de Madrid|Consorcio Regional de Transportes de Madrid,58.85,3.85,17.083333333333332,248.45,2.0,2026-07-29T18:03:27+02:00,2026-07-29T18:57:38+02:00,BUS,485|131,Consorcio Regional de Transportes de Madrid|Información oficial: Consorcio Regional de Transportes de Madrid,54.18333333333333,4.65,17.0,308.02,1.0,113.03333333333332,8.5,34.08333333333333,3.0,0,complete_route,True,,True,True,0,0.036716251763431,0.22197457984458766,0.2249906603411281,4,188600.80000000002
MAD-115,Puerta Bonita,Carabanchel,True,True,available,101,75,26,74.26,25.74,0.68,75,271263.64,215000.0,175500.0,299815.0,124315.0,60600.0,1795000.0,3234.84,3015.15,2668.68,3577.78,909.1,973.26,30.15,2776.93,3253.33,476.4,15.8,127.43,75,2000,0.95,calculated,81.52,72.0,63.5,88.5,25.0,27.0,377.0,2.6,3.0,73,2,97.33,1.39,1.0,23,52,30.67,0.4,40.0,70,5,93.33,0.9412,94.12,68,7,90.67,61.11,41.27,54.76,51.59,medium,La estimación presenta una estabilidad intermedia en comparación con el resto de barrios.,residential_sale,asking_price,unknown,2905.06,3002.39,2894.81,54.96,59.55,54.28,100,103.35,99.65,True,True,True,2025,EUR_per_m2,mean_declared_transaction_price,residential_sales,Ayuntamiento de Madrid,Colegio de Registradores de España,504020100060,15,97.7,True,True,51.59,medium,2905.06,registered_transactions_2025,official_price_and_kaggle_features,-110.09000000000016,-3.6512279654411937,0.963487720345588,DEST_003,Puerta Bonita,Carabanchel,UC3M Campus de Leganés,2026-07-29,success,success,2026-07-29T08:15:16+02:00,2026-07-29T08:56:51+02:00,BUS,482,Consorcio Regional de Transportes de Madrid,41.583333333333336,21.48333333333333,0.0,1570.66,0.0,2026-07-29T18:03:27+02:00,2026-07-29T18:39:37+02:00,BUS,485,Consorcio Regional de Transportes de Madrid,36.16666666666666,14.683333333333334,0.0,1126.8,0.0,77.75,36.16666666666666,0.0,0.0,0,complete_route,True,,True,True,0,0.08160023214579937,0.09445214143726283,0.12481908871776404,2,232404.8
MAD-114,Vista Alegre,Carabanchel,True,True,available,79,69,10,87.34,12.66,0.62,69,265033.19,245000.0,170000.0,330000.0,160000.0,103000.0,599000.0,3179.1,3125.0,2665.0,3571.43,906.43,727.22,29.01,2972.6,3335.62,363.01,11.62,95.44,69,2000,0.95,calculated,86.48,75.0,63.0,99.0,36.0,32.0,337.0,2.61,3.0,69,0,100.0,1.25,1.0,12,57,17.39,0.5077,50.77,65,4,94.2,0.8615,86.15,65,4,94.2,54.76,64.29,62.7,60.56,medium,La estimación presenta una estabilidad intermedia en comparación con el resto de barrios.,residential_sale,asking_price,unknown,3213.22,3397.75,3199.1,60.79,67.4,59.98,100,105.74,99.56,True,True,True,2025,EUR_per_m2,mean_declared_transaction_price,residential_sales,Ayuntamiento de Madrid,Colegio de Registradores de España,504020100060,15,97.7,True,True,60.56,medium,3213.22,registered_transactions_2025,official_price_and_kaggle_features,88.2199999999998,2.8230399999999936,1.0282304,DEST_003,Vista Alegre,Carabanchel,UC3M Campus de Leganés,2026-07-29,success,success,2026-07-29T08:17:28+02:00,2026-07-29T08:56:51+02:00,BUS,482,Consorcio Regional de Transportes de Madrid,39.38333333333333,19.28333333333333,0.0,1390.15,0.0,2026-07-29T18:00:58+02:00,2026-07-29T18:35:52+02:00,BUS,493|486,Consorcio Regional de Transportes de Madrid,34.9,8.25,5.033333333333333,622.36,1.0,74.28333333333333,27.53333333333333,5.033333333333333,1.0,0,complete_route,True,,True,True,0,0.10686084285647536,0.08192277573640143,0.13464984560092538,3,257057.59999999998
MAD-116,Buenavista,Carabanchel,True,True,available,110,98,12,89.09,10.91,0.88,98,332312.14,280000.0,214425.0,381125.0,166700.0,70050.0,1590000.0,3537.75,3401.74,2813.08,4163.85,1350.77,1018.82,39.71,3251.54,3644.79,393.25,11.56,108.34,98,2000,0.95,calculated,97.7,77.5,63.5,105.0,41.5,27.0,586.0,2.42,2.0,97,1,98.98,1.3,1.0,20,78,20.41,0.7083,70.83,96,2,97.96,0.9574,95.74,94,4,95.92,74.6,65.87,14.29,56.03,medium,La estimación presenta una estabilidad intermedia en comparación con el resto de barrios.,residential_sale,asking_price,unknown,3291.57,3407.81,3269.2,62.27,67.6,61.29,100,103.53,99.32,True,True,True,2025,EUR_per_m2,mean_declared_transaction_price,residential_sales,Ayuntamiento de Madrid,Colegio de Registradores de España,504020100060,15,97.7,True,True,56.03,medium,3291.57,registered_transactions_2025,official_price_and_kaggle_features,-110.16999999999962,-3.238636697689995,0.9676136330231,DEST_003,Buenavista,Carabanchel,UC3M Campus de Leganés,2026-07-29,success,success,2026-07-29T08:28:21+02:00,2026-07-29T08:56:51+02:00,BUS,484|482,Consorcio Regional de Transportes de Madrid,28.5,3.283333333333333,7.416666666666667,225.07,1.0,2026-07-29T18:03:27+02:00,2026-07-29T18:26:34+02:00,BUS,485,Consorcio Regional de Transportes de Madrid,23.116666666666667,4.083333333333333,0.0,261.62,0.0,51.61666666666667,7.366666666666666,7.416666666666667,1.0,0,complete_route,True,,True,True,0,0.11328337936082854,0.0,0.11328337936082854,1,263325.60000000003
