destination_id,destination_name,transport_mode,transport_mode_label,alternatives,pareto_alternatives,pareto_percentage,cheapest_neighborhood,cheapest_price_eur_m2,cheapest_commute_minutes,fastest_neighborhood,fastest_commute_minutes,fastest_price_eur_m2,balanced_neighborhood,balanced_price_eur_m2,balanced_commute_minutes
DEST_001,Puerta del Sol,BICYCLE,Bicicleta,129,14,10.85,San Cristóbal,1909.6,94.93,Sol,3.7,7696.61,Puerta del Ángel,4033.3,30.27
DEST_001,Puerta del Sol,CAR,Coche,121,14,11.57,San Cristóbal,1909.6,40.53,Justicia,9.22,9541.9,Media Legua,3876.72,20.02
DEST_001,Puerta del Sol,TRANSIT,Transporte público,119,13,10.92,San Cristóbal,1909.6,139.72,Recoletos,56.37,14108.83,Puerta del Ángel,4033.3,65.13
DEST_001,Puerta del Sol,WALK,A pie,128,16,12.5,San Cristóbal,1909.6,264.62,Sol,3.7,7696.61,Puerta del Ángel,4033.3,79.72
DEST_002,Nuevos Ministerios,BICYCLE,Bicicleta,129,16,12.4,San Cristóbal,1909.6,142.07,El Viso,10.5,9382.09,Berruguete,4789.99,28.22
DEST_002,Nuevos Ministerios,CAR,Coche,121,18,14.88,San Cristóbal,1909.6,42.53,Cuatro Caminos,5.98,6496.82,Berruguete,4789.99,13.35
DEST_002,Nuevos Ministerios,TRANSIT,Transporte público,124,10,8.06,San Cristóbal,1909.6,174.28,Almagro,44.97,10795.41,Rejas,3580.16,82.27
DEST_002,Nuevos Ministerios,WALK,A pie,129,18,13.95,San Cristóbal,1909.6,366.12,El Viso,21.03,9382.09,Berruguete,4789.99,61.13
DEST_003,UC3M Campus de Leganés,BICYCLE,Bicicleta,129,4,3.1,San Cristóbal,1909.6,79.53,Cuatro Vientos,50.48,4673.53,Villaverde Alto - Casco Histórico de Villaverde,2928.26,58.68
DEST_003,UC3M Campus de Leganés,CAR,Coche,121,4,3.31,San Cristóbal,1909.6,28.1,Buenavista,16.02,3291.57,Abrantes,2912.9,19.82
DEST_003,UC3M Campus de Leganés,TRANSIT,Transporte público,128,5,3.91,San Cristóbal,1909.6,136.33,Buenavista,51.62,3291.57,Buenavista,3291.57,51.62
DEST_003,UC3M Campus de Leganés,WALK,A pie,79,4,5.06,San Cristóbal,1909.6,213.57,Buenavista,142.93,3291.57,Villaverde Alto - Casco Histórico de Villaverde,2928.26,149.83
