destination_id,destination_name,profile_id,profile_name,price_weight,time_weight,zone_key,neighborhood_name,district_name,price_eur_m2,commute_daily_minutes,profile_score
DEST_001,Puerta del Sol,price_priority,Prioridad al precio,0.75,0.25,MAD-172,San Cristóbal,Villaverde,1909.6,139.72,0.1107
DEST_001,Puerta del Sol,balanced,Perfil equilibrado,0.5,0.5,MAD-102,Puerta del Ángel,Latina,4033.3,65.13,0.1103
DEST_001,Puerta del Sol,time_priority,Prioridad al tiempo,0.25,0.75,MAD-102,Puerta del Ángel,Latina,4033.3,65.13,0.0785
DEST_002,Nuevos Ministerios,price_priority,Prioridad al precio,0.75,0.25,MAD-202,Hellín,San Blas - Canillejas,2498.86,120.65,0.1182
DEST_002,Nuevos Ministerios,balanced,Perfil equilibrado,0.5,0.5,MAD-061,Bellas Vistas,Tetuán,5223.92,49.8,0.1463
DEST_002,Nuevos Ministerios,time_priority,Prioridad al tiempo,0.25,0.75,MAD-061,Bellas Vistas,Tetuán,5223.92,49.8,0.0836
DEST_003,UC3M Campus de Leganés,price_priority,Prioridad al precio,0.75,0.25,MAD-172,San Cristóbal,Villaverde,1909.6,136.33,0.0765
DEST_003,UC3M Campus de Leganés,balanced,Perfil equilibrado,0.5,0.5,MAD-116,Buenavista,Carabanchel,3291.57,51.62,0.0566
DEST_003,UC3M Campus de Leganés,time_priority,Prioridad al tiempo,0.25,0.75,MAD-116,Buenavista,Carabanchel,3291.57,51.62,0.0283
