destination_id,destination_name,profile_id,profile_name,price_weight,time_weight,zone_key,neighborhood_name,district_name,price_m2_for_recommender,commute_daily_minutes,reference_price_eur,preference_score,is_pareto,is_pareto_eligible,status,price_reliability_score,price_reliability_level,price_m2_for_recommender_source
DEST_001,Puerta del Sol,price_priority,Prioridad al precio,0.75,0.25,MAD-172,San Cristóbal,Villaverde,1909.6,139.71666666666667,152768.0,0.11074940207281425,True,True,recommended,36.67,low,registered_transactions_2025
DEST_001,Puerta del Sol,balanced,Perfil equilibrado,0.5,0.5,MAD-102,Puerta del Ángel,Latina,4033.3,65.13333333333334,322664.0,0.1103393936974038,True,True,recommended,50.63,medium,registered_transactions_2025
DEST_001,Puerta del Sol,time_priority,Prioridad al tiempo,0.25,0.75,MAD-102,Puerta del Ángel,Latina,4033.3,65.13333333333334,322664.0,0.07846671164186339,True,True,recommended,50.63,medium,registered_transactions_2025
DEST_002,Nuevos Ministerios,price_priority,Prioridad al precio,0.75,0.25,MAD-202,Hellín,San Blas - Canillejas,2498.86,120.65,199908.80000000002,0.11820071416058694,True,True,recommended,42.32,low,registered_transactions_2025
DEST_002,Nuevos Ministerios,balanced,Perfil equilibrado,0.5,0.5,MAD-061,Bellas Vistas,Tetuán,5223.92,49.8,417913.6,0.1463114305204671,True,True,recommended,78.37,high,registered_transactions_2025
DEST_002,Nuevos Ministerios,time_priority,Prioridad al tiempo,0.25,0.75,MAD-061,Bellas Vistas,Tetuán,5223.92,49.8,417913.6,0.0836257853013917,True,True,recommended,78.37,high,registered_transactions_2025
DEST_003,UC3M Campus de Leganés,price_priority,Prioridad al precio,0.75,0.25,MAD-172,San Cristóbal,Villaverde,1909.6,136.33333333333331,152768.0,0.07654659357870007,True,True,recommended,36.67,low,registered_transactions_2025
DEST_003,UC3M Campus de Leganés,balanced,Perfil equilibrado,0.5,0.5,MAD-116,Buenavista,Carabanchel,3291.57,51.61666666666667,263325.60000000003,0.05664168968041425,True,True,recommended,56.03,medium,registered_transactions_2025
DEST_003,UC3M Campus de Leganés,time_priority,Prioridad al tiempo,0.25,0.75,MAD-116,Buenavista,Carabanchel,3291.57,51.61666666666667,263325.60000000003,0.028320844840207124,True,True,recommended,56.03,medium,registered_transactions_2025
