destination_id,destination_name,transport_mode,transport_mode_label,price_weight,time_weight,zone_key,neighborhood_name,district_name,price_m2_for_recommender,commute_daily_minutes,preference_score
DEST_001,Puerta del Sol,BICYCLE,Bicicleta,0.0,1.0,MAD-016,Sol,Centro,7696.61,3.7,0.0
DEST_001,Puerta del Sol,BICYCLE,Bicicleta,0.05,0.95,MAD-016,Sol,Centro,7696.61,3.7,0.02371875110150395
DEST_001,Puerta del Sol,BICYCLE,Bicicleta,0.1,0.9,MAD-016,Sol,Centro,7696.61,3.7,0.0474375022030079
DEST_001,Puerta del Sol,BICYCLE,Bicicleta,0.15,0.85,MAD-016,Sol,Centro,7696.61,3.7,0.07115625330451186
DEST_001,Puerta del Sol,BICYCLE,Bicicleta,0.2,0.8,MAD-016,Sol,Centro,7696.61,3.7,0.0948750044060158
DEST_001,Puerta del Sol,BICYCLE,Bicicleta,0.25,0.75,MAD-016,Sol,Centro,7696.61,3.7,0.11859375550751974
DEST_001,Puerta del Sol,BICYCLE,Bicicleta,0.3,0.7,MAD-016,Sol,Centro,7696.61,3.7,0.14231250660902373
DEST_001,Puerta del Sol,BICYCLE,Bicicleta,0.35,0.65,MAD-102,Puerta del Ángel,Latina,4033.3,30.266666666666666,0.15673179190888265
DEST_001,Puerta del Sol,BICYCLE,Bicicleta,0.4,0.6,MAD-102,Puerta del Ángel,Latina,4033.3,30.266666666666666,0.15806663543962127
DEST_001,Puerta del Sol,BICYCLE,Bicicleta,0.45,0.55,MAD-102,Puerta del Ángel,Latina,4033.3,30.266666666666666,0.1594014789703599
DEST_001,Puerta del Sol,BICYCLE,Bicicleta,0.5,0.5,MAD-102,Puerta del Ángel,Latina,4033.3,30.266666666666666,0.16073632250109848
DEST_001,Puerta del Sol,BICYCLE,Bicicleta,0.55,0.45,MAD-102,Puerta del Ángel,Latina,4033.3,30.266666666666666,0.1620711660318371
DEST_001,Puerta del Sol,BICYCLE,Bicicleta,0.6,0.4,MAD-123,San Fermín,Usera,2755.18,56.98333333333333,0.15983170725641943
DEST_001,Puerta del Sol,BICYCLE,Bicicleta,0.65,0.35,MAD-123,San Fermín,Usera,2755.18,56.98333333333333,0.14851702020123514
DEST_001,Puerta del Sol,BICYCLE,Bicicleta,0.7,0.3,MAD-123,San Fermín,Usera,2755.18,56.98333333333333,0.1372023331460508
DEST_001,Puerta del Sol,BICYCLE,Bicicleta,0.75,0.25,MAD-121,Orcasitas,Usera,2357.51,73.71666666666667,0.12464768350588347
DEST_001,Puerta del Sol,BICYCLE,Bicicleta,0.8,0.2,MAD-172,San Cristóbal,Villaverde,1909.6,94.93333333333334,0.10122977346278314
DEST_001,Puerta del Sol,BICYCLE,Bicicleta,0.85,0.15,MAD-172,San Cristóbal,Villaverde,1909.6,94.93333333333334,0.07592233009708733
DEST_001,Puerta del Sol,BICYCLE,Bicicleta,0.9,0.1,MAD-172,San Cristóbal,Villaverde,1909.6,94.93333333333334,0.05061488673139157
DEST_001,Puerta del Sol,BICYCLE,Bicicleta,0.95,0.05,MAD-172,San Cristóbal,Villaverde,1909.6,94.93333333333334,0.025307443365695757
DEST_001,Puerta del Sol,BICYCLE,Bicicleta,1.0,0.0,MAD-172,San Cristóbal,Villaverde,1909.6,94.93333333333334,0.0
DEST_001,Puerta del Sol,CAR,Coche,0.0,1.0,MAD-014,Justicia,Centro,9541.9,9.216666666666669,0.0
DEST_001,Puerta del Sol,CAR,Coche,0.05,0.95,MAD-014,Justicia,Centro,9541.9,9.216666666666669,0.03128189238173229
DEST_001,Puerta del Sol,CAR,Coche,0.1,0.9,MAD-015,Universidad,Centro,7135.43,10.0,0.055741585685663064
DEST_001,Puerta del Sol,CAR,Coche,0.15,0.85,MAD-015,Universidad,Centro,7135.43,10.0,0.0764433730373415
DEST_001,Puerta del Sol,CAR,Coche,0.2,0.8,MAD-015,Universidad,Centro,7135.43,10.0,0.09714516038901992
DEST_001,Puerta del Sol,CAR,Coche,0.25,0.75,MAD-015,Universidad,Centro,7135.43,10.0,0.11784694774069834
DEST_001,Puerta del Sol,CAR,Coche,0.3,0.7,MAD-015,Universidad,Centro,7135.43,10.0,0.13854873509237678
DEST_001,Puerta del Sol,CAR,Coche,0.35,0.65,MAD-015,Universidad,Centro,7135.43,10.0,0.15925052244405521
DEST_001,Puerta del Sol,CAR,Coche,0.4,0.6,MAD-015,Universidad,Centro,7135.43,10.0,0.17995230979573365
DEST_001,Puerta del Sol,CAR,Coche,0.45,0.55,MAD-144,Media Legua,Moratalaz,3876.72,20.016666666666666,0.18128711688355148
DEST_001,Puerta del Sol,CAR,Coche,0.5,0.5,MAD-134,Palomeras Sureste,Puente de Vallecas,2701.36,24.366666666666667,0.17110284531871076
DEST_001,Puerta del Sol,CAR,Coche,0.55,0.45,MAD-134,Palomeras Sureste,Puente de Vallecas,2701.36,24.366666666666667,0.16048280648267457
DEST_001,Puerta del Sol,CAR,Coche,0.6,0.4,MAD-134,Palomeras Sureste,Puente de Vallecas,2701.36,24.366666666666667,0.14986276764663836
DEST_001,Puerta del Sol,CAR,Coche,0.65,0.35,MAD-134,Palomeras Sureste,Puente de Vallecas,2701.36,24.366666666666667,0.13924272881060223
DEST_001,Puerta del Sol,CAR,Coche,0.7,0.3,MAD-134,Palomeras Sureste,Puente de Vallecas,2701.36,24.366666666666667,0.12862268997456602
DEST_001,Puerta del Sol,CAR,Coche,0.75,0.25,MAD-121,Orcasitas,Usera,2357.51,28.416666666666664,0.1153956390971309
DEST_001,Puerta del Sol,CAR,Coche,0.8,0.2,MAD-121,Orcasitas,Usera,2357.51,28.416666666666664,0.09965976163039089
DEST_001,Puerta del Sol,CAR,Coche,0.85,0.15,MAD-121,Orcasitas,Usera,2357.51,28.416666666666664,0.0839238841636509
DEST_001,Puerta del Sol,CAR,Coche,0.9,0.1,MAD-172,San Cristóbal,Villaverde,1909.6,40.53333333333333,0.05732153752287978
DEST_001,Puerta del Sol,CAR,Coche,0.95,0.05,MAD-172,San Cristóbal,Villaverde,1909.6,40.53333333333333,0.02866076876143986
DEST_001,Puerta del Sol,CAR,Coche,1.0,0.0,MAD-172,San Cristóbal,Villaverde,1909.6,40.53333333333333,0.0
DEST_001,Puerta del Sol,TRANSIT,Transporte público,0.0,1.0,MAD-041,Recoletos,Salamanca,14108.83,56.36666666666667,0.0
DEST_001,Puerta del Sol,TRANSIT,Transporte público,0.05,0.95,MAD-021,Imperial,Arganzuela,5855.12,60.78333333333333,0.03847165405833215
DEST_001,Puerta del Sol,TRANSIT,Transporte público,0.1,0.9,MAD-021,Imperial,Arganzuela,5855.12,60.78333333333333,0.053469129712908514
DEST_001,Puerta del Sol,TRANSIT,Transporte público,0.15,0.85,MAD-102,Puerta del Ángel,Latina,4033.3,65.13333333333334,0.06571763881964723
DEST_001,Puerta del Sol,TRANSIT,Transporte público,0.2,0.8,MAD-102,Puerta del Ángel,Latina,4033.3,65.13333333333334,0.07209217523075531
DEST_001,Puerta del Sol,TRANSIT,Transporte público,0.25,0.75,MAD-102,Puerta del Ángel,Latina,4033.3,65.13333333333334,0.07846671164186339
DEST_001,Puerta del Sol,TRANSIT,Transporte público,0.3,0.7,MAD-102,Puerta del Ángel,Latina,4033.3,65.13333333333334,0.08484124805297148
DEST_001,Puerta del Sol,TRANSIT,Transporte público,0.35,0.65,MAD-102,Puerta del Ángel,Latina,4033.3,65.13333333333334,0.09121578446407955
DEST_001,Puerta del Sol,TRANSIT,Transporte público,0.4,0.6,MAD-102,Puerta del Ángel,Latina,4033.3,65.13333333333334,0.09759032087518762
DEST_001,Puerta del Sol,TRANSIT,Transporte público,0.45,0.55,MAD-102,Puerta del Ángel,Latina,4033.3,65.13333333333334,0.10396485728629573
DEST_001,Puerta del Sol,TRANSIT,Transporte público,0.5,0.5,MAD-102,Puerta del Ángel,Latina,4033.3,65.13333333333334,0.1103393936974038
DEST_001,Puerta del Sol,TRANSIT,Transporte público,0.55,0.45,MAD-102,Puerta del Ángel,Latina,4033.3,65.13333333333334,0.11671393010851189
DEST_001,Puerta del Sol,TRANSIT,Transporte público,0.6,0.4,MAD-102,Puerta del Ángel,Latina,4033.3,65.13333333333334,0.12308846651961997
DEST_001,Puerta del Sol,TRANSIT,Transporte público,0.65,0.35,MAD-102,Puerta del Ángel,Latina,4033.3,65.13333333333334,0.12946300293072804
DEST_001,Puerta del Sol,TRANSIT,Transporte público,0.7,0.3,MAD-172,San Cristóbal,Villaverde,1909.6,139.71666666666667,0.13289928248737706
DEST_001,Puerta del Sol,TRANSIT,Transporte público,0.75,0.25,MAD-172,San Cristóbal,Villaverde,1909.6,139.71666666666667,0.11074940207281425
DEST_001,Puerta del Sol,TRANSIT,Transporte público,0.8,0.2,MAD-172,San Cristóbal,Villaverde,1909.6,139.71666666666667,0.08859952165825138
DEST_001,Puerta del Sol,TRANSIT,Transporte público,0.85,0.15,MAD-172,San Cristóbal,Villaverde,1909.6,139.71666666666667,0.06644964124368852
DEST_001,Puerta del Sol,TRANSIT,Transporte público,0.9,0.1,MAD-172,San Cristóbal,Villaverde,1909.6,139.71666666666667,0.04429976082912569
DEST_001,Puerta del Sol,TRANSIT,Transporte público,0.95,0.05,MAD-172,San Cristóbal,Villaverde,1909.6,139.71666666666667,0.022149880414562822
DEST_001,Puerta del Sol,TRANSIT,Transporte público,1.0,0.0,MAD-172,San Cristóbal,Villaverde,1909.6,139.71666666666667,0.0
DEST_001,Puerta del Sol,WALK,A pie,0.0,1.0,MAD-016,Sol,Centro,7696.61,3.7,0.0
DEST_001,Puerta del Sol,WALK,A pie,0.05,0.95,MAD-016,Sol,Centro,7696.61,3.7,0.02371875110150395
DEST_001,Puerta del Sol,WALK,A pie,0.1,0.9,MAD-016,Sol,Centro,7696.61,3.7,0.0474375022030079
DEST_001,Puerta del Sol,WALK,A pie,0.15,0.85,MAD-016,Sol,Centro,7696.61,3.7,0.07115625330451186
DEST_001,Puerta del Sol,WALK,A pie,0.2,0.8,MAD-016,Sol,Centro,7696.61,3.7,0.0948750044060158
DEST_001,Puerta del Sol,WALK,A pie,0.25,0.75,MAD-016,Sol,Centro,7696.61,3.7,0.11859375550751974
DEST_001,Puerta del Sol,WALK,A pie,0.3,0.7,MAD-012,Embajadores,Centro,6054.75,26.933333333333334,0.13957279249658444
DEST_001,Puerta del Sol,WALK,A pie,0.35,0.65,MAD-012,Embajadores,Centro,6054.75,26.933333333333334,0.15387386725172347
DEST_001,Puerta del Sol,WALK,A pie,0.4,0.6,MAD-012,Embajadores,Centro,6054.75,26.933333333333334,0.16817494200686256
DEST_001,Puerta del Sol,WALK,A pie,0.45,0.55,MAD-102,Puerta del Ángel,Latina,4033.3,79.71666666666665,0.17509248976222702
DEST_001,Puerta del Sol,WALK,A pie,0.5,0.5,MAD-102,Puerta del Ángel,Latina,4033.3,79.71666666666665,0.17500087776643225
DEST_001,Puerta del Sol,WALK,A pie,0.55,0.45,MAD-102,Puerta del Ángel,Latina,4033.3,79.71666666666665,0.17490926577063748
DEST_001,Puerta del Sol,WALK,A pie,0.6,0.4,MAD-112,Opañel,Carabanchel,3500.89,105.11666666666667,0.1721440714885265
DEST_001,Puerta del Sol,WALK,A pie,0.65,0.35,MAD-112,Opañel,Carabanchel,3500.89,105.11666666666667,0.16693129247270977
DEST_001,Puerta del Sol,WALK,A pie,0.7,0.3,MAD-131,Entrevías,Puente de Vallecas,2430.16,176.66666666666669,0.149953392798455
DEST_001,Puerta del Sol,WALK,A pie,0.75,0.25,MAD-121,Orcasitas,Usera,2357.51,184.06666666666663,0.13188786572310165
DEST_001,Puerta del Sol,WALK,A pie,0.8,0.2,MAD-121,Orcasitas,Usera,2357.51,184.06666666666663,0.1128535429311675
DEST_001,Puerta del Sol,WALK,A pie,0.85,0.15,MAD-172,San Cristóbal,Villaverde,1909.6,264.6166666666667,0.09057160489065448
DEST_001,Puerta del Sol,WALK,A pie,0.9,0.1,MAD-172,San Cristóbal,Villaverde,1909.6,264.6166666666667,0.060381069927103015
DEST_001,Puerta del Sol,WALK,A pie,0.95,0.05,MAD-172,San Cristóbal,Villaverde,1909.6,264.6166666666667,0.030190534963551473
DEST_001,Puerta del Sol,WALK,A pie,1.0,0.0,MAD-172,San Cristóbal,Villaverde,1909.6,264.6166666666667,0.0
DEST_002,Nuevos Ministerios,BICYCLE,Bicicleta,0.0,1.0,MAD-051,El Viso,Chamartín,9382.09,10.5,0.0
DEST_002,Nuevos Ministerios,BICYCLE,Bicicleta,0.05,0.95,MAD-062,Cuatro Caminos,Tetuán,6496.82,12.383333333333333,0.030410439146455165
DEST_002,Nuevos Ministerios,BICYCLE,Bicicleta,0.1,0.9,MAD-062,Cuatro Caminos,Tetuán,6496.82,12.383333333333333,0.04860069877522893
DEST_002,Nuevos Ministerios,BICYCLE,Bicicleta,0.15,0.85,MAD-062,Cuatro Caminos,Tetuán,6496.82,12.383333333333333,0.0667909584040027
DEST_002,Nuevos Ministerios,BICYCLE,Bicicleta,0.2,0.8,MAD-062,Cuatro Caminos,Tetuán,6496.82,12.383333333333333,0.08498121803277646
DEST_002,Nuevos Ministerios,BICYCLE,Bicicleta,0.25,0.75,MAD-062,Cuatro Caminos,Tetuán,6496.82,12.383333333333333,0.10317147766155021
DEST_002,Nuevos Ministerios,BICYCLE,Bicicleta,0.3,0.7,MAD-062,Cuatro Caminos,Tetuán,6496.82,12.383333333333333,0.121361737290324
DEST_002,Nuevos Ministerios,BICYCLE,Bicicleta,0.35,0.65,MAD-062,Cuatro Caminos,Tetuán,6496.82,12.383333333333333,0.13955199691909775
DEST_002,Nuevos Ministerios,BICYCLE,Bicicleta,0.4,0.6,MAD-061,Bellas Vistas,Tetuán,5223.92,21.700000000000003,0.15227641919343957
DEST_002,Nuevos Ministerios,BICYCLE,Bicicleta,0.45,0.55,MAD-061,Bellas Vistas,Tetuán,5223.92,21.700000000000003,0.16222694434053775
DEST_002,Nuevos Ministerios,BICYCLE,Bicicleta,0.5,0.5,MAD-061,Bellas Vistas,Tetuán,5223.92,21.700000000000003,0.17217746948763596
DEST_002,Nuevos Ministerios,BICYCLE,Bicicleta,0.55,0.45,MAD-066,Berruguete,Tetuán,4789.99,28.21666666666667,0.18159213464447638
DEST_002,Nuevos Ministerios,BICYCLE,Bicicleta,0.6,0.4,MAD-066,Berruguete,Tetuán,4789.99,28.21666666666667,0.18764994670202303
DEST_002,Nuevos Ministerios,BICYCLE,Bicicleta,0.65,0.35,MAD-203,Amposta,San Blas - Canillejas,2544.1,75.61666666666667,0.1816878552596601
DEST_002,Nuevos Ministerios,BICYCLE,Bicicleta,0.7,0.3,MAD-203,Amposta,San Blas - Canillejas,2544.1,75.61666666666667,0.16316265871014365
DEST_002,Nuevos Ministerios,BICYCLE,Bicicleta,0.75,0.25,MAD-203,Amposta,San Blas - Canillejas,2544.1,75.61666666666667,0.1446374621606272
DEST_002,Nuevos Ministerios,BICYCLE,Bicicleta,0.8,0.2,MAD-203,Amposta,San Blas - Canillejas,2544.1,75.61666666666667,0.12611226561111072
DEST_002,Nuevos Ministerios,BICYCLE,Bicicleta,0.85,0.15,MAD-203,Amposta,San Blas - Canillejas,2544.1,75.61666666666667,0.10758706906159425
DEST_002,Nuevos Ministerios,BICYCLE,Bicicleta,0.9,0.1,MAD-172,San Cristóbal,Villaverde,1909.6,142.06666666666666,0.085368227533254
DEST_002,Nuevos Ministerios,BICYCLE,Bicicleta,0.95,0.05,MAD-172,San Cristóbal,Villaverde,1909.6,142.06666666666666,0.04268411376662696
DEST_002,Nuevos Ministerios,BICYCLE,Bicicleta,1.0,0.0,MAD-172,San Cristóbal,Villaverde,1909.6,142.06666666666666,0.0
DEST_002,Nuevos Ministerios,CAR,Coche,0.0,1.0,MAD-062,Cuatro Caminos,Tetuán,6496.82,5.983333333333333,0.0
DEST_002,Nuevos Ministerios,CAR,Coche,0.05,0.95,MAD-062,Cuatro Caminos,Tetuán,6496.82,5.983333333333333,0.018801268604657834
DEST_002,Nuevos Ministerios,CAR,Coche,0.1,0.9,MAD-062,Cuatro Caminos,Tetuán,6496.82,5.983333333333333,0.03760253720931567
DEST_002,Nuevos Ministerios,CAR,Coche,0.15,0.85,MAD-062,Cuatro Caminos,Tetuán,6496.82,5.983333333333333,0.05640380581397351
DEST_002,Nuevos Ministerios,CAR,Coche,0.2,0.8,MAD-062,Cuatro Caminos,Tetuán,6496.82,5.983333333333333,0.07520507441863133
DEST_002,Nuevos Ministerios,CAR,Coche,0.25,0.75,MAD-062,Cuatro Caminos,Tetuán,6496.82,5.983333333333333,0.09400634302328917
DEST_002,Nuevos Ministerios,CAR,Coche,0.3,0.7,MAD-062,Cuatro Caminos,Tetuán,6496.82,5.983333333333333,0.11280761162794702
DEST_002,Nuevos Ministerios,CAR,Coche,0.35,0.65,MAD-062,Cuatro Caminos,Tetuán,6496.82,5.983333333333333,0.13160888023260484
DEST_002,Nuevos Ministerios,CAR,Coche,0.4,0.6,MAD-062,Cuatro Caminos,Tetuán,6496.82,5.983333333333333,0.15041014883726267
DEST_002,Nuevos Ministerios,CAR,Coche,0.45,0.55,MAD-064,Almenara,Tetuán,4987.49,11.233333333333334,0.16228378500005425
DEST_002,Nuevos Ministerios,CAR,Coche,0.5,0.5,MAD-064,Almenara,Tetuán,4987.49,11.233333333333334,0.170467258141122
DEST_002,Nuevos Ministerios,CAR,Coche,0.55,0.45,MAD-064,Almenara,Tetuán,4987.49,11.233333333333334,0.17865073128218975
DEST_002,Nuevos Ministerios,CAR,Coche,0.6,0.4,MAD-134,Palomeras Sureste,Puente de Vallecas,2701.36,26.15,0.17512605492908925
DEST_002,Nuevos Ministerios,CAR,Coche,0.65,0.35,MAD-134,Palomeras Sureste,Puente de Vallecas,2701.36,26.15,0.16134810518274673
DEST_002,Nuevos Ministerios,CAR,Coche,0.7,0.3,MAD-203,Amposta,San Blas - Canillejas,2544.1,27.716666666666665,0.1464811925953216
DEST_002,Nuevos Ministerios,CAR,Coche,0.75,0.25,MAD-203,Amposta,San Blas - Canillejas,2544.1,27.716666666666665,0.1307362403982755
DEST_002,Nuevos Ministerios,CAR,Coche,0.8,0.2,MAD-203,Amposta,San Blas - Canillejas,2544.1,27.716666666666665,0.11499128820122936
DEST_002,Nuevos Ministerios,CAR,Coche,0.85,0.15,MAD-172,San Cristóbal,Villaverde,1909.6,42.53333333333333,0.0925576814856499
DEST_002,Nuevos Ministerios,CAR,Coche,0.9,0.1,MAD-172,San Cristóbal,Villaverde,1909.6,42.53333333333333,0.06170512099043329
DEST_002,Nuevos Ministerios,CAR,Coche,0.95,0.05,MAD-172,San Cristóbal,Villaverde,1909.6,42.53333333333333,0.030852560495216612
DEST_002,Nuevos Ministerios,CAR,Coche,1.0,0.0,MAD-172,San Cristóbal,Villaverde,1909.6,42.53333333333333,0.0
DEST_002,Nuevos Ministerios,TRANSIT,Transporte público,0.0,1.0,MAD-074,Almagro,Chamberí,10795.41,44.96666666666667,0.0
DEST_002,Nuevos Ministerios,TRANSIT,Transporte público,0.05,0.95,MAD-063,Castillejos,Tetuán,6438.0,46.61666666666667,0.025351291865966536
DEST_002,Nuevos Ministerios,TRANSIT,Transporte público,0.1,0.9,MAD-063,Castillejos,Tetuán,6438.0,46.61666666666667,0.04355405315210787
DEST_002,Nuevos Ministerios,TRANSIT,Transporte público,0.15,0.85,MAD-061,Bellas Vistas,Tetuán,5223.92,49.8,0.05855152721376154
DEST_002,Nuevos Ministerios,TRANSIT,Transporte público,0.2,0.8,MAD-061,Bellas Vistas,Tetuán,5223.92,49.8,0.07108865625757663
DEST_002,Nuevos Ministerios,TRANSIT,Transporte público,0.25,0.75,MAD-061,Bellas Vistas,Tetuán,5223.92,49.8,0.0836257853013917
DEST_002,Nuevos Ministerios,TRANSIT,Transporte público,0.3,0.7,MAD-061,Bellas Vistas,Tetuán,5223.92,49.8,0.0961629143452068
DEST_002,Nuevos Ministerios,TRANSIT,Transporte público,0.35,0.65,MAD-061,Bellas Vistas,Tetuán,5223.92,49.8,0.10870004338902187
DEST_002,Nuevos Ministerios,TRANSIT,Transporte público,0.4,0.6,MAD-061,Bellas Vistas,Tetuán,5223.92,49.8,0.12123717243283694
DEST_002,Nuevos Ministerios,TRANSIT,Transporte público,0.45,0.55,MAD-061,Bellas Vistas,Tetuán,5223.92,49.8,0.13377430147665204
DEST_002,Nuevos Ministerios,TRANSIT,Transporte público,0.5,0.5,MAD-061,Bellas Vistas,Tetuán,5223.92,49.8,0.1463114305204671
DEST_002,Nuevos Ministerios,TRANSIT,Transporte público,0.55,0.45,MAD-207,Canillejas,San Blas - Canillejas,3409.64,86.01666666666667,0.14766007166071038
DEST_002,Nuevos Ministerios,TRANSIT,Transporte público,0.6,0.4,MAD-207,Canillejas,San Blas - Canillejas,3409.64,86.01666666666667,0.144915825817093
DEST_002,Nuevos Ministerios,TRANSIT,Transporte público,0.65,0.35,MAD-207,Canillejas,San Blas - Canillejas,3409.64,86.01666666666667,0.14217157997347568
DEST_002,Nuevos Ministerios,TRANSIT,Transporte público,0.7,0.3,MAD-202,Hellín,San Blas - Canillejas,2498.86,120.65,0.13218024726569697
DEST_002,Nuevos Ministerios,TRANSIT,Transporte público,0.75,0.25,MAD-202,Hellín,San Blas - Canillejas,2498.86,120.65,0.11820071416058694
DEST_002,Nuevos Ministerios,TRANSIT,Transporte público,0.8,0.2,MAD-202,Hellín,San Blas - Canillejas,2498.86,120.65,0.10422118105547691
DEST_002,Nuevos Ministerios,TRANSIT,Transporte público,0.85,0.15,MAD-172,San Cristóbal,Villaverde,1909.6,174.28333333333336,0.08403855874070328
DEST_002,Nuevos Ministerios,TRANSIT,Transporte público,0.9,0.1,MAD-172,San Cristóbal,Villaverde,1909.6,174.28333333333336,0.05602570582713554
DEST_002,Nuevos Ministerios,TRANSIT,Transporte público,0.95,0.05,MAD-172,San Cristóbal,Villaverde,1909.6,174.28333333333336,0.02801285291356774
DEST_002,Nuevos Ministerios,TRANSIT,Transporte público,1.0,0.0,MAD-172,San Cristóbal,Villaverde,1909.6,174.28333333333336,0.0
DEST_002,Nuevos Ministerios,WALK,A pie,0.0,1.0,MAD-051,El Viso,Chamartín,9382.09,21.03333333333333,0.0
DEST_002,Nuevos Ministerios,WALK,A pie,0.05,0.95,MAD-062,Cuatro Caminos,Tetuán,6496.82,23.933333333333337,0.024993903377819267
DEST_002,Nuevos Ministerios,WALK,A pie,0.1,0.9,MAD-062,Cuatro Caminos,Tetuán,6496.82,23.933333333333337,0.04346924383652124
DEST_002,Nuevos Ministerios,WALK,A pie,0.15,0.85,MAD-062,Cuatro Caminos,Tetuán,6496.82,23.933333333333337,0.06194458429522321
DEST_002,Nuevos Ministerios,WALK,A pie,0.2,0.8,MAD-062,Cuatro Caminos,Tetuán,6496.82,23.933333333333337,0.08041992475392518
DEST_002,Nuevos Ministerios,WALK,A pie,0.25,0.75,MAD-062,Cuatro Caminos,Tetuán,6496.82,23.933333333333337,0.09889526521262715
DEST_002,Nuevos Ministerios,WALK,A pie,0.3,0.7,MAD-062,Cuatro Caminos,Tetuán,6496.82,23.933333333333337,0.11737060567132912
DEST_002,Nuevos Ministerios,WALK,A pie,0.35,0.65,MAD-062,Cuatro Caminos,Tetuán,6496.82,23.933333333333337,0.1358459461300311
DEST_002,Nuevos Ministerios,WALK,A pie,0.4,0.6,MAD-066,Berruguete,Tetuán,4789.99,61.133333333333326,0.14852657169046335
DEST_002,Nuevos Ministerios,WALK,A pie,0.45,0.55,MAD-066,Berruguete,Tetuán,4789.99,61.133333333333326,0.15582539431312442
DEST_002,Nuevos Ministerios,WALK,A pie,0.5,0.5,MAD-066,Berruguete,Tetuán,4789.99,61.133333333333326,0.1631242169357855
DEST_002,Nuevos Ministerios,WALK,A pie,0.55,0.45,MAD-066,Berruguete,Tetuán,4789.99,61.133333333333326,0.1704230395584466
DEST_002,Nuevos Ministerios,WALK,A pie,0.6,0.4,MAD-066,Berruguete,Tetuán,4789.99,61.133333333333326,0.1777218621811077
DEST_002,Nuevos Ministerios,WALK,A pie,0.65,0.35,MAD-066,Berruguete,Tetuán,4789.99,61.133333333333326,0.18502068480376874
DEST_002,Nuevos Ministerios,WALK,A pie,0.7,0.3,MAD-203,Amposta,San Blas - Canillejas,2544.1,217.2,0.16868990724087532
DEST_002,Nuevos Ministerios,WALK,A pie,0.75,0.25,MAD-203,Amposta,San Blas - Canillejas,2544.1,217.2,0.1492435026029036
DEST_002,Nuevos Ministerios,WALK,A pie,0.8,0.2,MAD-203,Amposta,San Blas - Canillejas,2544.1,217.2,0.12979709796493183
DEST_002,Nuevos Ministerios,WALK,A pie,0.85,0.15,MAD-203,Amposta,San Blas - Canillejas,2544.1,217.2,0.11035069332696008
DEST_002,Nuevos Ministerios,WALK,A pie,0.9,0.1,MAD-172,San Cristóbal,Villaverde,1909.6,366.1166666666667,0.0775671524369685
DEST_002,Nuevos Ministerios,WALK,A pie,0.95,0.05,MAD-172,San Cristóbal,Villaverde,1909.6,366.1166666666667,0.03878357621848421
DEST_002,Nuevos Ministerios,WALK,A pie,1.0,0.0,MAD-172,San Cristóbal,Villaverde,1909.6,366.1166666666667,0.0
DEST_003,UC3M Campus de Leganés,BICYCLE,Bicicleta,0.0,1.0,MAD-106,Cuatro Vientos,Latina,4673.53,50.48333333333333,0.0
DEST_003,UC3M Campus de Leganés,BICYCLE,Bicicleta,0.05,0.95,MAD-106,Cuatro Vientos,Latina,4673.53,50.48333333333333,0.01132829694988946
DEST_003,UC3M Campus de Leganés,BICYCLE,Bicicleta,0.1,0.9,MAD-106,Cuatro Vientos,Latina,4673.53,50.48333333333333,0.02265659389977892
DEST_003,UC3M Campus de Leganés,BICYCLE,Bicicleta,0.15,0.85,MAD-106,Cuatro Vientos,Latina,4673.53,50.48333333333333,0.03398489084966839
DEST_003,UC3M Campus de Leganés,BICYCLE,Bicicleta,0.2,0.8,MAD-171,Villaverde Alto - Casco Histórico de Villaverde,Villaverde,2928.26,58.68333333333333,0.04306695778935786
DEST_003,UC3M Campus de Leganés,BICYCLE,Bicicleta,0.25,0.75,MAD-171,Villaverde Alto - Casco Histórico de Villaverde,Villaverde,2928.26,58.68333333333333,0.045594147397469045
DEST_003,UC3M Campus de Leganés,BICYCLE,Bicicleta,0.3,0.7,MAD-171,Villaverde Alto - Casco Histórico de Villaverde,Villaverde,2928.26,58.68333333333333,0.048121337005580245
DEST_003,UC3M Campus de Leganés,BICYCLE,Bicicleta,0.35,0.65,MAD-171,Villaverde Alto - Casco Histórico de Villaverde,Villaverde,2928.26,58.68333333333333,0.05064852661369143
DEST_003,UC3M Campus de Leganés,BICYCLE,Bicicleta,0.4,0.6,MAD-171,Villaverde Alto - Casco Histórico de Villaverde,Villaverde,2928.26,58.68333333333333,0.053175716221802616
DEST_003,UC3M Campus de Leganés,BICYCLE,Bicicleta,0.45,0.55,MAD-171,Villaverde Alto - Casco Histórico de Villaverde,Villaverde,2928.26,58.68333333333333,0.05570290582991381
DEST_003,UC3M Campus de Leganés,BICYCLE,Bicicleta,0.5,0.5,MAD-171,Villaverde Alto - Casco Histórico de Villaverde,Villaverde,2928.26,58.68333333333333,0.058230095438025
DEST_003,UC3M Campus de Leganés,BICYCLE,Bicicleta,0.55,0.45,MAD-172,San Cristóbal,Villaverde,1909.6,79.53333333333333,0.05254220257234726
DEST_003,UC3M Campus de Leganés,BICYCLE,Bicicleta,0.6,0.4,MAD-172,San Cristóbal,Villaverde,1909.6,79.53333333333333,0.046704180064308674
DEST_003,UC3M Campus de Leganés,BICYCLE,Bicicleta,0.65,0.35,MAD-172,San Cristóbal,Villaverde,1909.6,79.53333333333333,0.04086615755627009
DEST_003,UC3M Campus de Leganés,BICYCLE,Bicicleta,0.7,0.3,MAD-172,San Cristóbal,Villaverde,1909.6,79.53333333333333,0.035028135048231504
DEST_003,UC3M Campus de Leganés,BICYCLE,Bicicleta,0.75,0.25,MAD-172,San Cristóbal,Villaverde,1909.6,79.53333333333333,0.029190112540192926
DEST_003,UC3M Campus de Leganés,BICYCLE,Bicicleta,0.8,0.2,MAD-172,San Cristóbal,Villaverde,1909.6,79.53333333333333,0.023352090032154337
DEST_003,UC3M Campus de Leganés,BICYCLE,Bicicleta,0.85,0.15,MAD-172,San Cristóbal,Villaverde,1909.6,79.53333333333333,0.017514067524115745
DEST_003,UC3M Campus de Leganés,BICYCLE,Bicicleta,0.9,0.1,MAD-172,San Cristóbal,Villaverde,1909.6,79.53333333333333,0.011676045016077169
DEST_003,UC3M Campus de Leganés,BICYCLE,Bicicleta,0.95,0.05,MAD-172,San Cristóbal,Villaverde,1909.6,79.53333333333333,0.005838022508038577
DEST_003,UC3M Campus de Leganés,BICYCLE,Bicicleta,1.0,0.0,MAD-172,San Cristóbal,Villaverde,1909.6,79.53333333333333,0.0
DEST_003,UC3M Campus de Leganés,CAR,Coche,0.0,1.0,MAD-116,Buenavista,Carabanchel,3291.57,16.016666666666666,0.0
DEST_003,UC3M Campus de Leganés,CAR,Coche,0.05,0.95,MAD-116,Buenavista,Carabanchel,3291.57,16.016666666666666,0.0056641689680414255
DEST_003,UC3M Campus de Leganés,CAR,Coche,0.1,0.9,MAD-116,Buenavista,Carabanchel,3291.57,16.016666666666666,0.011328337936082851
DEST_003,UC3M Campus de Leganés,CAR,Coche,0.15,0.85,MAD-116,Buenavista,Carabanchel,3291.57,16.016666666666666,0.016992506904124276
DEST_003,UC3M Campus de Leganés,CAR,Coche,0.2,0.8,MAD-116,Buenavista,Carabanchel,3291.57,16.016666666666666,0.022656675872165702
DEST_003,UC3M Campus de Leganés,CAR,Coche,0.25,0.75,MAD-116,Buenavista,Carabanchel,3291.57,16.016666666666666,0.028320844840207124
DEST_003,UC3M Campus de Leganés,CAR,Coche,0.3,0.7,MAD-116,Buenavista,Carabanchel,3291.57,16.016666666666666,0.03398501380824855
DEST_003,UC3M Campus de Leganés,CAR,Coche,0.35,0.65,MAD-116,Buenavista,Carabanchel,3291.57,16.016666666666666,0.039649182776289975
DEST_003,UC3M Campus de Leganés,CAR,Coche,0.4,0.6,MAD-116,Buenavista,Carabanchel,3291.57,16.016666666666666,0.045313351744331404
DEST_003,UC3M Campus de Leganés,CAR,Coche,0.45,0.55,MAD-116,Buenavista,Carabanchel,3291.57,16.016666666666666,0.050977520712372826
DEST_003,UC3M Campus de Leganés,CAR,Coche,0.5,0.5,MAD-116,Buenavista,Carabanchel,3291.57,16.016666666666666,0.05664168968041425
DEST_003,UC3M Campus de Leganés,CAR,Coche,0.55,0.45,MAD-116,Buenavista,Carabanchel,3291.57,16.016666666666666,0.06230585864845568
DEST_003,UC3M Campus de Leganés,CAR,Coche,0.6,0.4,MAD-121,Orcasitas,Usera,2357.51,22.65,0.06567010193525155
DEST_003,UC3M Campus de Leganés,CAR,Coche,0.65,0.35,MAD-121,Orcasitas,Usera,2357.51,22.65,0.06205087066377399
DEST_003,UC3M Campus de Leganés,CAR,Coche,0.7,0.3,MAD-121,Orcasitas,Usera,2357.51,22.65,0.05843163939229641
DEST_003,UC3M Campus de Leganés,CAR,Coche,0.75,0.25,MAD-172,San Cristóbal,Villaverde,1909.6,28.1,0.04968475877192983
DEST_003,UC3M Campus de Leganés,CAR,Coche,0.8,0.2,MAD-172,San Cristóbal,Villaverde,1909.6,28.1,0.03974780701754385
DEST_003,UC3M Campus de Leganés,CAR,Coche,0.85,0.15,MAD-172,San Cristóbal,Villaverde,1909.6,28.1,0.029810855263157878
DEST_003,UC3M Campus de Leganés,CAR,Coche,0.9,0.1,MAD-172,San Cristóbal,Villaverde,1909.6,28.1,0.019873903508771926
DEST_003,UC3M Campus de Leganés,CAR,Coche,0.95,0.05,MAD-172,San Cristóbal,Villaverde,1909.6,28.1,0.009936951754385952
DEST_003,UC3M Campus de Leganés,CAR,Coche,1.0,0.0,MAD-172,San Cristóbal,Villaverde,1909.6,28.1,0.0
DEST_003,UC3M Campus de Leganés,TRANSIT,Transporte público,0.0,1.0,MAD-116,Buenavista,Carabanchel,3291.57,51.61666666666667,0.0
DEST_003,UC3M Campus de Leganés,TRANSIT,Transporte público,0.05,0.95,MAD-116,Buenavista,Carabanchel,3291.57,51.61666666666667,0.0056641689680414255
DEST_003,UC3M Campus de Leganés,TRANSIT,Transporte público,0.1,0.9,MAD-116,Buenavista,Carabanchel,3291.57,51.61666666666667,0.011328337936082851
DEST_003,UC3M Campus de Leganés,TRANSIT,Transporte público,0.15,0.85,MAD-116,Buenavista,Carabanchel,3291.57,51.61666666666667,0.016992506904124276
DEST_003,UC3M Campus de Leganés,TRANSIT,Transporte público,0.2,0.8,MAD-116,Buenavista,Carabanchel,3291.57,51.61666666666667,0.022656675872165702
DEST_003,UC3M Campus de Leganés,TRANSIT,Transporte público,0.25,0.75,MAD-116,Buenavista,Carabanchel,3291.57,51.61666666666667,0.028320844840207124
DEST_003,UC3M Campus de Leganés,TRANSIT,Transporte público,0.3,0.7,MAD-116,Buenavista,Carabanchel,3291.57,51.61666666666667,0.03398501380824855
DEST_003,UC3M Campus de Leganés,TRANSIT,Transporte público,0.35,0.65,MAD-116,Buenavista,Carabanchel,3291.57,51.61666666666667,0.039649182776289975
DEST_003,UC3M Campus de Leganés,TRANSIT,Transporte público,0.4,0.6,MAD-116,Buenavista,Carabanchel,3291.57,51.61666666666667,0.045313351744331404
DEST_003,UC3M Campus de Leganés,TRANSIT,Transporte público,0.45,0.55,MAD-116,Buenavista,Carabanchel,3291.57,51.61666666666667,0.050977520712372826
DEST_003,UC3M Campus de Leganés,TRANSIT,Transporte público,0.5,0.5,MAD-116,Buenavista,Carabanchel,3291.57,51.61666666666667,0.05664168968041425
DEST_003,UC3M Campus de Leganés,TRANSIT,Transporte público,0.55,0.45,MAD-116,Buenavista,Carabanchel,3291.57,51.61666666666667,0.06230585864845568
DEST_003,UC3M Campus de Leganés,TRANSIT,Transporte público,0.6,0.4,MAD-116,Buenavista,Carabanchel,3291.57,51.61666666666667,0.0679700276164971
DEST_003,UC3M Campus de Leganés,TRANSIT,Transporte público,0.65,0.35,MAD-116,Buenavista,Carabanchel,3291.57,51.61666666666667,0.07363419658453853
DEST_003,UC3M Campus de Leganés,TRANSIT,Transporte público,0.7,0.3,MAD-116,Buenavista,Carabanchel,3291.57,51.61666666666667,0.07929836555257995
DEST_003,UC3M Campus de Leganés,TRANSIT,Transporte público,0.75,0.25,MAD-172,San Cristóbal,Villaverde,1909.6,136.33333333333331,0.07654659357870007
DEST_003,UC3M Campus de Leganés,TRANSIT,Transporte público,0.8,0.2,MAD-172,San Cristóbal,Villaverde,1909.6,136.33333333333331,0.061237274862960045
DEST_003,UC3M Campus de Leganés,TRANSIT,Transporte público,0.85,0.15,MAD-172,San Cristóbal,Villaverde,1909.6,136.33333333333331,0.04592795614722001
DEST_003,UC3M Campus de Leganés,TRANSIT,Transporte público,0.9,0.1,MAD-172,San Cristóbal,Villaverde,1909.6,136.33333333333331,0.030618637431480022
DEST_003,UC3M Campus de Leganés,TRANSIT,Transporte público,0.95,0.05,MAD-172,San Cristóbal,Villaverde,1909.6,136.33333333333331,0.015309318715739994
DEST_003,UC3M Campus de Leganés,TRANSIT,Transporte público,1.0,0.0,MAD-172,San Cristóbal,Villaverde,1909.6,136.33333333333331,0.0
DEST_003,UC3M Campus de Leganés,WALK,A pie,0.0,1.0,MAD-116,Buenavista,Carabanchel,3291.57,142.93333333333334,0.0
DEST_003,UC3M Campus de Leganés,WALK,A pie,0.05,0.95,MAD-116,Buenavista,Carabanchel,3291.57,142.93333333333334,0.0056641689680414255
DEST_003,UC3M Campus de Leganés,WALK,A pie,0.1,0.9,MAD-116,Buenavista,Carabanchel,3291.57,142.93333333333334,0.011328337936082851
DEST_003,UC3M Campus de Leganés,WALK,A pie,0.15,0.85,MAD-116,Buenavista,Carabanchel,3291.57,142.93333333333334,0.016992506904124276
DEST_003,UC3M Campus de Leganés,WALK,A pie,0.2,0.8,MAD-116,Buenavista,Carabanchel,3291.57,142.93333333333334,0.022656675872165702
DEST_003,UC3M Campus de Leganés,WALK,A pie,0.25,0.75,MAD-116,Buenavista,Carabanchel,3291.57,142.93333333333334,0.028320844840207124
DEST_003,UC3M Campus de Leganés,WALK,A pie,0.3,0.7,MAD-116,Buenavista,Carabanchel,3291.57,142.93333333333334,0.03398501380824855
DEST_003,UC3M Campus de Leganés,WALK,A pie,0.35,0.65,MAD-116,Buenavista,Carabanchel,3291.57,142.93333333333334,0.039649182776289975
DEST_003,UC3M Campus de Leganés,WALK,A pie,0.4,0.6,MAD-116,Buenavista,Carabanchel,3291.57,142.93333333333334,0.045313351744331404
DEST_003,UC3M Campus de Leganés,WALK,A pie,0.45,0.55,MAD-171,Villaverde Alto - Casco Histórico de Villaverde,Villaverde,2928.26,149.83333333333334,0.04887165965220967
DEST_003,UC3M Campus de Leganés,WALK,A pie,0.5,0.5,MAD-171,Villaverde Alto - Casco Histórico de Villaverde,Villaverde,2928.26,149.83333333333334,0.05201987164011215
DEST_003,UC3M Campus de Leganés,WALK,A pie,0.55,0.45,MAD-171,Villaverde Alto - Casco Histórico de Villaverde,Villaverde,2928.26,149.83333333333334,0.055168083628014626
DEST_003,UC3M Campus de Leganés,WALK,A pie,0.6,0.4,MAD-171,Villaverde Alto - Casco Histórico de Villaverde,Villaverde,2928.26,149.83333333333334,0.058316295615917106
DEST_003,UC3M Campus de Leganés,WALK,A pie,0.65,0.35,MAD-171,Villaverde Alto - Casco Histórico de Villaverde,Villaverde,2928.26,149.83333333333334,0.06146450760381958
DEST_003,UC3M Campus de Leganés,WALK,A pie,0.7,0.3,MAD-172,San Cristóbal,Villaverde,1909.6,213.56666666666663,0.06307173330687563
DEST_003,UC3M Campus de Leganés,WALK,A pie,0.75,0.25,MAD-172,San Cristóbal,Villaverde,1909.6,213.56666666666663,0.0525597777557297
DEST_003,UC3M Campus de Leganés,WALK,A pie,0.8,0.2,MAD-172,San Cristóbal,Villaverde,1909.6,213.56666666666663,0.04204782220458375
DEST_003,UC3M Campus de Leganés,WALK,A pie,0.85,0.15,MAD-172,San Cristóbal,Villaverde,1909.6,213.56666666666663,0.03153586665343781
DEST_003,UC3M Campus de Leganés,WALK,A pie,0.9,0.1,MAD-172,San Cristóbal,Villaverde,1909.6,213.56666666666663,0.021023911102291876
DEST_003,UC3M Campus de Leganés,WALK,A pie,0.95,0.05,MAD-172,San Cristóbal,Villaverde,1909.6,213.56666666666663,0.010511955551145927
DEST_003,UC3M Campus de Leganés,WALK,A pie,1.0,0.0,MAD-172,San Cristóbal,Villaverde,1909.6,213.56666666666663,0.0
