num_propiedades,precio_media,precio_m2_media,precio_m2_mediana,precio_std,metros_media,metros_mediana,habitaciones_media,banos_media,planta_media,ascensor_ratio,exterior_ratio,zone_key
378,492174.51587301586,5671.370190780119,5438.185654008439,270278.05056168145,87.5925925925926,80.5,2.3333333333333335,0.29365079365079366,2.9788359788359786,0.8121693121693122,0.7037037037037037,arganzuela
96,551007.1770833334,4287.68621666196,4276.099599895506,334802.3329975306,137.79166666666666,98.0,2.9479166666666665,0.4895833333333333,3.0208333333333335,0.5729166666666666,0.71875,barajas
1925,1733740.534025974,10734.636313815978,10576.719576719577,1122443.47763012,157.1818181818182,137.0,2.7984415584415583,0.5262337662337663,3.196883116883117,0.9381818181818182,0.7735064935064935,barrio-de-salamanca
565,270296.61946902657,3204.743795990274,3125.0,147218.5735839668,85.05309734513274,75.0,2.529203539823009,0.27079646017699116,2.9238938053097345,0.49380530973451325,0.8548672566371681,carabanchel
1857,831425.5546580506,7491.033395638346,7200.0,646812.5613670998,106.71028540656974,98.0,2.501884760366182,0.3726440495422725,2.8018309100700054,0.6806677436725902,0.7474421109316102,centro
618,1343804.4741100324,7646.639361061979,7400.0,894838.7219793575,172.1601941747573,150.0,3.2119741100323624,0.45145631067961167,3.749190938511327,0.8333333333333334,0.8090614886731392,chamartin
754,1288866.3673740053,8727.72940781779,8389.35258290097,912393.9125027499,145.604774535809,131.0,2.9880636604774535,0.4588859416445623,3.660477453580902,0.9496021220159151,0.7612732095490716,chamberi
529,521221.4631379962,4902.581370327538,4589.041095890411,391558.4488843992,104.14555765595463,80.0,2.54820415879017,0.34782608695652173,3.340264650283554,0.6597353497164461,0.9149338374291115,ciudad-lineal
334,700080.239520958,5495.9015395502365,5295.745920745921,402308.296128574,130.20958083832335,115.0,2.8832335329341316,0.49700598802395207,3.9910179640718564,0.7754491017964071,0.8353293413173652,fuencarral
377,780901.9336870026,5319.647792766275,5155.172413793103,502516.89119300805,153.92838196286473,131.0,3.1352785145888595,0.40318302387267907,3.6525198938992043,0.7400530503978779,0.7771883289124668,hortaleza
330,296152.46060606063,3426.8081870470223,3394.252175672941,159532.19164774579,87.5878787878788,80.0,2.7818181818181817,0.296969696969697,3.0636363636363635,0.5424242424242425,0.8636363636363636,latina
406,960920.5320197045,6260.953578666529,6166.00790513834,593342.3163626294,162.48275862068965,140.0,3.1379310344827585,0.4458128078817734,3.041871921182266,0.7684729064039408,0.7586206896551724,moncloa
97,296772.1546391753,3513.950012552049,3571.4285714285716,158811.64513054318,84.3298969072165,75.0,2.6804123711340204,0.38144329896907214,3.350515463917526,0.5360824742268041,0.8762886597938144,moratalaz
520,190963.41153846154,2795.6369357936223,2742.750582750583,89633.75596921192,70.06346153846154,65.0,2.3076923076923075,0.35384615384615387,2.851923076923077,0.3346153846153846,0.7307692307692307,puente-de-vallecas
492,1133654.725609756,8390.167653661052,8224.093542158334,794530.5513741305,129.83536585365854,119.0,2.7804878048780486,0.45934959349593496,3.516260162601626,0.943089430894309,0.717479674796748,retiro
333,394277.8048048048,3819.2813265522113,3625.0,298166.58951190946,102.75075075075075,80.0,2.6666666666666665,0.27927927927927926,3.084084084084084,0.6006006006006006,0.8228228228228228,san-blas
590,560504.5474576271,5472.285169194488,5288.461538461538,435182.412776641,100.40338983050847,80.0,2.5152542372881355,0.30677966101694915,3.1440677966101696,0.6830508474576271,0.8152542372881356,tetuan
302,252341.9701986755,3215.149728305133,3112.853773584906,119459.6340860065,82.15562913907284,75.0,2.5993377483443707,0.3543046357615894,3.076158940397351,0.45695364238410596,0.7947019867549668,usera
193,356815.9222797927,3444.8749211893437,3362.5,150620.8228100906,107.05181347150258,101.0,2.66839378238342,0.2694300518134715,3.160621761658031,0.7979274611398963,0.8911917098445595,vicalvaro
212,298188.28773584904,3372.058960675633,3284.0157154673284,139845.78379673266,89.15566037735849,85.0,2.358490566037736,0.3443396226415094,3.2452830188679247,0.6981132075471698,0.8867924528301887,villa-de-vallecas
314,198630.58280254778,2476.4275957064656,2500.0,92813.00139765981,81.65286624203821,73.0,2.5414012738853504,0.2961783439490446,2.9012738853503186,0.4012738853503185,0.8089171974522293,villaverde
