titulo,price_eur,area_m2,habitaciones,tags,descripcion,flag_possible_non_residential_use,flag_non_residential_use_high_confidence,flag_non_residential_use_confirmed,non_residential_use_reasons,Enlace
"Piso en calle del Puerto de Pozazal, 35, Ensanche de Vallecas - La Gavia, Madrid",189000,98,2.0,"EXCLUSIVA,OPORTUNIDAD,APARTAMENTO","SERVICHECK: APARTAMENTO TURÍSTICO EN VENTA – ¡OPORTUNIDAD EXCLUSIVA SOLO PARA INVERSORES!INFORMACIÓN IMPORTANTE – POR FAVOR LEA ANTES DE CONTACTAR: ¡Mejor ver! Solicitar información por whatsapp.""Nuestro horario de atención al cliente es de lunes a viernes de 09:30 Horas a 14:00 Hs y de 17:00 Hs a 20:00 Hs""Conta",True,False,False,hospitality,https://www.idealista.com/inmueble/107127874/
"Ático en Carrera de San Jerónimo, Huertas-Cortes, Madrid",1150000,110,2.0,"ÁTICO,METRO","RZ REAL ESTATE, te presenta este magnífico ÁTICO amueblado y listo para vivir.Ideal para inversión para alquiler a corto medio o largo plazo.Especial por su ubicación ya que está a escasos metros de Sol, del Hotel Four Seasons, del Congreso de Disputados y a unos minutos de Cibeles y la zona de Recoletos.Consta d",True,False,False,hospitality,https://www.idealista.com/inmueble/102877597/
"Piso en Sol, Madrid",3800000,560,10.0,"VIVIENDA,EXCLUSIVO","Consulting Inmobiliario Gilmar ofrece esta espléndida vivienda ubicada en una de las calles principales del barrio de Sol, cercano a los hoteles más exclusivos de la capital y a un paso de la famosa Plaza de Santa Ana y Puerta del sol, encontramos esta propiedad enclavada en unos de los edificios típicos de la arquitec",True,False,False,hospitality,https://www.idealista.com/inmueble/103139270/
"Piso en calle de Orense, 69, Cuzco-Castillejos, Madrid",840000,125,2.0,"VIVIENDA,PISO,VISTAS,HOGAR,METRO,EXTERIOR","Juvilma Consultores presenta este piso en venta en el mítico Hotel Eurobuilding 2.Esta vivienda de 104 metros cuadrados útiles es ideal tanto para quienes buscan un hogar como para inversores que deseen adquirir una propiedad de alto rendimiento. Su ubicación exterior en esquina, con vistas a dos calles y una luz nat",True,False,False,hospitality,https://www.idealista.com/inmueble/106691259/
"Piso en calle de Fernández de la Hoz, Almagro, Madrid",1225000,193,4.0,"VIVIENDA,PATIO",Fantástico inmueble en el corazón del Barrio de Almagro. Actualmente con uso de oficina por lo que necesita reforma para poder transformarlo a vivienda. Orientado a gran patio de manzana ajardinado por lo que tiene muy buena luz y sol. Muy tranquilo. A pesar de ser una planta baja (al mismo nivel del portal. No hay que,True,True,True,commercial_or_office,https://www.idealista.com/inmueble/106688613/
"Piso en calle del General Díaz Porlier, 22, Goya, Madrid",320000,60,2.0,"VIVIENDA,REFORMADA,METRO,CALEFACCIÓN","VENTA DIRECTA POR PROPIETARIO- C/ General Diaz Porlier nº 22 – semisótano D - vivienda reformada en barrio salamanca, posible uso como oficina, 59 metros construidos - dos habitaciones, salón, cocina y baño. Aire acondicionado y calefacción. Posibilidad de financiar parte del precio con garantias.Contesto whatsapps.",True,True,True,commercial_or_office,https://www.idealista.com/inmueble/106129318/
"Piso en Nuevos Ministerios-Ríos Rosas, Madrid",849000,150,3.0,"REFORMADO,ESTRENAR,APARTAMENTO","2 APARTAMENTOS TURÍSTICOS Excelente planta baja, con LICENCIA DEL AYUNTAMIENTO.Reformado a estrenar con un alto nivel de calidades.EXCELENTE NEGOCIO TURÍSTICOApartamento 1. -81m2, 2 habitaciones, 1 baño, cocina/salon/comedor de 30 m2 aprox.Apartamento 2. -69m2, 1 habitación, 1 baño, cocina/salon/comedor de 35",True,False,False,hospitality,https://www.idealista.com/inmueble/107154709/
"Dúplex en calle de las Minas, 22, Malasaña-Universidad, Madrid",358000,69,2.0,,"LOFTBienvenido a este bonito loft tríplex en el corazón de Malasaña, el barrio más cosmopolita de Madrid. Con una ubicación privilegiada a tan solo 4 minutos a pie de la Gran Vía, este espacio es perfecto para aquellos que buscan un estilo de vida urbano y lleno de energía.Local Comercial convertido en un loft de",True,False,False,commercial_or_office,https://www.idealista.com/inmueble/106899440/
"Piso en Malasaña-Universidad, Madrid",460000,112,2.0,VIVIENDA,"Local en venta en el centro de Madrid con posibilidad de cambio de uso a vivienda.Singular local comercial en venta en pleno centro de Madrid, en Justicia-Universidad, situado a dos minutos a pie de la Plaza de San Ildefonso, en pleno eje de Gran Vía, Noviciado y Tribunal.Perfecto para tienda u oficina. Se trata de",True,False,False,commercial_or_office,https://www.idealista.com/inmueble/105990065/
"Piso en Malasaña-Universidad, Madrid",450000,183,2.0,"VIVIENDA,OPORTUNIDAD,REFORMADA,INTERIOR","Excelente oportunidad de inversión en MalasañaEngel&Völkers pone a la venta esta excelente oportunidad de inversión.La propiedad consta de 183m2 construidos, distribuidos en un local comercial y vivienda interior reformada con dos dormitorios, salón, cocina y cuarto de baño. Tiene acceso directo con puerta en una de",True,False,False,commercial_or_office,https://www.idealista.com/inmueble/96808581/
"Piso en calle de Indalecio Fernández, 12 de Octubre-Orcasur, Madrid",449000,171,3.0,"VIVIENDA,EXCLUSIVA,INMOBILIARIA,EXTERIOR","SIN COMISION DE AGENCIA.ANTIGUO LOCAL, TRANSFORMADO EN TRES VIVIENDAS TURISTICAS. SE ENCUENTRA ALQUILADO A UN 7 % DE RENTABILIDAD, 2600 EUROS + IVA al mes. , 31.200 + IVA al año.Iceberg Inmobiliaria, presenta en exclusiva:Antiguo local comercial, convertido en 3 viviendas turísticas exteriores, cada una con entra",True,False,False,commercial_or_office,https://www.idealista.com/inmueble/100781535/
"Piso en calle de Santa Engracia, Nuevos Ministerios-Ríos Rosas, Madrid",940000,209,4.0,"FINCA,NUEVO","Te presentamos este inmueble en Nuevos Ministerios-Ríos Rosas, dentro del distrito de Chamberí.Se trata de dos fincas registrales con uso de oficina, que juntas suman una superficie total de 209 m² según Catastro (incluyendo elementos comunes), ofreciendo versatilidad y un gran potencial de rentabilidad. Este espacio",True,True,True,commercial_or_office,https://www.idealista.com/inmueble/106725220/
"Piso en calle de la Academia, Jerónimos, Madrid",1200000,125,2.0,"PISO,REFORMADO,INMOBILIARIA,PARQUE,METRO","Álvora Capital Properties, consultora inmobiliaria de alta calidad en la gestión de activos prime en Madrid, vende este agradable piso recién reformado con muy buen gusto en pleno barrio de Jerónimos, a un paso del Parque del Retiro, del Museo del Prado, del Hotel Ritz y próximo al Barrio de Salamanca.Sus 124 metros",True,False,False,hospitality,https://www.idealista.com/inmueble/103110470/
"Piso en calle del Príncipe, Huertas-Cortes, Madrid",3800000,560,10.0,EXCLUSIVO,"Primera planta en calle Príncipe, eje Prime de CortesEn una de las calles principales del barrio de las Cortes, entre el Congreso de los Diputados y la Plaza de Canalejas, cercano a los hoteles más exclusivos de la capital y a un paso de la famosa Plaza de Santa Ana, encontramos esta propiedad enclavada en unos de los",True,False,False,hospitality,https://www.idealista.com/inmueble/102985794/
"Piso en avenida de América, 33, Prosperidad, Madrid",975000,147,3.0,"ÁTICO,FINCA,EXCLUSIVO,INMOBILIARIA,CASA,PRESTIGIOSO,ESTUDIO","Agencia inmobiliaria de Madrid zona Chamartín, Prosperidad Tecnocasa Estudio Avenida América SLU - VENDE: ÁTICO exclusivo en magnifico estado de conservación en finca representativa.Perfectamente comunicado se ubica en plena Avenida de América frente al prestigioso centro de deportes APOSTOL SANTIAGO y al hotel Abba",True,False,False,hospitality,https://www.idealista.com/inmueble/107060584/
"Piso en calle de Coslada, Guindalera, Madrid",440000,60,1.0,"EXCLUSIVA,OPORTUNIDAD,APARTAMENTO","WGI pone a la venta una EXCELENTE OPORTUNIDAD DE INVERSIÓN en la zona de GUINDALERA.APARTAMENTO TURÍSTICO CON LICENCIA Y ALTA RENTABILIDAD. Exclusiva oportunidad.Rendimiento Bruto de 1 año, de Marzo 2024 a Febrero 2025 es de 32.122 €, con una ocupación media de 22,3 noches al mes y un rendimiento constante incluso",True,False,False,hospitality,https://www.idealista.com/inmueble/107290959/
"Estudio en Alejandro Rodríguez, 1, Bellas Vistas, Madrid",289000,60,,"VIVIENDA,REFORMADO,OPORTUNIDAD","VENTA POR PARTICULAR, NO SE ATIENDE NINGUN TIPO DE AGENCIA•Oportunidad unica para inversor:Se vende antiguo local comercial de 60m² dividido en dos locales de 30m² cada uno hechos vivienda reformados con cedula de habitabilidad. No es posible la venta por separado, ya que no están segregados.Cada bajo de 30m²cons",True,False,False,commercial_or_office,https://www.idealista.com/inmueble/107171840/
"Estudio en calle de Pirra, 44, Rejas, Madrid",295000,45,,"VIVIENDA,EQUIPADA,APARTAMENTO,GARAJE,ELECTRODOMÉSTICOS",Vivienda calificada como APARTAMENTO TURÍSTICO. Apartamento de 45m2. Cocina equipada y con electrodomésticos. Baño completo. Plaza de garaje incluida en el precio. Actualmente cuenta contrato de gestión de alquiler con empresa del sector.,True,False,False,hospitality,https://www.idealista.com/inmueble/106687411/
"Piso en calle del Puerto de Pozazal, Ensanche de Vallecas - La Gavia, Madrid",165000,49,1.0,"LUMINOSO,OPORTUNIDAD,EQUIPADA,APARTAMENTO,AMUEBLADA,ELECTRODOMÉSTICOS,EXTERIOR","! Oportunidad! . Se vende APARTAMENTO TURÍSTICO, totalmente exterior y muy luminoso.El inmueble consta de:- Salón- comedor amueblado.- Cocina americana totalmente equipada y amueblada con electrodomésticos.- Cuarto de baño con bañera.- Dormitorio independiente equipada y amueblado, con armario empotrado.Además di",True,False,False,hospitality,https://www.idealista.com/inmueble/105880870/
"Piso en de San Agustín, 6, Huertas-Cortes, Madrid",795000,144,2.0,"VIVIENDA,REFORMADO","Vivienda en rentabilidad (alquilada) destinada a inversores. Situada en un enclave inmejorable, en el Barrio de Las Letras, en pleno centro, al lado del Congreso de los Diputados, del Hotel Palace y de la Plaza de Neptuno, esta vivienda de dos dormitorios, completamente reformado en 2012, con las mejores calidades posi",True,False,False,hospitality,https://www.idealista.com/inmueble/103237345/
"Piso en calle de Ríos Rosas, 41, Nuevos Ministerios-Ríos Rosas, Madrid",1080000,362,6.0,VIVIENDA,"Convertir un local comercial en una vivienda en una ubicación tan privilegiada puede ser una excelente inversión, tanto desde el punto de vista económico como personal. Sin embargo, es importante llevar a cabo una planificación cuidadosa y seguir todos los pasos necesarios para garantizar el éxito del proyecto. Llámano",True,False,False,commercial_or_office,https://www.idealista.com/inmueble/103807632/
"Piso en Recoletos, Madrid",3850000,300,3.0,"PISO,ÁTICO,EXCLUSIVA,PARQUE,ELEGANTE","Elegante Piso en el Corazón de la Zona Prime de MadridUbicado en una de las zonas más exclusivas de Madrid, a pocos pasos del emblemático Parque del Retiro y rodeado de los mejores restaurantes, boutiques de moda y hoteles de cinco estrellas, este piso ofrece un estilo de vida confortable en un entorno inigualable.",True,False,False,hospitality,https://www.idealista.com/inmueble/106845495/
"Piso en calle Fernando Díaz de Mendoza, Comillas, Madrid",300000,132,2.0,"VIVIENDA,PISO,REFORMADO,EXCLUSIVA,OPORTUNIDAD,REFORMADA","SERVICHECK VENDE LOTE DE 2 LOCALES REFORMADOS A PISOS ¡Oportunidad Única en Carabanchel, Madrid! Dos Locales convertidos a Viviendas Reformadas Se venden dos exclusivas propiedades totalmente reformadas y acondicionadas. Originalmente es un Local Comercial que fue reformado y dividido en 2 pisos, completamente re",True,False,False,commercial_or_office,https://www.idealista.com/inmueble/107207904/
"Piso en Huertas-Cortes, Madrid",4100000,565,6.0,"AMPLIO,EXCLUSIVA,CASA,BALCONES,PRESTIGIOSO,VENTANALES,PATIO,EXTERIOR,INTERIOR","Presentamos esta majestuosa Casa-Palacio emblemática, situada en una de las zonas más exclusivas de Madrid, al lado del Palacio de las Cortes y del prestigioso Hotel Four Seasons. Este inmueble exterior cuenta con 7 balcones a la calle, dos de ellos acristalados. Dispone de un gran patio interior con amplios ventanales",True,False,False,hospitality,https://www.idealista.com/inmueble/105330598/
"Piso en avenida de las Fuerzas Armadas, Valdebebas - Valdefuentes, Madrid",198800,21,1.0,"INMOBILIARIA,OPORTUNIDAD,NUEVO","Invierte en la compra de habitaciones de hotel en el nuevo proyecto que Hotel 101 Global trae a Madrid. La mejor oportunidad para quien busca invertir en inmobiliaria, ahorrándose el tiempo y esfuerzo de la gestión del arrendamiento. Tú compras y Hotel 101 se encarga de toda la gestión para poner tu activo en rentabili",True,False,False,hospitality,https://www.idealista.com/inmueble/107054729/
"Piso en calle de Fuencarral, Malasaña-Universidad, Madrid",525000,54,1.0,APARTAMENTO,"Urbanissimo Real Estate gestiona este apartamento totalmente amueblado en plena calle Fuencarral- Bº Chueca, rodeado de tiendas, restauración y a un paso de la Gran Vía Madrileña.Licencia de apartamento turístico en vigor.Se ubica en la planta 3ª del edificio y las ventanas dan a tejaditos de Madrid, aislados de",True,False,False,hospitality,https://www.idealista.com/inmueble/107017586/
"Piso en calle de San Millán, Lavapiés-Embajadores, Madrid",1300000,190,8.0,"REFORMADO,CASA,BALCONES","¡Artecasas ofrece hostal en RENTABILIDAD ubicado en el centro de MadridEl hostal se encuentra reformado y se vende en rentabilidad.Consta de una renta anual de 58.000€ anuales.Junto a la Plaza de Cascorro, excepcional inmueble haciendo esquina con 7 balcones a la calle.Para mas info. Juan manuel bolaños.",True,False,False,hospitality,https://www.idealista.com/inmueble/106906271/
"Piso en Malasaña-Universidad, Madrid",499000,66,2.0,"PISO,LUMINOSO,VISTAS,INMOBILIARIA","MAITEA INMOBILIARIA vende piso en PLAZA ESPAÑA, MADRIDLuminoso piso de 66 m², ubicado en la cuarta planta con ascensor.Está situado en una planta alta de un edificio construidoen 1984 con vistas al hotel de la plaza España y la cúpula de laparroquia San Marcos, cercano también el Palacio de Liria y elCentro Cult",True,False,False,hospitality,https://www.idealista.com/inmueble/106841683/
"Piso en Huertas-Cortes, Madrid",849000,146,4.0,EXCLUSIVO,"Magnifica inversión en el barrio de las LetrasEn una de las calles principales del barrio de las Cortes, entre el Congreso de los Diputados y la Plaza de Canalejas, cercano a los hoteles más exclusivos de la capital y a un paso de la famosa Plaza de Santa Ana, le presentamos esta propiedad, enclavada en una cuarta pla",True,False,False,hospitality,https://www.idealista.com/inmueble/107124331/
"Piso en Carrera de San Jerónimo, Sol, Madrid",975000,130,3.0,"VIVIENDA,PISO,REFORMADO,ÁTICO,EXCLUSIVA,LUJO","Fantástico piso reformado junto a la Puerta del SolEngel & Völkers tiene el placer de comercializar en Exclusiva esta fantástica propiedad en el corazón de Madrid, junto a la famosa Puerta del Sol, al lado del lujoso Hotel Four Season.Ubicada en un edificio emblemático de 1900 característico de la zona.La vivienda,",True,False,False,hospitality,https://www.idealista.com/inmueble/105127494/
"Estudio en de las Fuerzas Armadas, 400, Valdebebas - Valdefuentes, Madrid",198800,21,,"INMOBILIARIA,OPORTUNIDAD,NUEVO","Descubre este producto, perfecto para invertir.Invierte en la compra de habitaciones de hotel en el nuevo proyecto que Hotel 101 Global trae a Madrid. La mejor oportunidad para quien busca invertir en inmobiliaria, ahorrándose el tiempo y esfuerzo de la gestión del arrendamiento. Tú compras y Hotel 101 puede encargar",True,False,False,hospitality,https://www.idealista.com/inmueble/104949613/
"Piso en calle de los Dos Amigos, 5, Malasaña-Universidad, Madrid",440000,45,1.0,"VIVIENDA,PISO,OPORTUNIDAD,APARTAMENTO,PRESTIGIOSO,MODERNO,FUNCIONAL,METRO","Oportunidad única en Plaza España: Ideal para Inversión o Vivienda PropiaSe vende acogedor piso en una ubicación inmejorable, justo detrás del prestigioso Hotel Riu, en Plaza España. Este apartamento de 45 metros cuadrados ofrece un diseño moderno y funcional, ideal para quienes buscan comodidad y estilo en el corazó",True,False,False,hospitality,https://www.idealista.com/inmueble/107214240/
"Ático en del Este, 30, Los Berrocales, Madrid",460000,138,2.0,"VIVIENDA,ÁTICO,GARAJE","¡OBRAS INICIADAS! SOLO QUEDAN ÁTICOS. 2 plazas de garaje incluidas.ITACA es un residencial de obra nueva ubicado en la fase 1 de Los Berrocales. Está compuesto por 45 viviendas de 2 y 3 dormitorios con garaje y trastero, en un edificio de 8 alturas y una planta baja destinada a uso comercial. Todas las viviendas son",True,False,False,commercial_or_office,https://www.idealista.com/inmueble/101500384/
"Piso en calle de Santiago el Verde, Lavapiés-Embajadores, Madrid",315000,136,2.0,"VIVIENDA,PISO,EXCLUSIVA,OPORTUNIDAD,REFORMADA,MODERNO","SERVICHECK VENDE 2 PISOS JUNTOS ¡Oportunidad Única! Dos Viviendas Reformadas en el Barrio de Lavapiés Se venden dos exclusivas viviendas totalmente reformadas y acondicionadas, ubicadas en un entorno residencial. Anteriormente eran un local comercial, que fue transformado en 2 modernos pisos con todas las comodi",True,False,False,commercial_or_office,https://www.idealista.com/inmueble/107207306/
"Piso en calle de Campezo, 9, Rejas, Madrid",225000,47,1.0,"VIVIENDA,PARQUE,APARTAMENTO,JARDÍN,GARAJE,SEGURIDAD","APARTAMENTO TURÍSTICO en venta con plaza de garaje en el edificio de ""Apartamentos Turísticos el Jardín de las Mercedes"". Conjunto urbanístico en recinto privado destinado en su integridad a viviendas de uso turístico, con personal de seguridad 24 horas y amplias zonas comunitarias con jardines, parques infantiles, dos",True,False,False,hospitality,https://www.idealista.com/inmueble/106481528/
"Ático en Recoletos, Madrid",3650000,170,3.0,"REFORMADO,TERRAZA,ÁTICO,VISTAS,ESTRENAR,METRO","Trisol Properties les ofrece en venta excepcional ático prime reformado a estrenar en edificio clásico junto al Retiro de 159 m2 con terraza de 11 m2 en la mejor zona de Recoletos a escasos metros del Hotel Wellington. El inmueble con vistas despejadas y orientación oeste, recibe gran entrada de luz natural durante tod",True,False,False,hospitality,https://www.idealista.com/inmueble/106085896/
"Piso en Rejas, Madrid",295000,102,1.0,"VIVIENDA,PISO,LUJO,EXCLUSIVO,PISCINA,APARTAMENTO,GARAJE,URBANIZACIÓN","GILMAR Consulting Inmobiliario Madrid, Conde Orgaz-Campo de las Naciones, comercializa en Las Mercedes este exclusivo piso de 102 m² en urbanización privada de lujo, con piscina, zonas comunes, garaje, conserje 24 horas y cuarto trastero.Es importante destacar que no es apartamento turístico.Magnifica vivienda que",True,False,False,hospitality,https://www.idealista.com/inmueble/106193031/
"Piso en Huertas-Cortes, Madrid",770000,90,3.0,"VIVIENDA,EXCLUSIVA,EXCLUSIVO,REFORMADA,BALCONES","Magnífica vivienda reformada con dos balcones en CortesEn una de las calles principales del barrio de las Cortes, entre el Congreso de los Diputados y la Plaza de Canalejas, cercano a los hoteles más exclusivos de la capital y a un paso de la famosa Plaza de Santa Ana, le presentamos, en exclusiva, esta propiedad, rec",True,False,False,hospitality,https://www.idealista.com/inmueble/106093771/
"Piso en calle de Deyanira, 59, Rejas, Madrid",199500,54,1.0,"PISO,VISTAS,PISCINA,APARTAMENTO,AMUEBLADA,ELECTRODOMÉSTICOS,INTERIOR","Piso en perfectas condiciones, registrado en escritura como apartamento turístico, vistas al interior de los jardines, la piscina, pista de pádel y gimnasio completo. Tiene una habitación un baño. Cocina amueblada con todos los electrodomésticos. Ventanas climalit, aire acondicionado bomba frío calor de marca Daikin, b",True,False,False,hospitality,https://www.idealista.com/inmueble/107077562/
"Piso en calle de la Cruz, 20, Sol, Madrid",940000,111,2.0,"PISO,BALCONES,METRO,EXTERIOR","HOME SELECT vende este increíble piso de 111m2 en Calle de la Cruz, en una tercera planta exterior de un edificio clásico, con 6 balcones a la calle, ubicado a escasos metros del Hotel Four Seasons.El distrito Centro tiene todo lo que puedes anhelar: contiene la mayor parte de los teatros de Madrid, que presentan to",True,False,False,hospitality,https://www.idealista.com/inmueble/106004910/
"Piso en calle de la Virgen de Lourdes, Concepción, Madrid",200000,39,1.0,"PISO,AMUEBLADA,EXTERIOR","NEO Patrimonial vende piso con uso de OFICINA en Barrio de la Concepción.1ª planta exterior con ascensor. Cuenta con una superficie total de 39m², 34m² de superficie útil y 4m² de elementos comunes.Está distribuido en Salón con cocina inintegrada completamente amueblada, cuenta con 1 dormitorio doble y 1 baño compl",True,True,True,commercial_or_office,https://www.idealista.com/inmueble/107012291/
"Piso en paseo de Santa María de la Cabeza, Palos de la Frontera, Madrid",1450000,150,6.0,"PISO,VISTAS,EXCLUSIVA,JARDÍN,METRO,PATIO","Vendemos en exclusiva este precioso piso en el centro de la ciudad. Cuenta con 150 metros cuadrados distribuidos en una habitación grande con balcón y baño completo en suit, una habitación grande con balcón, dos habitaciones grandes que dan al jardín del Hardrock Cafe hotel, una habitación media con vistas al patio del",True,False,False,hospitality,https://www.idealista.com/inmueble/107235878/
"Piso en Simancas, Madrid",250000,52,1.0,"VIVIENDA,PISO,FINCA,PISCINA,APARTAMENTO","GILMAR Consulting Inmobiliario Madrid, Conde Orgaz-Campo de las Naciones, comercializa en Julián Camarillo este apartamento turístico en el corazón del Barrio.Se trata de un piso con mucha luz al tratarse de una última planta. La finca tiene una buena zona común con piscina y pista de padel.Vivienda muy amplia y lu",True,False,False,hospitality,https://www.idealista.com/inmueble/106038416/
"Piso en calle Mayor, Sol, Madrid",2000000,462,8.0,"PISO,LUJO,OPORTUNIDAD,HOGAR,METRO","DIZA consultores les presenta piso único en edificio histórico de 1908, en el corazón de MadridEn pleno centro de la capital, esta propiedad de 462 metros cuadrados, ofrece una oportunidad excepcional para crear un hogar de ensueño en un enclave privilegiado. Situado en la histórica Calle Mayor, a un paso de la Plaza Mayor y rodeado de los hoteles más lujosos de Madrid como el Four Seasons y el Hotel Palace, esta propiedad es ideal para quienes buscan el encanto de un edificio clásico con el potencial de diseñar un espacio personalizado.La",True,False,False,hospitality,https://www.idealista.com/inmueble/106508066/
"Piso en calle de Colombia, Bernabéu-Hispanoamérica, Madrid",220000,55,2.0,"VIVIENDA,OPORTUNIDAD,HOGAR",! Oportunidad única¡ LOCAL COMERCIAL CONVERTIDO EN VIVIENDAEste encantador local comercial semisótano de 55m2 ha sido transformado en una acogedora vivienda que combina a la perfección el encanto de un local con el confort de un hogar.Situado en el barrio Hispanoamérica en la calle Colombia una zona céntrica y muy,True,False,False,commercial_or_office,https://www.idealista.com/inmueble/104951160/
"Casa o chalet independiente en calle de Juan de Urbieta, Niño Jesús, Madrid",2150000,220,6.0,"ÁTICO,OPORTUNIDAD,PARQUE,CASA","Huspy le ofrecemos en venta este maravillosa casa- hotel independiente de esquina de 220m2 ubicado en el corazón de Madrid,Excelente oportunidad para aquellos que buscan un proyecto personalizado en una ubicación privilegiada y una calidad de vida inigualable.A solo diez minutos a pie del emblemático Parque del Reti",True,False,False,hospitality,https://www.idealista.com/inmueble/107189866/
"Ático en del Este, 30, Los Berrocales, Madrid",545000,149,3.0,"VIVIENDA,ÁTICO,GARAJE","¡OBRAS INICIADAS! SOLO QUEDAN ÁTICOS. 2 plazas de garaje incluidas.ITACA es un residencial de obra nueva ubicado en la fase 1 de Los Berrocales. Está compuesto por 45 viviendas de 2 y 3 dormitorios con garaje y trastero, en un edificio de 8 alturas y una planta baja destinada a uso comercial. Todas las viviendas son",True,False,False,commercial_or_office,https://www.idealista.com/inmueble/101765613/
"Piso en Carrera de San Jerónimo, Huertas-Cortes, Madrid",789000,101,2.0,"EXCLUSIVA,LUJO,REFORMADA,METRO","Barnes Spain presenta esta exclusiva propiedad, completamente reformada, ubicada en pleno corazón de Madrid, a pocos metros de la Plaza Mayor, el Palacio Real, la Gran Vía y el Teatro Real, además, del lujoso Hotel Four Seasons y las Galerías Canalejas, ofreciendo múltiples servicios y experiencias de tiendas exclusiva",True,False,False,hospitality,https://www.idealista.com/inmueble/106413205/
"Piso en calle Moncada, 122, San Cristóbal, Madrid",110000,60,4.0,"VIVIENDA,OPORTUNIDAD,METRO","Gran oportunidad para inversores! Se vende local comercial transformado en vivienda en la zona de Madrid, específicamente en el barrio de San Cristóbal de los Ángeles. Con una superficie de 60 metros cuadrados, este espacio ofrece un gran potencial para aquellos que buscan una inversión rentable y única, aunque aún no",True,False,False,commercial_or_office,https://www.idealista.com/inmueble/106837780/
"Piso en calle de Miguel Ángel, Almagro, Madrid",1760000,175,3.0,"VIVIENDA,VISTAS,FINCA,REFORMADA,EXTERIOR","Vivienda reformada en la segunda planta de finca señorial con conserje y ascensor. Exterior con vistas despejadas gracias a la amplitud de la calle Miguel Ángel. VIVIENDA ALQUILADA HASTA DICIEMBRE DE 2026. Rodeada de restaurantes y comercios de moda, y al lado del Museo Sorolla, British Council y hotel Intercontinental",True,False,False,hospitality,https://www.idealista.com/inmueble/101413799/
"Dúplex en calle del Padre Oltra, Comillas, Madrid",250000,110,2.0,"APARTAMENTO,METRO","Local Comercial reconvertido en 2 apartamentos ubicados a escasos metros de la zona de Madrid Río. Se entregan completamente terminados, con sus instalaciones completamente renovadas y equipados con todo el mobiliario necesario. Así mismo se ha procedido a su explotación en alquiler generando unos ingresos que aseguran",True,False,False,commercial_or_office,https://www.idealista.com/inmueble/105551504/
"Estudio en de las Fuerzas Armadas, 400, Valdebebas - Valdefuentes, Madrid",198800,21,,"INMOBILIARIA,OPORTUNIDAD,NUEVO","Descubre este producto, perfecto para invertir.Invierte en la compra de habitaciones de hotel en el nuevo proyecto que Hotel 101 Global trae a Madrid. La mejor oportunidad para quien busca invertir en inmobiliaria, ahorrándose el tiempo y esfuerzo de la gestión del arrendamiento. Tú compras y Hotel 101 puede encargar",True,False,False,hospitality,https://www.idealista.com/inmueble/104949605/
"Piso en Cuatro Caminos, Madrid",850000,150,3.0,"VIVIENDA,OPORTUNIDAD,APARTAMENTO","2 APARTAMENTOS TURISTICOS COLINDANTES CON LICENCIA DEL AYUNTAMIENTO.OPORTUNIDAD DE NEGOCIO.Se venden juntos por 850.000€.Con licencia de Vivienda Turística.Junto a la GLORIETA de CUATRO CAMINOS.Nuevas, sin amueblar.2 Entradas independientes desde la calle.Techos de 3,85m de altura.Cada una cuenta con salón con",True,False,False,hospitality,https://www.idealista.com/inmueble/106709916/
"Piso en Sol, Madrid",950000,85,3.0,"VIVIENDA,OPORTUNIDAD,BALCONES,METRO","Vivienda con 5 balcones en Plaza de España - MadridEngel & Völkers presenta gran oportunidad de inversión a 100 metros del Hotel Riu Plaza de España.Edificio clásico de principios del siglo XX, con ascensor y acceso a personas de movilidad reducida. Una ubicación inmejorable, a dos pasos de Plaza de España y GranVía.",True,False,False,hospitality,https://www.idealista.com/inmueble/106827819/
"Dúplex en paseo de La Habana, El Viso, Madrid",995000,224,4.0,"PISO,LUJO,MODERNO,METRO",Ines Coca de GV | EL VISO comercializa el siguiente inmueble:Piso duplex de 224 metros cuadrados a la venta situado en el mejor tramo de Paseo de la Habana y ubicado dentro de un edificio de corte moderno. Actualmente tiene uso de oficina pero tiene múltiples posibilidades de reforma para convertirlo en una lujosa y,True,True,True,commercial_or_office,https://www.idealista.com/inmueble/104525353/
"Piso en calle de Juan Ramón Jiménez, 8, Bernabéu-Hispanoamérica, Madrid",750000,80,1.0,"VIVIENDA,PISO,LUJO,INMOBILIARIA","Abstenerse inmobiliarias, no colaboramos con ninguna. A la venta, sin comisión ni intermediario, piso de capricho en el lujoso edificio Eurobuilding, edificio gemelo del hotel. De los pocos edificios Brand Building en la capital. En el distrito donde más se revaloriza el precio de la vivienda de todo Madrid. Con porter",True,False,False,hospitality,https://www.idealista.com/inmueble/105710191/
"Estudio en calle del Plátano, 34, Valdeacederas, Madrid",350000,45,,"PISO,REFORMADO,APARTAMENTO","APARTAMENTO TURÍSTICO EN RENTABILIDADCompletamente equipado, reformado y decorado, listo para entrar, este es uno de los 1000 apartamentos con licencia turística en Madrid. Se encuentra en el piso Bajo 4, de la calle Plátano 34, 28029, Madrid. Dentro del dinámico barrio de Tetuán, a pocos minutos de Plaza Castilla, su",True,False,False,hospitality,https://www.idealista.com/inmueble/107259694/
"Piso en calle Mayor, Sol, Madrid",2000000,462,8.0,"VIVIENDA,ÁTICO,EXCLUSIVO","Baltex Brokers comercializa esta magnifica vivienda ubicada en una de las calles principales del barrio de Sol en la calle Mayor, cercano a los hoteles más exclusivos de la capital y a un paso de la famosa Plaza de Santa Ana y Puerta del sol, en unos de los edificios más emblemáticos del centro.A través de un especta",True,False,False,hospitality,https://www.idealista.com/inmueble/105004812/
"Piso en calle de Rufino Blanco, 16, Fuente del Berro, Madrid",309000,43,1.0,"PISO,METRO","Piso En Calle Rufino Blanco, al lado de la plaza Manuel Becerra, en el madrileño barrio de Salamanca, con todas las combinaciones de trasporte muy cerca (Metro, Autobuses, Carreteras de circunvalación.. . )También dispone de todos los servicios a mano, (comercios de todo tipo, restauración, hoteles, centros deportivos,",True,False,False,hospitality,https://www.idealista.com/inmueble/106861296/
"Piso en calle de la Princesa, 92, Argüelles, Madrid",965000,170,6.0,"OPORTUNIDAD,REFORMADA,ABSTENERSE_AGENCIAS,SOLO_PARTICULARES","Oportunidad increible de hacerse con un activo en Madrid a una rentabilidad del 6,5%. Residencia de estudiantes recien reformada y actualmente alquilada a una empresa que lo gestiona pudiendo rescindir el contrato para gestionarlo de manera directa. Muy bien mantenida y con altas calidades. Abstenerse agencias.",True,False,False,hospitality,https://www.idealista.com/inmueble/106665570/
"Piso en calle de Ibiza, Ibiza, Madrid",900000,179,3.0,"VIVIENDA,FINCA","Hemic Properties comercializa este inmueble en el barrio de IBIZA compuesto por dos fincas registrales independientes:1. Vivienda en primera planta con una superficie de 102 m² catastrales totales.2. Local comercial con acceso en planta calle, con sótano, sumando un total de 77 m² catastrales.El inmueble está situ",True,False,False,commercial_or_office,https://www.idealista.com/inmueble/107151881/
"Piso en calle de San Hermenegildo, Malasaña-Universidad, Madrid",270000,85,2.0,"VIVIENDA,EXCLUSIVA,OPORTUNIDAD","Importante: LEER DESCRIPCIÓN!En Batuecas Real Estate, presentamos una excepcional oportunidad: un local comercial para ser transformado en vivienda, YA REALIZADAS LAS CONSULTAS PREVIAS AL AYUNTAMIENTO, está ubicado en una de las áreas más exclusivas de Madrid. Este inmueble se encuentra estratégicamente situado cerca",True,False,False,commercial_or_office,https://www.idealista.com/inmueble/105491127/
"Piso en Huertas-Cortes, Madrid",2700000,265,4.0,"VIVIENDA,LUJO,INMOBILIARIA,REFORMADA,ESTRENAR,AMUEBLADA","Propiedad de lujo junto a Hotel Four SeasonsEngel & Völkers inmobiliaria de lujo, tiene el placer de presentarle esta vivienda a estrenar, óptima para residencia y también para inversión y alquiler. La vivienda está recién reformada y amueblada en altas calidades y diseñada al más puro estilo vanguardista, con una est",True,False,False,hospitality,https://www.idealista.com/inmueble/104179776/
"Estudio en avenida Fuerzas Armadas, 328, Valdebebas - Valdefuentes, Madrid",198800,21,,"OPORTUNIDAD,NUEVO,ESTUDIO","Estudio Hotel 101Venta de habitaciones de hotel en el nuevo proyecto de Hotel 101 en Valdebebas, Madrid. Esta empresa ofrece la posibilidad de invertir en habitaciones de hotel en edificios de nueva construcción. Se trata de una nueva oportunidad para quienes buscan comprar una propiedad y obtener una rentabilidad si",True,False,False,hospitality,https://www.idealista.com/inmueble/105612336/
"Piso en Huertas-Cortes, Madrid",429000,201,5.0,"EXCLUSIVA,OPORTUNIDAD","¡OPORTUNIDAD ÚNICA! Local en Venta en la Zona más Central y Exclusiva de Madrid.Ubicado en el corazón de Madrid, en la zona más emblemática y deseada de la ciudad, este espacioso inmueble, actualmente con uso de oficina, ofrece una gran versatilidad y múltiples posibilidades para personalizarlo a tu gusto.El inmueb",True,True,True,commercial_or_office,https://www.idealista.com/inmueble/105768482/
"Ático en Sol, Madrid",500000,60,2.0,"TERRAZA,ÁTICO","Directing International Properties vende magnífico ático sin terraza en un edificio histórico a 100 mts de la Puerta del Sol, la sede de la Comunidad de Madrid y el Hotel Four Seasons, en pleno centro de Madrid, en perfecto estado.Disponibilidad inmediata y la rentabilidad, en caso de inversión, muy elevada. Se trat",True,False,False,hospitality,https://www.idealista.com/inmueble/106209294/
"Piso en calle de Moratín, Huertas-Cortes, Madrid",700000,100,2.0,"PISO,REFORMADO,ESTRENAR,BALCONES","Piso a estrenar recién reformado en el barrio de Huertas. El piso esta ubicado en una planta entera con dos balcones a la calle. Consta de salón con cocina semi separada, dos habitaciones y dos baños. Es una segunda planta con ascensor en una comunidad pequeña de local comercial y cuatro pisos (uno por planta). Edifici",True,False,False,commercial_or_office,https://www.idealista.com/inmueble/106612920/
"Estudio en de las Fuerzas Armadas, 400, Valdebebas - Valdefuentes, Madrid",198800,21,,"INMOBILIARIA,OPORTUNIDAD,NUEVO","Descubre este producto, perfecto para invertir.Invierte en la compra de habitaciones de hotel en el nuevo proyecto que Hotel 101 Global trae a Madrid. La mejor oportunidad para quien busca invertir en inmobiliaria, ahorrándose el tiempo y esfuerzo de la gestión del arrendamiento. Tú compras y Hotel 101 puede encargar",True,False,False,hospitality,https://www.idealista.com/inmueble/104949532/
"Piso en Palacio, Madrid",3800000,470,15.0,"REFORMADO,CASA","¡ARTECASAS PONE A LA VENTA HOSTAL EN EL CENTRO DE MADRID!*DISPONEMOS DE HOSTALES*Hostal recién reformado de más de 450m2, que consta de 15 habitaciones y 15 baños. Contamos con varios hostales a la venta que no tenemos en publicidad, si quiere saber más información no dudes en llamarnos.",True,True,True,hospitality,https://www.idealista.com/inmueble/107126513/
"Piso en Arapiles, Madrid",680000,89,3.0,"VIVIENDA,FINCA,REFORMAR,METRO,EXTERIOR","Presentamos en venta una magnífica vivienda, exterior de 89 metros cuadrados, para reformar y ubicado en una entreplanta alta ya que tiene un local comercial debajo. Se encuentra en una finca señorial de 1.945 con fachada representativa y portal señorial. Ubicada en la zona más cotizada del barrio de Arapiles en la señ",True,False,False,commercial_or_office,https://www.idealista.com/inmueble/106716478/
"Piso en calle de la Redondilla, 9, Palacio, Madrid",886000,140,2.0,"VIVIENDA,METRO","En el corazón del barrio de La Morería, encontramos esta singular vivienda, donde desde 1888 se albergó un típico ultramarinos. Un espacio de 112 m2 útiles íntegramente diseñado y decorado por Sofía Tejerina, decoradora de otros espacios únicos como el hotel Solo Palacio.Techos de más de cuatro metros de altura, un g",True,False,False,hospitality,https://www.idealista.com/inmueble/105614645/
"Piso en Ilustracion, Argüelles, Madrid",580000,70,2.0,"VIVIENDA,REFORMADA,ESTRENAR,SUITE,AMUEBLADA,NUEVO","En Altor Asesores pone a su disposición esta vivienda a estrenar recién reformada y amueblada con materiales de primera calidad.Consta de dos dormitorios dobles y baños en suite, uno de ellos tiene un balcón a la calle Ilustración y desde el otro podemos ver el nuevo hotel.El salón, decorado con un gusto increíbl",True,False,False,hospitality,https://www.idealista.com/inmueble/91759517/
"Piso en calle Duque de Osuna, 6, Malasaña-Universidad, Madrid",525000,68,2.0,"PISO,LUMINOSO,VISTAS,OPORTUNIDAD,METRO,EXTERIOR,INTERIOR","¡Oportunidad Piso en Plaza España! a metros de Gran Vía Y Princesa.En venta con ubicación privilegiada en Conde Duque y el Palacio de Liria,bloque interior Piso Exterior, con vistas al hotel Riu, a Torre de Madrid en Plaza España y Parroquia de San Marcos, muy muy luminoso, aíre acondicionado.Distribución, dos dorm",True,False,False,hospitality,https://www.idealista.com/inmueble/106140797/
"Piso en calle de Cervantes, Huertas-Cortes, Madrid",2690000,238,3.0,"PISO,ÁTICO,LUJO,PARQUE,PRESTIGIOSO,EXTERIOR","""Exclusividad y lujo en pleno corazón de Madrid, junto al Parque del Retiro""A solo 3 calles del emblemático Parque del Retiro, frente al prestigioso Hotel Ritz y a pocos minutos de la zona comercial de Serrano y las Galerías Canalejas, este piso de 238 m2 ofrece un estilo de vida único.Exterior, con reforma de lujo",True,False,False,hospitality,https://www.idealista.com/inmueble/107120078/
"Piso en Malasaña-Universidad, Madrid",500000,67,2.0,"PISO,LUMINOSO,VISTAS,INMOBILIARIA","MAITEA INMOBILIARIA vende piso en PLAZA ESPAÑA, MADRIDLuminoso piso de 66 m², ubicado en la cuarta planta con ascensor.Está situado en una planta alta de un edificio construidoen 1984 con vistas al hotel de la plaza España y la cúpula de laparroquia San Marcos, cercano también el Palacio de Liria y elCentro Cul",True,False,False,hospitality,https://www.idealista.com/inmueble/106318503/
"Piso en Sol, Madrid",900000,94,3.0,"VIVIENDA,OPORTUNIDAD,BALCONES,METRO","Vivienda con 5 balcones en Plaza de España - MadridEngel & Völkers presenta gran oportunidad de inversión a 100 metros del Hotel Riu Plaza de España.Edificio clásico de principios del siglo XX, con ascensor y acceso a personas de movilidad reducida. Una ubicación inmejorable, a dos pasos de Plaza de España y GranVía.",True,False,False,hospitality,https://www.idealista.com/inmueble/106827944/
"Estudio en de las Fuerzas Armadas, 400, Valdebebas - Valdefuentes, Madrid",198800,21,,"INMOBILIARIA,OPORTUNIDAD,NUEVO","Descubre este producto, perfecto para invertir.Invierte en la compra de habitaciones de hotel en el nuevo proyecto que Hotel 101 Global trae a Madrid. La mejor oportunidad para quien busca invertir en inmobiliaria, ahorrándose el tiempo y esfuerzo de la gestión del arrendamiento. Tú compras y Hotel 101 puede encargar",True,False,False,hospitality,https://www.idealista.com/inmueble/104949579/
"Piso en calle de Colombia, 52, Bernabéu-Hispanoamérica, Madrid",366000,147,1.0,"APARTAMENTO,EXTERIOR","Ponemos en comercialización local comercial/oficinas con disponibilidad para apartamento tipo loft. La calificación exacta a día de hoy es terciario.Magnifica ubicación. Zona residencial, muy tranquila y con muchas zonas verdes.Entrada aislada e independiente desde las zonas comunes exteriores del edificio. Plant",True,False,False,commercial_or_office,https://www.idealista.com/inmueble/100267146/
"Piso en Huertas-Cortes, Madrid",1690000,300,3.0,"ELEGANTE,BALCONES,EXTERIOR","Extraordinaria propiedad con 4 balcones en zona Prime de CortesEn una de las calles más singulares del barrio de las Cortes, en la llamada nueva zona prime, a un paso del elegante complejo comercial Canalejas, entre grandes hoteles como el Four Seasons o el Palace, encontramos esta majestuosa propiedad exterior que oc",True,False,False,hospitality,https://www.idealista.com/inmueble/103858261/
"Piso en calle de Bravo Murillo, Bellas Vistas, Madrid",649000,158,4.0,"REFORMADO,OPORTUNIDAD,APARTAMENTO,ESTUDIO","¡Oportunidad única de inversión en Bravo Murillo! Este espacioso inmueble de 158 m², ubicado en una primera planta con uso comercial, ofrece una rentabilidad superior al 6,5%. Actualmente dividido en dos apartamentos y un estudio, todos totalmente reformados y amueblados, es ideal para alquiler a media estancia. Además",True,False,False,commercial_or_office,https://www.idealista.com/inmueble/107009176/
"Ático en Carrera de San Jerónimo, Sol, Madrid",1025000,110,2.0,"ÁTICO,METRO","RZ REAL ESTATE, te presenta este magnífico ÁTICO amueblado y listo para vivir.Ideal para inversión para alquiler a corto medio o largo plazo.Especial por su ubicación ya que está a escasos metros de Sol, del Hotel Four Seasons, del Congreso de Disputados y a unos minutos de Cibeles y la zona de Recoletos.Consta d",True,False,False,hospitality,https://www.idealista.com/inmueble/102277593/
"Piso en Huertas-Cortes, Madrid",800000,109,2.0,"PISO,REFORMADO,FINCA,BALCONES,METRO","Maravilloso piso en venta en pleno Barrio de Las Letras.A escasos 400 metros del Hotel Palace y del Congreso de los Diputados, se encuentra este estupendo piso recientemente reformado con mucho gusto y las más altas calidades.En finca clásica de 1880 con tres plantas de altura y bonitos balcones, el piso consta de",True,False,False,hospitality,https://www.idealista.com/inmueble/106969099/
"Piso en calle de Goya, 116, Goya, Madrid",348000,57,1.0,"VIVIENDA,PISO,OPORTUNIDAD,REFORMADA","Oportunidad única en el corazón del distrito Salamanca!Este encantador piso en planta baja no solo ofrece una vivienda completamente reformada, sino también un local comercial en régimen de arrendamiento, generando una renta mensual de 515 €.La vivienda ha sido renovada; electricidad y fontanería nuevas, pintura l",True,False,False,commercial_or_office,https://www.idealista.com/inmueble/107119472/
"Piso en calle de Santa Polonia, Huertas-Cortes, Madrid",550000,87,2.0,"REFORMADO,ESPECTACULAR,HOGAR,DÚPLEX,NUEVO","Bienvenido a tu nuevo hogar en pleno barrio de las letras. Si lo que quieres es invertir o rentabilizar parcial o totalmente tu inversión, no busques másEspectacular local comercial reformado y amueblado con un gusto exquisito y en rentabilidad en la mejor zona de Madrid.Fantástico dúplex con 2 habitaciones dobles",True,False,False,commercial_or_office,https://www.idealista.com/inmueble/107212143/
"Piso en calle de San Bernardo, 15, Malasaña-Universidad, Madrid",1450000,230,4.0,"PISO,LUJO","AGENCIAS E INTERMEDIARIOS NOSe vende piso 220m2+8m2 trastero, Calle San Bernardo nº 15 esquina Gran Vía de Madrid, zona Centro Histórico –Plaza España-Callao. Zona en constante mejora y renovación con proyectos inminentes en Sol y Plaza de España con hoteles y centros comerciales y súper lujo.El edificio está recie",True,False,False,hospitality,https://www.idealista.com/inmueble/90632017/
"Piso en calle de la Palma, 61, Malasaña-Universidad, Madrid",595000,150,4.0,"PATIO,INTERIOR,SOLO_PARTICULARES","Al lado de GranVia. Cerca de Residencia de Estudiantes y Universidad de Comillas. Tres ventanas muy grandes a la calle. Cerca del Centro, en segunda y tercera planta hay pensión moderna, recién puesto ascensor, patio interior. NO AGENCIAS.",True,False,False,hospitality,https://www.idealista.com/inmueble/106810466/
"Piso en virgen de la paz, 9, Concepción, Madrid",1130000,160,1.0,"INMOBILIARIA,APARTAMENTO","VENTA DE 4 APARTAMENTOS TURISTICOS JUNTO PLAZA DE TOROS DE MADRID, CON LICENCIA CONCEDIDAPuente romano vende 4 apartamentos turisticos con licencia concedida por el ayto de madridse encuentra en fase de reforma, entrega en mayo del 2024abstenerse inmobiliarias.",True,False,False,hospitality,https://www.idealista.com/inmueble/103899043/
"Piso en calle Sepúlveda, 34, Puerta del Ángel, Madrid",580000,140,4.0,"VIVIENDA,REFORMADA,EQUIPADA,EXTERIOR","Se pone a la venta propiedad divida en una vivienda y un local comercial. Dispone de puerta de entrada principal y 2 puertas blindadas con acceso independiente a cada planta.Planta 1-Vivienda:Vivienda exterior totalmente reformada, se distribuye en salón comedor, 2 dormitorios, 2 cuartos de baño y cocina equipada.",True,False,False,commercial_or_office,https://www.idealista.com/inmueble/97282456/
"Piso en calle deyanira, 59, Rejas, Madrid",200000,55,1.0,APARTAMENTO,es un apartamento turístico.,True,False,False,hospitality,https://www.idealista.com/inmueble/105959868/
"Piso en calle de Antonio Acuña, Goya, Madrid",1090000,191,2.0,"VIVIENDA,ÁTICO,LUMINOSO,FINCA,GOYA,PORTERO","LOCAL COMERCIAL CON LICENCIA DE CAMBIO DE USO A VIVIENDA YSEGREGACIÓN APROBADA. Ofrecemos en venta este bonito y luminoso bajo en elBarrio de Goya, Distrito de Barrio de Salamanca, en Madrid. Dispone de portero físicoen horario comercial y automático. La finca, de estilo clásico, y de ubicación excelente,también cu",True,False,False,commercial_or_office,https://www.idealista.com/inmueble/107105278/
"Piso en Malasaña-Universidad, Madrid",499000,66,2.0,"PISO,LUMINOSO,VISTAS,INMOBILIARIA,HOGAR,IMPRESIONANTE,NUEVO","MAITEA INMOBILIARIA vende piso en PLAZA ESPAÑA, MADRID.¡Descubre tu nuevo hogar en el corazón de Madrid! Este luminoso piso de 66 m² te ofrece una ubicación inmejorable en la cuarta planta de un edificio con ascensor, construido en 1984. Disfruta de impresionantes vistas al hotel de la plaza España y la cúpula de la",True,False,False,hospitality,https://www.idealista.com/inmueble/106990156/
"Piso en calle del Padre Xifré, Prosperidad, Madrid",449000,69,2.0,"PISO,LUMINOSO,PATIO,ARMARIOS","Magnífico piso para entrar a vivir junto al Hotel Puerta de América. 5º planta que da a un patio de manzana muy grande sin nada de ruidos y muy luminoso. Dos dormitorios, el principal muy grande, los dos tienen armarios empotrados hechos a medida. Salón con un espacio para comedor. Baño completo con dos lavabos encastr",True,False,False,hospitality,https://www.idealista.com/inmueble/107304956/
"Piso en Malasaña-Universidad, Madrid",1700000,179,7.0,"VIVIENDA,OPORTUNIDAD,BALCONES,METRO","Vivienda con 10 balcones en Plaza de España - MadridEngel & Völkers presenta gran oportunidad de inversión a 100 metros del Hotel Riu Plaza de España.Edificio clásico de principios del siglo XX, con ascensor y acceso a personas de movilidad reducida. Una ubicación inmejorable, a dos pasos de Plaza de España y GranVía",True,False,False,hospitality,https://www.idealista.com/inmueble/106737887/
"Piso en Cuatro Caminos, Madrid",849000,156,3.0,"REFORMADO,ESTRENAR,APARTAMENTO","2 APARTAMENTOS TURÍSTICOS Excelente planta baja, con LICENCIA DEL AYUNTAMIENTO.Reformado a estrenar con un alto nivel de calidades.EXCELENTE NEGOCIO TURÍSTICOApartamento 1. -81m2, 2 habitaciones, 1 baño, cocina/salon/comedor de 30 m2 aprox.Apartamento 2. -69m2, 1 habitación, 1 baño, cocina/salon/comedor de 35",True,False,False,hospitality,https://www.idealista.com/inmueble/107152776/
"Piso en calle de Donoso Cortés, 48, Arapiles, Madrid",450000,54,1.0,"VIVIENDA,LUMINOSO,ESTRENAR,APARTAMENTO","Venta directa propiedad.Transformación de local comercial en 2 viviendas.Dos apartamentos de altas calidades, a estrenar, muy luminosos con orientación sur y luz natural todo el día. Diseñados al detalle para los clientes mas exigentes.Obra nueva, totalmente amueblados y decorados.Cada apartamento cuenta con sa",True,False,False,commercial_or_office,https://www.idealista.com/inmueble/106597044/
"Dúplex en Palos de la Frontera, Madrid",630000,107,3.0,"REFORMADO,AMPLIO,LUMINOSO,OPORTUNIDAD,ESTRENAR,DÚPLEX,APARTAMENTO","DÚPLEX EN RENTABILIDAD CON LICENCIA DE APARTAMENTO TURÍSTICO¡OPORTUNIDAD ÚNICA DE INVERSIÓN!Apartamento Turístico con licencia en Atocha.  Esta propiedad, cuenta con un amplio y luminoso espacio en dos alturas, está completamente reformado a estrenar. Consta de 107 m², tres habitaciones, dos baños completos y un",True,False,False,hospitality,https://www.idealista.com/inmueble/106586225/
"Piso en calle del Casino, Lavapiés-Embajadores, Madrid",700000,125,2.0,"VIVIENDA,HOGAR,APARTAMENTO","Descubre este acogedor apartamento en Embajadores, España. Con 100m², 2 habitaciones y 2 baños, es el hogar perfecto para disfrutar. Un local comercial convertido en Vivienda, con entrada independiente. Altas Posibilidades de licencia turística. El edificio cuenta con un sistema sofisticado de ventilación forzada, acce",True,False,False,commercial_or_office,https://www.idealista.com/inmueble/104432581/
"Piso en calle Fernando Giráldez, 43, Numancia, Madrid",240000,55,1.0,"VIVIENDA,EXCLUSIVA,LUJO,OPORTUNIDAD,APARTAMENTO","**¡Oportunidad exclusiva! Vendo apartamento turístico de lujo con licencia en vigor**Descubre este **apartamento turístico de alto standing**, con **licencia turística en vigor**, listo para ofrecer rentabilidad desde el primer día.! Perfecta para vivienda principal en pareja!**Características principales: **-",True,False,False,hospitality,https://www.idealista.com/inmueble/107211358/
"Piso en calle del Puerto de Pozazal, 37, Ensanche de Vallecas - La Gavia, Madrid",180000,55,1.0,"VIVIENDA,LUMINOSO,APARTAMENTO,SEGURIDAD","""Inmejorable inversión para alquiler o vivienda, actualmente se encuentra alquilado.Apartamento Turistico con todas las comodidades, luminoso y acogedor, para uso residencial, en perfecto estado para entrar a vivir o alquilar.De 54 m2 construidos. La seguridad está garantizada con cámaras de vigilancia y conserje",True,False,False,hospitality,https://www.idealista.com/inmueble/88511129/
"Piso en Ilustración, Argüelles, Madrid",560000,70,2.0,"VIVIENDA,OPORTUNIDAD,REFORMADA,ESTRENAR,SUITE,AMUEBLADA,NUEVO","TORALIA CAPITAL le ofrece la magnífica oportunidad de estrenar esta vivienda recién reformada y amueblada con materiales de primera calidad.Consta de dos dormitorios dobles y baños en suite, uno de ellos tiene un balcón a la calle Ilustración y desde el otro podemos ver el nuevo hotel.El salón, decorado con un gu",True,False,False,hospitality,https://www.idealista.com/inmueble/93853598/
"Piso en calle Virgen del Castañar, 22, Concepción, Madrid",450000,175,4.0,"CHALET,VENTANALES,METRO","Antiguo local comercial rehabilitado hace 10 años (con cédula de habitabilidad).Duplex tipo loftBarrio de la Concepción, a pocos metros de zona de chalets y Arturo Soria. Calle muy tranquila. Enormes ventanales.Planta de arriba con techos muy altos.Dos salones y entrada.Puertas corredizas.Posibilidad de dejar",True,False,False,commercial_or_office,https://www.idealista.com/inmueble/84207615/
"Piso en calle Gran Vía, Chueca-Justicia, Madrid",2600000,245,2.0,"PISO,LUJO,EXCLUSIVO,EXTERIOR","Piso totalmente exterior ubicado entre el barrio de Justicia, uno de los barrios más demandados de Madrid, y la zona donde se encuentra el exclusivo Four Sesons, la Galería Canalejas y el edificio Metrópolis, que próximamente se convertirá en un hotel de lujo con espacios gastronómicos y culturales.Segunda planta de",True,False,False,hospitality,https://www.idealista.com/inmueble/103878128/
