zona,district_name_official,subzona_portal,subzona_portal_norm,numero_anuncios,candidate_1_name,candidate_1_zone_key,candidate_1_score,candidate_2_name,candidate_2_zone_key,candidate_2_score,candidate_3_name,candidate_3_zone_key,candidate_3_score,selected_zone_key,mapping_status,mapping_notes
centro,Centro,Malasaña-Universidad,malasana-universidad,451,Universidad,MAD-015,0.71,Palacio,MAD-011,0.296,Embajadores,MAD-012,0.258,,pending_review,
centro,Centro,Lavapiés-Embajadores,lavapies-embajadores,366,Embajadores,MAD-012,0.71,Palacio,MAD-011,0.296,Universidad,MAD-015,0.258,,pending_review,
centro,Centro,Chueca-Justicia,chueca-justicia,277,Justicia,MAD-014,0.696,Embajadores,MAD-012,0.308,Cortes,MAD-013,0.286,,pending_review,
centro,Centro,Huertas-Cortes,huertas-cortes,177,Cortes,MAD-013,0.6,Embajadores,MAD-012,0.48,Universidad,MAD-015,0.32,,pending_review,
villaverde,Villaverde,Villaverde Alto,villaverde-alto,152,Villaverde Alto - Casco Histórico de Villaverde,MAD-171,0.5,Los Rosales,MAD-174,0.308,San Cristóbal,MAD-172,0.214,,pending_review,
chamartin,Chamartín,Bernabéu-Hispanoamérica,bernabeu-hispanoamerica,139,Hispanoamérica,MAD-054,0.757,Nueva España,MAD-055,0.457,Prosperidad,MAD-052,0.412,,pending_review,
chamberi,Chamberí,Nuevos Ministerios-Ríos Rosas,nuevos-ministerios-rios-rosas,125,Ríos Rosas,MAD-075,0.513,Vallehermoso,MAD-076,0.195,Almagro,MAD-074,0.167,,pending_review,
hortaleza,Hortaleza,Conde Orgaz-Piovera,conde-orgaz-piovera,105,Piovera,MAD-162,0.538,Pinar del Rey,MAD-164,0.375,Canillas,MAD-163,0.222,,pending_review,
villa-de-vallecas,Villa de Vallecas,Ensanche de Vallecas - La Gavia,ensanche-de-vallecas-la-gavia,102,Ensanche de Vallecas,MAD-183,0.816,Casco Histórico de Vallecas,MAD-181,0.536,Santa Eugenia,MAD-182,0.381,,pending_review,
retiro,Retiro,Jerónimos,jeronimos,96,Los Jerónimos,MAD-035,0.818,Niño Jesús,MAD-036,0.316,Adelfas,MAD-032,0.25,,pending_review,
tetuan,Tetuán,Cuzco-Castillejos,cuzco-castillejos,91,Castillejos,MAD-063,0.786,Cuatro Caminos,MAD-062,0.581,Bellas Vistas,MAD-061,0.267,,pending_review,
ciudad-lineal,Ciudad Lineal,Concepción,concepcion,78,La Concepción,MAD-154,0.87,Colina,MAD-157,0.375,Pueblo Nuevo,MAD-152,0.364,,pending_review,
carabanchel,Carabanchel,Buena Vista,buena-vista,77,Buenavista,MAD-116,0.952,Puerta Bonita,MAD-115,0.583,Vista Alegre,MAD-114,0.435,,pending_review,
hortaleza,Hortaleza,Valdebebas - Valdefuentes,valdebebas-valdefuentes,61,Valdefuentes,MAD-166,0.686,Palomas,MAD-161,0.267,Canillas,MAD-163,0.258,,pending_review,
hortaleza,Hortaleza,Sanchinarro,sanchinarro,55,Apóstol Santiago,MAD-165,0.444,Canillas,MAD-163,0.421,Pinar del Rey,MAD-164,0.417,,pending_review,
usera,Usera,12 de Octubre-Orcasur,12-de-octubre-orcasur,47,Orcasur,MAD-122,0.5,Orcasitas,MAD-121,0.333,Moscardó,MAD-125,0.276,,pending_review,
vicalvaro,Vicálvaro,Los Berrocales,los-berrocales,46,Valderrivas,MAD-193,0.48,El Cañaveral,MAD-194,0.462,Valdebernardo,MAD-192,0.444,,pending_review,
fuencarral,Fuencarral-El Pardo,Tres Olivos - Valverde,tres-olivos-valverde,46,,,,,,,,,,,pending_review,
fuencarral,Fuencarral-El Pardo,Las Tablas,las-tablas,43,,,,,,,,,,,pending_review,
tetuan,Tetuán,Ventilla-Almenara,ventilla-almenara,40,Almenara,MAD-064,0.64,Valdeacederas,MAD-065,0.467,Bellas Vistas,MAD-061,0.4,,pending_review,
villaverde,Villaverde,Los Ángeles,los-angeles,40,Ángeles,MAD-175,0.778,Los Rosales,MAD-174,0.727,San Cristóbal,MAD-172,0.333,,pending_review,
carabanchel,Carabanchel,Pau de Carabanchel,pau-de-carabanchel,33,Opañel,MAD-112,0.417,Abrantes,MAD-117,0.385,Vista Alegre,MAD-114,0.333,,pending_review,
hortaleza,Hortaleza,Virgen del Cortijo - Manoteras,virgen-del-cortijo-manoteras,30,Pinar del Rey,MAD-164,0.439,Valdefuentes,MAD-166,0.3,Palomas,MAD-161,0.286,,pending_review,
san-blas,San Blas-Canillejas,Salvador,salvador,29,,,,,,,,,,,pending_review,
vicalvaro,Vicálvaro,Los Ahijones,los-ahijones,24,El Cañaveral,MAD-194,0.417,Casco Histórico de Vicálvaro,MAD-191,0.3,Valderrivas,MAD-193,0.174,,pending_review,
vicalvaro,Vicálvaro,Los Cerros,los-cerros,20,Valderrivas,MAD-193,0.476,El Cañaveral,MAD-194,0.455,Valdebernardo,MAD-192,0.435,,pending_review,
vicalvaro,Vicálvaro,Ambroz,ambroz,18,Valdebernardo,MAD-192,0.421,Valderrivas,MAD-193,0.235,El Cañaveral,MAD-194,0.222,,pending_review,
barajas,Barajas,Campo de las Naciones-Corralejos,campo-de-las-naciones-corralejos,17,Corralejos,MAD-215,0.476,Alameda de Osuna,MAD-211,0.375,Casco Histórico de Barajas,MAD-213,0.31,,pending_review,
fuencarral,Fuencarral-El Pardo,Montecarmelo,montecarmelo,12,,,,,,,,,,,pending_review,
fuencarral,Fuencarral-El Pardo,Arroyo del Fresno,arroyo-del-fresno,12,,,,,,,,,,,pending_review,
vicalvaro,Vicálvaro,Valdebernardo - Valderrivas,valdebernardo-valderrivas,10,Valdebernardo,MAD-192,0.684,Valderrivas,MAD-193,0.611,El Cañaveral,MAD-194,0.162,,pending_review,
villa-de-vallecas,Villa de Vallecas,Valdecarros,valdecarros,5,Ensanche de Vallecas,MAD-183,0.452,Casco Histórico de Vallecas,MAD-181,0.368,Santa Eugenia,MAD-182,0.25,,pending_review,
