titulo,price_eur,area_m2,price_per_m2,habitaciones,baños,tags,descripcion,neighborhood_name_final,price_area_review_reason,Enlace
"Ático en calle de José Ortega y Gasset, Castellana, Madrid",8000000,330,24242.424242424244,3.0,0,"ÁTICO,LUJO,INMOBILIARIA,IMPRESIONANTE","Álvora Capital Properties, consultora inmobiliaria de alta calidad en la gestión de activos prime en Madrid, les presenta esté impresionante ático, ubicado en el corazón de la ""Milla de Oro"", a un paso de la calle Serrano y en el epicentro de las tiendas y boutiques de lujo de la Capital.Cualquiera que sepa apreciar",Castellana,precio_m2_muy_alto,https://www.idealista.com/inmueble/107198854/
"Ático en calle de José Ortega y Gasset, Castellana, Madrid",8000000,326,24539.877300613498,3.0,0,"TERRAZA,ÁTICO,REFORMAR",Olivares Consultores vende ático a reformar en el barrio de Salamanca. El edificio es de fachada clásica. Dispone de terraza de 44m2. Su ubicación es en la Milla de Oro de Madrid.Contáctenos para ampliar información.,Castellana,precio_m2_muy_alto,https://www.idealista.com/inmueble/107144247/
"Ático en Recoletos, Madrid",3990000,160,24937.5,3.0,0,"VIVIENDA,REFORMADO,ÁTICO,LUJO,ELEGANTE","Descubre la exquisitez de este increíble ático reformado, ubicado en el distinguido barrio de Recoletos. Con una distribución elegante y cuidadosamente diseñada, esta vivienda ofrece un entorno de lujo y confort.La propiedad cuenta con tres espaciosas habitaciones, cada una concebida para brindar un ambiente acogedor",Recoletos,precio_m2_muy_alto,https://www.idealista.com/inmueble/106994296/
"Ático en Castellana, Madrid",8700000,330,26363.636363636364,3.0,0,"VIVIENDA,TERRAZA,AMPLIO,ÁTICO,ESPECTACULAR,REFORMADA,ESTRENAR,PRESTIGIOSO,ESTUDIO","Espectacular ático con terraza de 45 mt y orientación sur.La vivienda se vende totalmente reformada a estrenar. En este momento se encuentra en proceso de reforma, reforma que está llevando a cabo un prestigioso estudio de arquitectura con las más altas calidades.El ático dispondrá de amplio salón con acceso a la te",Castellana,precio_m2_muy_alto,https://www.idealista.com/inmueble/107152772/
"Ático en Recoletos, Madrid",5250000,160,32812.5,3.0,0,"REFORMADO,TERRAZA,ÁTICO,IMPRESIONANTE,PRESTIGIOSO,METRO","Moro Real Estate presenta este impresionante ático, recién reformado, situado en una de las zonas más codiciadas del Barrio de Salamanca, a escasos metros del prestigioso Colegio Nuestra Señora del Pilar. Este inmueble combina modernidad, amplitud y luminosidad en un entorno privilegiado.Con una gran terraza que ofre",Recoletos,precio_m2_muy_alto,https://www.idealista.com/inmueble/106137517/
"Estudio en San Diego, Madrid",114500,811,141.18372379778052,,0,"PISO,FUNCIONAL","Funcional piso en Madrid, ideal para parejas. El inmueble consta de 811 m² construidos distribuidos en salón-comedor, cocina. Cuenta con todos los servicios necesarios a su alrededor, como la escuela IES Vallecas Magerit, supermercados, bancos, bibliotecas, farmacias, oficinas de correos, centros deportivos, la estació",San Diego,precio_m2_muy_bajo,https://www.idealista.com/inmueble/107028561/
"Piso en Entrevías, Madrid",161000,479,336.1169102296451,3.0,1,"VIVIENDA,PISO,LUMINOSO,HOGAR,FUNCIONAL","Presentamos este encantador piso de segunda mano en Madrid, ideal para familias que buscan un hogar acogedor y bien ubicado. Con una superficie de 479 m² construidos, la vivienda se distribuye en tres amplias habitaciones, un luminoso salón-comedor, una cocina funcional y un aseo. Este piso cuenta con todos los servici",Entrevías,precio_m2_muy_bajo,https://www.idealista.com/inmueble/101241888/
"Piso en calle de la Unanimidad, Los Rosales, Madrid",78900,103,766.0194174757281,3.0,0,"VIVIENDA,PISO","Piso de 103,76 m² situado en la provincia de Madrid. Esta vivienda de segunda mano está distribuida en varias dependencias y servicios. Dispone de buenas comunicaciones tanto por transporte público como por transporte privado. Ubicada en una zona con todo tipo de servicios alrededor. Por ello, es una opción en la que i",Los Rosales,precio_m2_muy_bajo,https://www.idealista.com/inmueble/106658093/
"Piso en calle de Beniferri, San Cristóbal, Madrid",86300,112,770.5357142857143,3.0,0,"VIVIENDA,PISO","Vivienda piso en la calle Beniferri de Madrid. Tiene una superficie aproximada de 80 m2. - El inmueble se encuentra ocupado ilegalmente por terceros y sin los suministros debidamente contratados. El Inmueble se transmitirá: (i) como cuerpo cierto y a tanto alzado (ii) como un todo, inseparable (iii) en el estado regist",San Cristóbal,precio_m2_muy_bajo,https://www.idealista.com/inmueble/106563601/
"Piso en calle de Beniferri, 32, San Cristóbal, Madrid",86300,112,770.5357142857143,3.0,0,,"*** OKUPADA, SE VENDE LA PROPIEDAD., NO L APOSESION.El inmueble se encuentra ocupado ilegalmente por terceros y sin los suministros debidamente contratados. El Inmueble se transmitirá: (i) como cuerpo cierto y a tanto alzado (ii) como un todo, inseparable (iii) en el estado registral y catastral en el que se encuentre",San Cristóbal,precio_m2_muy_bajo,https://www.idealista.com/inmueble/107151576/
"Chalet pareado en calle de las Islas de Cabo Verde, Peñagrande, Madrid",190000,243,781.8930041152263,1.0,0,"VIVIENDA,CHALET","Se vende proindiviso. Únicamente se vende el 31,21 de la propiedad. Chalet adosado de dos plantas sobre rasante en el municipio de Madrid. La vivienda tiene una superficie construida total de 243 m², y está compuesta de dos plantas. La planta baja se distribuye en acceso, aparcamiento al aire libre, salón-comedor, coci",Peñagrande,precio_m2_muy_bajo,https://www.idealista.com/inmueble/107240336/
"Piso en calle de Cazorla, Entrevías, Madrid",77300,97,796.9072164948453,3.0,0,"PISO,OPORTUNIDAD","Oportunidad sólo para inversores. El activo se encuentra ocupado. Debido al estado ocupacional del activo, no se pueden realizar visitas al mismo. Piso de segunda mano en venta, situado en edificio residencial en el barrio de Entrevías, de la ciudad de Madrid. Cuenta con una superficie de 97,17 m² distribuidos en 3 dor",Entrevías,precio_m2_muy_bajo,https://www.idealista.com/inmueble/104888575/
"Piso en Almagro, Madrid",12500000,750,16666.666666666668,5.0,0,"PISO,TERRAZA,VISTAS,EXCLUSIVO,INTERIOR","Olisson Club ofrece este exclusivo piso con una arquitectura interior muy elaborada, situado en una de las calles más distinguidas de Almagro.Se trata de una segunda planta con vistas despejadas y mucha luz, con terraza que acompaña a lo largo el bellísimo salón comedor sobre una de las calles más distinguidas de Alm",Almagro,precio_muy_alto,https://www.idealista.com/inmueble/107074597/
"Dúplex en plaza Marqués de Salamanca, 11, Lista, Madrid",13090000,605,21636.363636363636,5.0,0,"VIVIENDA,TERRAZA,ÁTICO,PISCINA,EXTERIOR","Ático con piscina en venta en Plaza Marqués de Salamanca 11Sup. Terraza Exterior: 171m2ÚLTIMO ÁTICO en Marqués de Salamanca 11, un edificio emblemático de Madrid, que destaca por su imponente fachada y amplitud de las viviendas.El proyecto cuenta con vigilancia 24h y servicio concierge. Lo conforman 16 viviendas",Lista,precio_muy_alto,https://www.idealista.com/inmueble/101733694/
"Piso en Castellana, Madrid",12500000,570,21929.824561403508,5.0,0,"VIVIENDA,ÁTICO,INMOBILIARIA,HALL,IMPRESIONANTE","Álvora Capital Properties, consultora inmobiliaria de alta calidad en la gestión de activos prime en Madrid, vende impresionante vivienda en uno de los edificios de obra nueva más emblemáticos del Barrio de Salamanca. Edificio Lagasca 99La vivienda con orientación oeste (sol de tarde) se distribuye en hall, zona soci",Castellana,precio_muy_alto,https://www.idealista.com/inmueble/103340602/
"Piso en calle de Arrieta, Palacio, Madrid",15000000,666,22522.522522522522,10.0,0,"VIVIENDA,PISO,VISTAS,ESPECTACULAR,OPORTUNIDAD,EXTERIOR","Servicheck, le ofrece la oportunidad de comprar una vivienda unica en madridpiso en edificio exclisivo exterior con espectaculares vistas, unico en planta 666m2.",Palacio,precio_muy_alto,https://www.idealista.com/inmueble/106035767/
"Casa o chalet independiente en calle de Castellón de la Plana, El Viso, Madrid",23000000,1000,23000.0,7.0,0,CASA,Lucía Suárez-Zuloaga de GV | EL VISO comercializa el siguiente inmueble:Casa en Calle Castellón de la PlanaUn porcentaje importante de nuestros inmuebles no aparecen publicados por expreso deseo de los propietarios. Para más información sobre más propiedades en esta zona entre en nuestra página web.,El Viso,precio_muy_alto,https://www.idealista.com/inmueble/107095805/
"Ático en El Viso, Madrid",17500000,697,25107.604017216643,4.0,0,"VIVIENDA,ÁTICO,INTERIOR","Esta vivienda se concibe como un proyecto en el que la palabra exclusividad amplía su significado. Situado en la planta ático de un edificio de diseño vanguardista con líneas arquitectónicas minimalistas, empleando materiales de la máxima calidad.Interiormente, la vivienda cuenta con depuradas líneas arquitectónicas",El Viso,precio_muy_alto;precio_m2_muy_alto,https://www.idealista.com/inmueble/106795928/
"Piso en calle Velázquez, Recoletos, Madrid",13000000,425,30588.235294117647,5.0,0,"VIVIENDA,INMOBILIARIA","Álvora Capital Properties, consultora inmobiliaria de alta calidad en la gestión de activos prime en Madrid, les presenta esta maravillosa vivienda, ubicada en un magnífico edificio de fachada clásica con paso de carruajes, ascensor de jaula, escaleras de mármol y preciosas cristaleras emplomadas originales.Un edifi",Recoletos,precio_muy_alto;precio_m2_muy_alto,https://www.idealista.com/inmueble/107166409/
"Piso en calle de Velázquez, Recoletos, Madrid",13000000,421,30878.859857482184,5.0,0,"VIVIENDA,PISO,REFORMADO,LUJO,ELECTRODOMÉSTICOS,CALEFACCIÓN",Olivares Consultores vende esta vivienda de lujo en el corazón del Barrio de Salamanca. Piso reformado con las mejores calidades del mercado. El piso está totalmente amueblado y con electrodomésticos. Calefacción de suelo radiante por aerotermia y aire acondicionado en toda las estancias. La distribución de la vivienda,Recoletos,precio_muy_alto;precio_m2_muy_alto,https://www.idealista.com/inmueble/106652699/
"Piso en calle Velázquez, Recoletos, Madrid",13000000,421,30878.859857482184,5.0,0,"VIVIENDA,PISO,LUJO,ESPECTACULAR,EXCLUSIVO,INMOBILIARIA","REA Inmobiliaria presenta este exclusivo piso de lujo en Calle Velázquez, Barrio de SalamancaUbicado en una de las calles más prestigiosas del Barrio de Salamanca, este espectacular piso de 421 m² combina la elegancia de la arquitectura clásica con una reforma integral de altas calidades, ofreciendo una vivienda mode",Recoletos,precio_muy_alto;precio_m2_muy_alto,https://www.idealista.com/inmueble/107212046/
"Piso en Recoletos, Madrid",13000000,421,30878.859857482184,5.0,0,"VIVIENDA,PISO,EXCLUSIVA,LUJO,ESPECTACULAR,FINCA,REFORMADA,ESTRENAR,METRO,EXTERIOR","Presentamos esta espectacular y exclusiva vivienda de lujo, exterior de 421 metros cuadrados catastrales, completamente reformada a estrenar, ubicado en una finca señorial y representativa con fachada protegida, edificada en 1.940, ubicada en la zona más cotizada y exclusiva del barrio de Salamanca - Recoletos, en la calle de Velázquez, una de las calles más exclusivas de la ciudad.Ubicado en una tercera planta, su perfecta distribución hace que cuente con grandes ventajas que hacen de este piso de lujo una opción muy atractiva, no solo por su",Recoletos,precio_muy_alto;precio_m2_muy_alto,https://www.idealista.com/inmueble/107165396/
"Piso en Recoletos, Madrid",13000000,421,30878.859857482184,5.0,0,"VIVIENDA,PISO,REFORMADO,EXCLUSIVA,LUJO,ESPECTACULAR,EXTERIOR",Olisson Club pone a su disposición esta espectacular vivienda de lujo ubicada en una de las zonas más exclusivas de Recoletos.La vivienda de 421m2 se encuentra en una tercera planta exterior con orientación Este y destaca por la amplitud de todas sus estancias y la calidad de su reforma. El piso está recién reformado,Recoletos,precio_muy_alto;precio_m2_muy_alto,https://www.idealista.com/inmueble/106771279/
"Ático en plaza de la Independencia, Jerónimos, Madrid",18000000,535,33644.85981308411,7.0,0,"PISO,ÁTICO,EXCLUSIVA,LUJO,ESPECTACULAR,PARQUE,METRO","smyhome presenta!Este espectacular piso de lujo, ubicado en una de las zonas más exclusivas de Madrid, ofrece una experiencia residencial única a solo unos pasos del emblemático Parque del Retiro y la icónica Puerta de Alcalá. Con una superficie de 535 metros cuadrados, este inmueble combina la elegancia de un edific",Los Jerónimos,precio_muy_alto;precio_m2_muy_alto,https://www.idealista.com/inmueble/105924056/
"Piso en calle de San Dalmacio, Villaverde Alto, Madrid",49900,61,818.0327868852459,2.0,0,"VIVIENDA,PISO","Vivienda piso situado en un edificio residencial en la zona de San Cristóbal, en la ciudad de Madrid. - El inmueble se encuentra ocupado ilegalmente por terceros y sin los suministros debidamente contratados. El Inmueble se transmitirá: (i) como cuerpo cierto y a tanto alzado (ii) como un todo, inseparable (iii) en el",Villaverde Alto - Casco Histórico de Villaverde,precio_muy_bajo,https://www.idealista.com/inmueble/104824996/
"Piso en calle de San Dalmacio, Villaverde Alto, Madrid",49900,60,831.6666666666666,3.0,0,,"*OKUPADA OKUPADA*, SE VENDE LA PROPIEDAD Y EL COMPRADOR SE ENCARGA DE RECUPERA LAS LLAVES, PACÍFICAMENTE O POR EL JUZGADO. ZONA VILLAVERDEEl inmueble se encuentra ocupado ilegalmente por terceros y sin los suministros debidamente contratados. El Inmueble se transmitirá: (i) como cuerpo cierto y a tanto alzado (ii) co",Villaverde Alto - Casco Histórico de Villaverde,precio_muy_bajo,https://www.idealista.com/inmueble/36146834/
"Piso en calle Concepción de la Oliva, s/n, Butarque, Madrid",54000,54,1000.0,1.0,0,OPORTUNIDAD,"OPORTUNIDAD INMUEBLE SIN POSESIÓN, NO SE PUEDE VISITAR, PROPIO PARA INVERSORES O VECINOS QUE CONOZCAN EL INMUEBLE.Disponemos de una amplia cartera de inmuebles sin posesión en Madrid y en toda España, PROPIO PEQUEÑO Y GRAN INVERSOR.Madrid es un municipio y una ciudad de España.La localidad, con categoría histórica",Butarque,precio_muy_bajo,https://www.idealista.com/inmueble/105751198/
"Piso en calle Del Puerto de Panticosa, 6, Numancia, Madrid",35000,20,1750.0,2.0,0,"CASA,REFORMAR","casa baja 2 habitaciones, para reformar. Se puede utilizar de local o trastero.",Numancia,precio_muy_bajo,https://www.idealista.com/inmueble/99812663/
"Piso en calle Emilio Raboso, San Diego, Madrid",52400,27,1940.7407407407406,1.0,0,"VIVIENDA,PISO,OPORTUNIDAD","Oportunidad sólo para inversores. El activo se encuentra ocupado por persona sin justo título. Debido al estado ocupacional del activo, no se pueden realizar visitas al mismo.Piso de segunda mano en venta en Madrid.Se trata de un piso de 28 m² distribuidos en varias estancias. La vivienda se sitúa en el núcleo de la po",San Diego,precio_muy_bajo,https://www.idealista.com/inmueble/104891274/
"Piso en calle de Sierra Elvira, 32, Numancia, Madrid",50000,22,2272.7272727272725,1.0,1,"PISO,PARQUE","Piso de segunda mano a la venta situado en la ciudad de Madrid. Cuenta con una superficie de 22 m² que se distribuye en cocina, 1 dormitorio y 1 baño. Se encuentra en la zona de Numancia y próximo de centros educativos, centro de salud y de varios parques como el Parque de Sierra Elvira, Área de entrenamiento físico y",Numancia,precio_muy_bajo,https://www.idealista.com/inmueble/107287342/
"Piso en calle de Sierra Elvira, 32, Numancia, Madrid",50000,22,2272.7272727272725,1.0,1,"PISO,PARQUE","Piso de segunda mano a la venta situado en la ciudad de Madrid. Cuenta con una superficie de 22 m² que se distribuye en cocina, 1 dormitorio y 1 baño. Se encuentra en la zona de Numancia y próximo de centros educativos, centro de salud y de varios parques como el Parque de Sierra Elvira, Área de entrenamiento físico y",Numancia,precio_muy_bajo,https://www.idealista.com/inmueble/81408177/
"Piso en calle Marmolistas, Arcos, Madrid",12000,61,196.72131147540983,2.0,0,VIVIENDA,"PROINDIVISO. Se vende SOLO una parte de la propiedad (16,67) y no se tiene acceso a la vivienda porque está habitada por otros copropietarios. Esta situada en una planta baja en un edificio de 4 plantas, siendo solo 2 vecinos por planta, en la calle Marmolistas, en el municipio y provincia de Madrid. La zona está conso",Arcos,precio_muy_bajo;precio_m2_muy_bajo,https://www.idealista.com/inmueble/107240309/
"Piso en calle Marmolistas, Arcos, Madrid",12000,61,196.72131147540983,2.0,0,VIVIENDA,"PROINDIVISO. Se vende SOLO una parte de la propiedad (16,67) y no se tiene acceso a la vivienda porque está habitada por otros copropietarios. Esta situada en una planta baja en un edificio de 4 plantas, siendo solo 2 vecinos por planta, en la calle Marmolistas, en el municipio y provincia de Madrid. La zona está conso",Arcos,precio_muy_bajo;precio_m2_muy_bajo,https://www.idealista.com/inmueble/106859553/
"Piso en calle del Pico Cebollera, San Diego, Madrid",33500,51,656.8627450980392,1.0,0,"VIVIENDA,PISO,OPORTUNIDAD,INTERIOR","¡OPORTUNIDAD VENTA SIN POSESIÓN! El inmueble no se puede visitar interiormente.Este tipo de compra no admite hipoteca. LEA LAS CONDICIONES a continuación.Magnífica oportunidad de piso situado en Madrid, con una inmensa variedad de servicios, tanto de ocio como de necesidad a su alrededor.La vivienda tiene una supe",San Diego,precio_muy_bajo;precio_m2_muy_bajo,https://www.idealista.com/inmueble/106987531/
"Casa o chalet independiente en El Plantío, Madrid",2500000,2500,1000.0,4.0,0,"VIVIENDA,ELEGANTE,CASA,URBANIZACIÓN,PARCELA","Ubicada en una de las zonas más privilegiadas de Madrid, dentro de una urbanización cerrada con jardines, pista de pádel, zona de aparcamiento para visitas, esta elegante vivienda ofrece un entorno único de confort y exclusividad.Sobre una parcela de 2.500 m² se alza esta señorial casa de 509 m², destacando por su imp",El Plantío,superficie_muy_alta,https://www.idealista.com/inmueble/107249503/
"Casa o chalet independiente en calle de Amorebieta, El Plantío, Madrid",2900000,1768,1640.2714932126696,7.0,0,,"Magnifica propiedad en La FloridaConstruida y diseñada en los años setenta por un reconocido arquitecto, posee la modernidad que sólo la calidad y la elegancia de las propiedades de autor saben conservar. Su inteligente diseño -pensado para la vida familiar - y la cuidada elección en los materiales le confieren la ate",El Plantío,superficie_muy_alta,https://www.idealista.com/inmueble/103994353/
"Casa o chalet independiente en Amorabieta, El Plantío, Madrid",2900000,1768,1640.2714932126696,8.0,0,"VIVIENDA,PARCELA,METRO","Beatriz Mateo-Sagasta de GV | LA FLORIDA comercializa la siguiente propiedad:En una de las mejores calles de La Florida, se encuentra esta maravillosa vivienda de 1.768 metros cuadrados construida en tres plantas, sobre una parcela de 3.222 metros cuadrados. Destacar su estructura, ofreciendo espacios abiertos, con",El Plantío,superficie_muy_alta,https://www.idealista.com/inmueble/104179896/
"Casa o chalet independiente en calle de Amorebieta, El Plantío, Madrid",2900000,1768,1640.2714932126696,8.0,0,"VIVIENDA,EXCLUSIVA,URBANIZACIÓN,PARCELA,SEGURIDAD","Fabulosa vivienda muy cuidada con majestuosa planta y gran parcela en La Florida.Localizada en La Florida, en el distrito Aravaca-Moncloa y con acceso inmediato a la A6 a escasos 10 minutos del centro de Madrid. La Florida es una exclusiva urbanización con seguridad 24 horas en una ubicación privilegiada junto al Mon",El Plantío,superficie_muy_alta,https://www.idealista.com/inmueble/103628504/
"Casa o chalet independiente en Ciudad Universitaria, Madrid",8250000,3015,2736.318407960199,10.0,0,"VIVIENDA,JARDÍN,PARCELA,METRO",David Salcedo de GV | PUERTA DE HIERRO comercializa el siguiente inmueble:Fabulosa propiedad en la Colonia Puerta de Hierro. Con una majestuosa vivienda de 3.015 metros cuadrados construida al estilo francés sobre una parcela de 4.824 metos cuadrados. Su situación es inmejorable y tiene una gran jardín consolidado co,Ciudad Universitaria,superficie_muy_alta,https://www.idealista.com/inmueble/100473157/
"Casa o chalet independiente en calle Eibar, El Plantío, Madrid",9000000,1674,5376.344086021505,9.0,0,"EXCLUSIVO,CHALET,IMPRESIONANTE,PARCELA,SEGURIDAD","En el exclusivo barrio de La Florida con seguridad 24 horas, en el distrito de Moncloa - Aravaca en Madrid, se encuentra este impresionante Chalet Independiente de arquitectura moderna con 1.674 m2 construidos, ubicado en una amplia parcela de 2.890,98 m2. Se distribuye en 4 plantas, siendo la planta sótano a pie de pa",El Plantío,superficie_muy_alta,https://www.idealista.com/inmueble/105615858/
"Casa o chalet independiente en calle Eibar, El Plantío, Madrid",9000000,1674,5376.344086021505,9.0,0,"VISTAS,LUJO,ESPECTACULAR,CHALET,URBANIZACIÓN,PARCELA,SEGURIDAD","Descubre una joya arquitectónica en una de las zonas más prestigiosas de Madrid. Este espectacular chalet independiente de 1.674 m², ubicado en una parcela de 2.869 m² dentro de una urbanización privada con seguridad 24 horas, combina lujo, confort y unas vistas privilegiadas al Monte del Pardo, Palacio de la Zarzuela",El Plantío,superficie_muy_alta,https://www.idealista.com/inmueble/106751540/
"Casa o chalet independiente en calle Eibar, El Plantío, Madrid",9000000,1674,5376.344086021505,9.0,0,"VISTAS,EXCLUSIVA,LUJO,ESPECTACULAR,CHALET,CASA,URBANIZACIÓN,MODERNO,SEGURIDAD","Magnifica casa en La Florida - AravacaEspectacular Chalet Independiente de Diseño Moderno.Ubicado en una de las zonas más exclusivas de Madrid, en el barrio de Aravaca - La Florida. Urbanización privada con seguridad 24 horas, donde se combina lujo, comodidad y unas vistas inigualables al Monte del Pardo, Palacio de",El Plantío,superficie_muy_alta,https://www.idealista.com/inmueble/106713206/
"Chalet en El Plantío, Madrid",9000000,1674,5376.344086021505,9.0,0,"VIVIENDA,TERRAZA,ESPECTACULAR,IMPRESIONANTE,JARDÍN","Lucas Fox se complace en presentar esta impresionante villa unifamiliar construida en 2012 en una zona tranquila a solo 10 minutos en coche del centro de Madrid, en La Florida. Esta vivienda se distribuye en dos plantas principales y cuenta con varias terrazas, un espectacular jardín y dos plantas adicionales.La viv",El Plantío,superficie_muy_alta,https://www.idealista.com/inmueble/106936284/
"Casa o chalet independiente en El Plantío, Madrid",9000000,1674,5376.344086021505,9.0,0,"VISTAS,EXCLUSIVO,IMPRESIONANTE,URBANIZACIÓN,PARCELA",Impresionante independiente de 1.600 m² sobre una parcela de 2.890 m² ubicado en un exclusivo recinto privado con vistas al Monte de El Pardo en La Florida.Si hay una ubicación privilegiada para vivir en un entorno natural sin igual y a la vez estar a menos de 10 minutos del centro es la prestigiosa urbanización de L,El Plantío,superficie_muy_alta,https://www.idealista.com/inmueble/106751275/
"Piso en calle de Emilio Ferrari, s/n, Pueblo Nuevo, Madrid",192000,75000,2.56,3.0,0,"VIVIENDA,INMOBILIARIA","VIVIENDA OCUPADASe admiten ofertas***SIN COMISIÓN DE AGENCIA******SOLO INVERSORES***En Magna 4 Inmobiliaria somos especialistas en inmuebles de banco, si está buscando vivienda, local, suelo.. . nosotros te acompañamos en todo el proceso y no te cobramos comisión.Activo adjudicado en subasta sin posesiónAct",Pueblo Nuevo,superficie_muy_alta;precio_m2_muy_bajo,https://www.idealista.com/inmueble/107196960/
"Chalet adosado en Palomas, Madrid",1495000,33175,45.06405425772419,7.0,0,"AMPLIO,EXCLUSIVA,OPORTUNIDAD,CHALET,REFORMAR,METRO,PAREADO","Este fantástico pareado se encuentra en Piovera, una exclusiva zona residencial del distrito de Conde Orgaz en Madrid. Con una ubicación privilegiada, esta propiedad ofrece una excelente oportunidad para reformar y lograr rentabilidad.Construido en el año 2003, este chalet de 316 metros cuadrados ofrece amplios espa",Palomas,superficie_muy_alta;precio_m2_muy_bajo,https://www.idealista.com/inmueble/106105382/
"Estudio en paseo de las Acacias, Acacias, Madrid",108000,15,7200.0,,0,"REFORMADO,EQUIPADA,AMUEBLADA,METRO,ESTUDIO","NEGOHOME MADRID, ofrece estudio reformado, de unos 15 metros construidos según catastro, en pleno paseo de las Acacias, a cinco minutos de la metro Embajadores y Pirámides.El estudio consta con cocina amueblada y equipada, baño reformado con plato de ducha y ventana. Armario empotrado y muebles.Tiene Aire acondicio",Acacias,superficie_muy_baja,https://www.idealista.com/inmueble/107146672/
"Estudio en paseo de las Acacias, Acacias, Madrid",108000,15,7200.0,,0,"OPORTUNIDAD,ESTUDIO","Presentamos un encantador y acogedor estudio en pleno corazón de Madrid, una oportunidad ideal para quienes buscan comodidad y calidad de vida.La ubicación es simplemente inmejorable, una zona que combina tranquilidad y dinamismo, con acceso a una amplia variedad de servicios. A tan solo unos pasos encontrarás farmac",Acacias,superficie_muy_baja,https://www.idealista.com/inmueble/106590649/
"Estudio en Acacias, Madrid",108000,15,7200.0,,0,"REFORMADO,EQUIPADA,AMUEBLADA,METRO,ESTUDIO","***FINANCIACIÓN HASTA EL 100%***NO COBRAMOS HONORARIOS AL COMPRADOR.Comunidad 25 € Ibi 54 €Estudio de 15m2 construidos según catastro, en pleno Paseo de las Acacias, a 5 minutos de las paradas de metro Embajadores y Pirámides.El inmueble consta de Salón-Cocina amueblada y equipada, baño reformado con plato de duch",Acacias,superficie_muy_baja,https://www.idealista.com/inmueble/107304721/
"Estudio en paseo de las Acacias, Acacias, Madrid",108000,15,7200.0,,0,"REFORMADO,EQUIPADA,AMUEBLADA,METRO,ESTUDIO","***FINANCIACIÓN HASTA EL 100%***NO COBRAMOS HONORARIOS AL COMPRADOR.Comunidad 25 € Ibi 54 €Estudio reformado, de 15m2 construidos según catastro, en pleno Paseo de las Acacias, a 5 minutos de las paradas de metro Embajadores y Pirámides.El inmueble consta de Salón-Cocina amueblada y equipada, baño reformado con pl",Acacias,superficie_muy_baja,https://www.idealista.com/inmueble/107013373/
"Piso en paseo de las Acacias, Acacias, Madrid",108000,13,8307.692307692309,1.0,0,"OPORTUNIDAD,PATIO,INTERIOR","Nueva Lega Servicios Inmobiliarios les ofrece esta fantástica oportunidad de inversión, con una rentabilidad del 7%, producto único en la zona.Aunque en el catastro está clasificado inscrito como planta semisótano, pero es como planta baja, con un patio interior muy despejado.Cuenta con doble ventana de climalit",Acacias,superficie_muy_baja,https://www.idealista.com/inmueble/107145180/
"Estudio en paseo de las Acacias, Acacias, Madrid",108000,13,8307.692307692309,,1,"REFORMADO,EQUIPADA,HOGAR,APARTAMENTO,MODERNO,FUNCIONAL,ESTUDIO","Descubre este acogedor apartamento tipo estudio en Las Acacias, Arganzuela, Madrid. Con 13 m², ha sido recientemente reformado para ofrecer un espacio moderno y funcional. Ideal para quienes buscan un hogar compacto y eficiente. El apartamento cuenta con un baño completo y una cocina equipada, perfecta para preparar tu",Acacias,superficie_muy_baja,https://www.idealista.com/inmueble/107058209/
"Estudio en paseo de las Acacias, Acacias, Madrid",108000,13,8307.692307692309,,0,"ÁTICO,OPORTUNIDAD,HOGAR,NUEVO,ESTUDIO","¡Descubre tu nuevo espacio en el vibrante corazón de Madrid! Este encantador estudio, ubicado en el emblemático paseo de las Acacias, ofrece una oportunidad única para quienes buscan su primer hogar o desean invertir en una propiedad con gran potencial. Con 13 m² construidos y 12 m² útiles, cada rincón está diseñado pa",Acacias,superficie_muy_baja,https://www.idealista.com/inmueble/106983822/
"Estudio en paseo de las Acacias, 9, Acacias, Madrid",108000,12,9000.0,,0,ESTUDIO,"Estudio completo, nevera, lavadora, cocina, baño independiente, aire acondicionado, cuatro ventanas. se alquilan en 600€/mes.",Acacias,superficie_muy_baja,https://www.idealista.com/inmueble/106681153/
"Piso en calle de la Sombrerería, Lavapiés-Embajadores, Madrid",160000,16,10000.0,1.0,0,"VIVIENDA,PISO,FUNCIONAL","¡Perfecto para inversores o como primera vivienda!ClauBruno presenta este acogedor piso en Calle de Sombrerería, Lavapiés, ideal para quienes buscan vivienda en una ubicación privilegiada.Características principales:• Superficie: 16 m².• Distribución funcional:• 1 habitación principal y un altillo habilitado com",Embajadores,superficie_muy_baja,https://www.idealista.com/inmueble/107021445/
"Piso en calle San Cosme y San Damián, Lavapiés-Embajadores, Madrid",129900,12,10825.0,1.0,0,"VIVIENDA,PISO,METRO",Si estás buscando un producto con una rentabilidad por encima del resto RED PISO ANTON MARTÍN pone a tu disposición este precioso piso a 2 minutos del Museo Reina Sofía. Cuentas con todos los servicios de comunicación con la estación de Atocha y Líneas de metro a escasos pasos del inmueble. El acceso a la vivienda no p,Embajadores,superficie_muy_baja,https://www.idealista.com/inmueble/107260880/
"Ático en calle de Juanelo, Lavapiés-Embajadores, Madrid",125000,11,11363.636363636364,,1,"OPORTUNIDAD,ESTUDIO","Estudio ubicado en el vibrante barrio de Lavapiés, oportunidad perfecta tanto para quienes buscan una residencia como para inversores o creativos que necesiten un espacio inspirador.Totalmente equipado, cuenta con aire acondicionado, cocina americana y un baño con plato de ducha. Zona de descanso (en altillo), espaci",Embajadores,superficie_muy_baja,https://www.idealista.com/inmueble/104305109/
"Ático en calle de Antonio Grilo, Malasaña-Universidad, Madrid",245000,15,16333.333333333334,1.0,1,"PISO,REFORMADO,MODERNO,FUNCIONAL","IDEAL INVERSORES, PISO EN ALTA RENTABILIDAD 6%, ALQUILADO EN MODALIDAD TEMPORAL 1.200€/MESEste encantador piso abuhardillado, recién reformado y completamente amueblado, está listo para entrar a vivir. Con un diseño moderno y funcional, cuenta con un dormitorio independiente, un baño completo y una cocina totalmente e",Universidad,superficie_muy_baja,https://www.idealista.com/inmueble/107174806/
