titulo,price_eur,area_m2,price_per_m2,habitaciones,baños,tags,descripcion,neighborhood_name_final,price_area_review_reason,Enlace,combined_text_norm,flag_occupied_or_no_possession,flag_partial_ownership,flag_auction,flag_special_transaction,flag_probable_area_error,flag_non_standard_use,recommended_action,review_notes
"Ático en calle de José Ortega y Gasset, Castellana, Madrid",8000000,330,24242.424242424244,3.0,0,"ÁTICO,LUJO,INMOBILIARIA,IMPRESIONANTE","Álvora Capital Properties, consultora inmobiliaria de alta calidad en la gestión de activos prime en Madrid, les presenta esté impresionante ático, ubicado en el corazón de la ""Milla de Oro"", a un paso de la calle Serrano y en el epicentro de las tiendas y boutiques de lujo de la Capital.Cualquiera que sepa apreciar",Castellana,precio_m2_muy_alto,https://www.idealista.com/inmueble/107198854/,"atico en calle de jose ortega y gasset, castellana, madrid atico,lujo,inmobiliaria,impresionante alvora capital properties, consultora inmobiliaria de alta calidad en la gestion de activos prime en madrid, les presenta este impresionante atico, ubicado en el corazon de la ""milla de oro"", a un paso de la calle serrano y en el epicentro de las tiendas y boutiques de lujo de la capital.cualquiera que sepa apreciar",False,False,False,False,False,False,retain_extreme_plausible,"Valor extremo, pero compatible con la descripción del inmueble."
"Ático en calle de José Ortega y Gasset, Castellana, Madrid",8000000,326,24539.877300613498,3.0,0,"TERRAZA,ÁTICO,REFORMAR",Olivares Consultores vende ático a reformar en el barrio de Salamanca. El edificio es de fachada clásica. Dispone de terraza de 44m2. Su ubicación es en la Milla de Oro de Madrid.Contáctenos para ampliar información.,Castellana,precio_m2_muy_alto,https://www.idealista.com/inmueble/107144247/,"atico en calle de jose ortega y gasset, castellana, madrid terraza,atico,reformar olivares consultores vende atico a reformar en el barrio de salamanca. el edificio es de fachada clasica. dispone de terraza de 44m2. su ubicacion es en la milla de oro de madrid.contactenos para ampliar informacion.",False,False,False,False,False,False,retain_extreme_plausible,"Valor extremo, pero compatible con la descripción del inmueble."
"Ático en Recoletos, Madrid",3990000,160,24937.5,3.0,0,"VIVIENDA,REFORMADO,ÁTICO,LUJO,ELEGANTE","Descubre la exquisitez de este increíble ático reformado, ubicado en el distinguido barrio de Recoletos. Con una distribución elegante y cuidadosamente diseñada, esta vivienda ofrece un entorno de lujo y confort.La propiedad cuenta con tres espaciosas habitaciones, cada una concebida para brindar un ambiente acogedor",Recoletos,precio_m2_muy_alto,https://www.idealista.com/inmueble/106994296/,"atico en recoletos, madrid vivienda,reformado,atico,lujo,elegante descubre la exquisitez de este increible atico reformado, ubicado en el distinguido barrio de recoletos. con una distribucion elegante y cuidadosamente disenada, esta vivienda ofrece un entorno de lujo y confort.la propiedad cuenta con tres espaciosas habitaciones, cada una concebida para brindar un ambiente acogedor",False,False,False,False,False,False,retain_extreme_plausible,"Valor extremo, pero compatible con la descripción del inmueble."
"Ático en Castellana, Madrid",8700000,330,26363.636363636364,3.0,0,"VIVIENDA,TERRAZA,AMPLIO,ÁTICO,ESPECTACULAR,REFORMADA,ESTRENAR,PRESTIGIOSO,ESTUDIO","Espectacular ático con terraza de 45 mt y orientación sur.La vivienda se vende totalmente reformada a estrenar. En este momento se encuentra en proceso de reforma, reforma que está llevando a cabo un prestigioso estudio de arquitectura con las más altas calidades.El ático dispondrá de amplio salón con acceso a la te",Castellana,precio_m2_muy_alto,https://www.idealista.com/inmueble/107152772/,"atico en castellana, madrid vivienda,terraza,amplio,atico,espectacular,reformada,estrenar,prestigioso,estudio espectacular atico con terraza de 45 mt y orientacion sur.la vivienda se vende totalmente reformada a estrenar. en este momento se encuentra en proceso de reforma, reforma que esta llevando a cabo un prestigioso estudio de arquitectura con las mas altas calidades.el atico dispondra de amplio salon con acceso a la te",False,False,False,False,False,False,retain_extreme_plausible,"Valor extremo, pero compatible con la descripción del inmueble."
"Ático en Recoletos, Madrid",5250000,160,32812.5,3.0,0,"REFORMADO,TERRAZA,ÁTICO,IMPRESIONANTE,PRESTIGIOSO,METRO","Moro Real Estate presenta este impresionante ático, recién reformado, situado en una de las zonas más codiciadas del Barrio de Salamanca, a escasos metros del prestigioso Colegio Nuestra Señora del Pilar. Este inmueble combina modernidad, amplitud y luminosidad en un entorno privilegiado.Con una gran terraza que ofre",Recoletos,precio_m2_muy_alto,https://www.idealista.com/inmueble/106137517/,"atico en recoletos, madrid reformado,terraza,atico,impresionante,prestigioso,metro moro real estate presenta este impresionante atico, recien reformado, situado en una de las zonas mas codiciadas del barrio de salamanca, a escasos metros del prestigioso colegio nuestra senora del pilar. este inmueble combina modernidad, amplitud y luminosidad en un entorno privilegiado.con una gran terraza que ofre",False,False,False,False,False,False,retain_extreme_plausible,"Valor extremo, pero compatible con la descripción del inmueble."
"Estudio en San Diego, Madrid",114500,811,141.18372379778052,,0,"PISO,FUNCIONAL","Funcional piso en Madrid, ideal para parejas. El inmueble consta de 811 m² construidos distribuidos en salón-comedor, cocina. Cuenta con todos los servicios necesarios a su alrededor, como la escuela IES Vallecas Magerit, supermercados, bancos, bibliotecas, farmacias, oficinas de correos, centros deportivos, la estació",San Diego,precio_m2_muy_bajo,https://www.idealista.com/inmueble/107028561/,"estudio en san diego, madrid piso,funcional funcional piso en madrid, ideal para parejas. el inmueble consta de 811 m2 construidos distribuidos en salon-comedor, cocina. cuenta con todos los servicios necesarios a su alrededor, como la escuela ies vallecas magerit, supermercados, bancos, bibliotecas, farmacias, oficinas de correos, centros deportivos, la estacio",False,False,False,False,True,False,exclude_probable_area_error,Superficie incompatible con el tipo de inmueble o con el precio declarado. No se corrige sin una fuente verificable.
"Piso en Entrevías, Madrid",161000,479,336.1169102296451,3.0,1,"VIVIENDA,PISO,LUMINOSO,HOGAR,FUNCIONAL","Presentamos este encantador piso de segunda mano en Madrid, ideal para familias que buscan un hogar acogedor y bien ubicado. Con una superficie de 479 m² construidos, la vivienda se distribuye en tres amplias habitaciones, un luminoso salón-comedor, una cocina funcional y un aseo. Este piso cuenta con todos los servici",Entrevías,precio_m2_muy_bajo,https://www.idealista.com/inmueble/101241888/,"piso en entrevias, madrid vivienda,piso,luminoso,hogar,funcional presentamos este encantador piso de segunda mano en madrid, ideal para familias que buscan un hogar acogedor y bien ubicado. con una superficie de 479 m2 construidos, la vivienda se distribuye en tres amplias habitaciones, un luminoso salon-comedor, una cocina funcional y un aseo. este piso cuenta con todos los servici",False,False,False,False,True,False,exclude_probable_area_error,Superficie incompatible con el tipo de inmueble o con el precio declarado. No se corrige sin una fuente verificable.
"Piso en calle de la Unanimidad, Los Rosales, Madrid",78900,103,766.0194174757281,3.0,0,"VIVIENDA,PISO","Piso de 103,76 m² situado en la provincia de Madrid. Esta vivienda de segunda mano está distribuida en varias dependencias y servicios. Dispone de buenas comunicaciones tanto por transporte público como por transporte privado. Ubicada en una zona con todo tipo de servicios alrededor. Por ello, es una opción en la que i",Los Rosales,precio_m2_muy_bajo,https://www.idealista.com/inmueble/106658093/,"piso en calle de la unanimidad, los rosales, madrid vivienda,piso piso de 103,76 m2 situado en la provincia de madrid. esta vivienda de segunda mano esta distribuida en varias dependencias y servicios. dispone de buenas comunicaciones tanto por transporte publico como por transporte privado. ubicada en una zona con todo tipo de servicios alrededor. por ello, es una opcion en la que i",False,False,False,False,False,False,retain_extreme_plausible,"Valor extremo, pero compatible con la descripción del inmueble."
"Piso en calle de Beniferri, San Cristóbal, Madrid",86300,112,770.5357142857143,3.0,0,"VIVIENDA,PISO","Vivienda piso en la calle Beniferri de Madrid. Tiene una superficie aproximada de 80 m2. - El inmueble se encuentra ocupado ilegalmente por terceros y sin los suministros debidamente contratados. El Inmueble se transmitirá: (i) como cuerpo cierto y a tanto alzado (ii) como un todo, inseparable (iii) en el estado regist",San Cristóbal,precio_m2_muy_bajo,https://www.idealista.com/inmueble/106563601/,"piso en calle de beniferri, san cristobal, madrid vivienda,piso vivienda piso en la calle beniferri de madrid. tiene una superficie aproximada de 80 m2. - el inmueble se encuentra ocupado ilegalmente por terceros y sin los suministros debidamente contratados. el inmueble se transmitira: (i) como cuerpo cierto y a tanto alzado (ii) como un todo, inseparable (iii) en el estado regist",True,False,False,True,False,False,exclude_special_transaction,Operación no comparable con una compraventa residencial convencional.
"Piso en calle de Beniferri, 32, San Cristóbal, Madrid",86300,112,770.5357142857143,3.0,0,,"*** OKUPADA, SE VENDE LA PROPIEDAD., NO L APOSESION.El inmueble se encuentra ocupado ilegalmente por terceros y sin los suministros debidamente contratados. El Inmueble se transmitirá: (i) como cuerpo cierto y a tanto alzado (ii) como un todo, inseparable (iii) en el estado registral y catastral en el que se encuentre",San Cristóbal,precio_m2_muy_bajo,https://www.idealista.com/inmueble/107151576/,"piso en calle de beniferri, 32, san cristobal, madrid *** okupada, se vende la propiedad., no l aposesion.el inmueble se encuentra ocupado ilegalmente por terceros y sin los suministros debidamente contratados. el inmueble se transmitira: (i) como cuerpo cierto y a tanto alzado (ii) como un todo, inseparable (iii) en el estado registral y catastral en el que se encuentre",True,False,False,True,False,False,exclude_special_transaction,Operación no comparable con una compraventa residencial convencional.
"Chalet pareado en calle de las Islas de Cabo Verde, Peñagrande, Madrid",190000,243,781.8930041152263,1.0,0,"VIVIENDA,CHALET","Se vende proindiviso. Únicamente se vende el 31,21 de la propiedad. Chalet adosado de dos plantas sobre rasante en el municipio de Madrid. La vivienda tiene una superficie construida total de 243 m², y está compuesta de dos plantas. La planta baja se distribuye en acceso, aparcamiento al aire libre, salón-comedor, coci",Peñagrande,precio_m2_muy_bajo,https://www.idealista.com/inmueble/107240336/,"chalet pareado en calle de las islas de cabo verde, penagrande, madrid vivienda,chalet se vende proindiviso. unicamente se vende el 31,21 de la propiedad. chalet adosado de dos plantas sobre rasante en el municipio de madrid. la vivienda tiene una superficie construida total de 243 m2, y esta compuesta de dos plantas. la planta baja se distribuye en acceso, aparcamiento al aire libre, salon-comedor, coci",False,True,False,True,False,False,exclude_special_transaction,Operación no comparable con una compraventa residencial convencional.
"Piso en calle de Cazorla, Entrevías, Madrid",77300,97,796.9072164948453,3.0,0,"PISO,OPORTUNIDAD","Oportunidad sólo para inversores. El activo se encuentra ocupado. Debido al estado ocupacional del activo, no se pueden realizar visitas al mismo. Piso de segunda mano en venta, situado en edificio residencial en el barrio de Entrevías, de la ciudad de Madrid. Cuenta con una superficie de 97,17 m² distribuidos en 3 dor",Entrevías,precio_m2_muy_bajo,https://www.idealista.com/inmueble/104888575/,"piso en calle de cazorla, entrevias, madrid piso,oportunidad oportunidad solo para inversores. el activo se encuentra ocupado. debido al estado ocupacional del activo, no se pueden realizar visitas al mismo. piso de segunda mano en venta, situado en edificio residencial en el barrio de entrevias, de la ciudad de madrid. cuenta con una superficie de 97,17 m2 distribuidos en 3 dor",True,False,False,True,False,False,exclude_special_transaction,Operación no comparable con una compraventa residencial convencional.
"Piso en Almagro, Madrid",12500000,750,16666.666666666668,5.0,0,"PISO,TERRAZA,VISTAS,EXCLUSIVO,INTERIOR","Olisson Club ofrece este exclusivo piso con una arquitectura interior muy elaborada, situado en una de las calles más distinguidas de Almagro.Se trata de una segunda planta con vistas despejadas y mucha luz, con terraza que acompaña a lo largo el bellísimo salón comedor sobre una de las calles más distinguidas de Alm",Almagro,precio_muy_alto,https://www.idealista.com/inmueble/107074597/,"piso en almagro, madrid piso,terraza,vistas,exclusivo,interior olisson club ofrece este exclusivo piso con una arquitectura interior muy elaborada, situado en una de las calles mas distinguidas de almagro.se trata de una segunda planta con vistas despejadas y mucha luz, con terraza que acompana a lo largo el bellisimo salon comedor sobre una de las calles mas distinguidas de alm",False,False,False,False,False,False,retain_extreme_plausible,"Valor extremo, pero compatible con la descripción del inmueble."
"Dúplex en plaza Marqués de Salamanca, 11, Lista, Madrid",13090000,605,21636.363636363636,5.0,0,"VIVIENDA,TERRAZA,ÁTICO,PISCINA,EXTERIOR","Ático con piscina en venta en Plaza Marqués de Salamanca 11Sup. Terraza Exterior: 171m2ÚLTIMO ÁTICO en Marqués de Salamanca 11, un edificio emblemático de Madrid, que destaca por su imponente fachada y amplitud de las viviendas.El proyecto cuenta con vigilancia 24h y servicio concierge. Lo conforman 16 viviendas",Lista,precio_muy_alto,https://www.idealista.com/inmueble/101733694/,"duplex en plaza marques de salamanca, 11, lista, madrid vivienda,terraza,atico,piscina,exterior atico con piscina en venta en plaza marques de salamanca 11sup. terraza exterior: 171m2ultimo atico en marques de salamanca 11, un edificio emblematico de madrid, que destaca por su imponente fachada y amplitud de las viviendas.el proyecto cuenta con vigilancia 24h y servicio concierge. lo conforman 16 viviendas",False,False,False,False,False,False,retain_extreme_plausible,"Valor extremo, pero compatible con la descripción del inmueble."
"Piso en Castellana, Madrid",12500000,570,21929.824561403508,5.0,0,"VIVIENDA,ÁTICO,INMOBILIARIA,HALL,IMPRESIONANTE","Álvora Capital Properties, consultora inmobiliaria de alta calidad en la gestión de activos prime en Madrid, vende impresionante vivienda en uno de los edificios de obra nueva más emblemáticos del Barrio de Salamanca. Edificio Lagasca 99La vivienda con orientación oeste (sol de tarde) se distribuye en hall, zona soci",Castellana,precio_muy_alto,https://www.idealista.com/inmueble/103340602/,"piso en castellana, madrid vivienda,atico,inmobiliaria,hall,impresionante alvora capital properties, consultora inmobiliaria de alta calidad en la gestion de activos prime en madrid, vende impresionante vivienda en uno de los edificios de obra nueva mas emblematicos del barrio de salamanca. edificio lagasca 99la vivienda con orientacion oeste (sol de tarde) se distribuye en hall, zona soci",False,False,False,False,False,False,retain_extreme_plausible,"Valor extremo, pero compatible con la descripción del inmueble."
"Piso en calle de Arrieta, Palacio, Madrid",15000000,666,22522.522522522522,10.0,0,"VIVIENDA,PISO,VISTAS,ESPECTACULAR,OPORTUNIDAD,EXTERIOR","Servicheck, le ofrece la oportunidad de comprar una vivienda unica en madridpiso en edificio exclisivo exterior con espectaculares vistas, unico en planta 666m2.",Palacio,precio_muy_alto,https://www.idealista.com/inmueble/106035767/,"piso en calle de arrieta, palacio, madrid vivienda,piso,vistas,espectacular,oportunidad,exterior servicheck, le ofrece la oportunidad de comprar una vivienda unica en madridpiso en edificio exclisivo exterior con espectaculares vistas, unico en planta 666m2.",False,False,False,False,False,False,retain_extreme_plausible,"Valor extremo, pero compatible con la descripción del inmueble."
"Casa o chalet independiente en calle de Castellón de la Plana, El Viso, Madrid",23000000,1000,23000.0,7.0,0,CASA,Lucía Suárez-Zuloaga de GV | EL VISO comercializa el siguiente inmueble:Casa en Calle Castellón de la PlanaUn porcentaje importante de nuestros inmuebles no aparecen publicados por expreso deseo de los propietarios. Para más información sobre más propiedades en esta zona entre en nuestra página web.,El Viso,precio_muy_alto,https://www.idealista.com/inmueble/107095805/,"casa o chalet independiente en calle de castellon de la plana, el viso, madrid casa lucia suarez-zuloaga de gv | el viso comercializa el siguiente inmueble:casa en calle castellon de la planaun porcentaje importante de nuestros inmuebles no aparecen publicados por expreso deseo de los propietarios. para mas informacion sobre mas propiedades en esta zona entre en nuestra pagina web.",False,False,False,False,False,False,retain_extreme_plausible,"Valor extremo, pero compatible con la descripción del inmueble."
"Ático en El Viso, Madrid",17500000,697,25107.604017216643,4.0,0,"VIVIENDA,ÁTICO,INTERIOR","Esta vivienda se concibe como un proyecto en el que la palabra exclusividad amplía su significado. Situado en la planta ático de un edificio de diseño vanguardista con líneas arquitectónicas minimalistas, empleando materiales de la máxima calidad.Interiormente, la vivienda cuenta con depuradas líneas arquitectónicas",El Viso,precio_muy_alto;precio_m2_muy_alto,https://www.idealista.com/inmueble/106795928/,"atico en el viso, madrid vivienda,atico,interior esta vivienda se concibe como un proyecto en el que la palabra exclusividad amplia su significado. situado en la planta atico de un edificio de diseno vanguardista con lineas arquitectonicas minimalistas, empleando materiales de la maxima calidad.interiormente, la vivienda cuenta con depuradas lineas arquitectonicas",False,False,False,False,False,False,retain_extreme_plausible,"Valor extremo, pero compatible con la descripción del inmueble."
"Piso en calle Velázquez, Recoletos, Madrid",13000000,425,30588.235294117647,5.0,0,"VIVIENDA,INMOBILIARIA","Álvora Capital Properties, consultora inmobiliaria de alta calidad en la gestión de activos prime en Madrid, les presenta esta maravillosa vivienda, ubicada en un magnífico edificio de fachada clásica con paso de carruajes, ascensor de jaula, escaleras de mármol y preciosas cristaleras emplomadas originales.Un edifi",Recoletos,precio_muy_alto;precio_m2_muy_alto,https://www.idealista.com/inmueble/107166409/,"piso en calle velazquez, recoletos, madrid vivienda,inmobiliaria alvora capital properties, consultora inmobiliaria de alta calidad en la gestion de activos prime en madrid, les presenta esta maravillosa vivienda, ubicada en un magnifico edificio de fachada clasica con paso de carruajes, ascensor de jaula, escaleras de marmol y preciosas cristaleras emplomadas originales.un edifi",False,False,False,False,False,False,retain_extreme_plausible,"Valor extremo, pero compatible con la descripción del inmueble."
"Piso en calle de Velázquez, Recoletos, Madrid",13000000,421,30878.859857482184,5.0,0,"VIVIENDA,PISO,REFORMADO,LUJO,ELECTRODOMÉSTICOS,CALEFACCIÓN",Olivares Consultores vende esta vivienda de lujo en el corazón del Barrio de Salamanca. Piso reformado con las mejores calidades del mercado. El piso está totalmente amueblado y con electrodomésticos. Calefacción de suelo radiante por aerotermia y aire acondicionado en toda las estancias. La distribución de la vivienda,Recoletos,precio_muy_alto;precio_m2_muy_alto,https://www.idealista.com/inmueble/106652699/,"piso en calle de velazquez, recoletos, madrid vivienda,piso,reformado,lujo,electrodomesticos,calefaccion olivares consultores vende esta vivienda de lujo en el corazon del barrio de salamanca. piso reformado con las mejores calidades del mercado. el piso esta totalmente amueblado y con electrodomesticos. calefaccion de suelo radiante por aerotermia y aire acondicionado en toda las estancias. la distribucion de la vivienda",False,False,False,False,False,False,retain_extreme_plausible,"Valor extremo, pero compatible con la descripción del inmueble."
"Piso en calle Velázquez, Recoletos, Madrid",13000000,421,30878.859857482184,5.0,0,"VIVIENDA,PISO,LUJO,ESPECTACULAR,EXCLUSIVO,INMOBILIARIA","REA Inmobiliaria presenta este exclusivo piso de lujo en Calle Velázquez, Barrio de SalamancaUbicado en una de las calles más prestigiosas del Barrio de Salamanca, este espectacular piso de 421 m² combina la elegancia de la arquitectura clásica con una reforma integral de altas calidades, ofreciendo una vivienda mode",Recoletos,precio_muy_alto;precio_m2_muy_alto,https://www.idealista.com/inmueble/107212046/,"piso en calle velazquez, recoletos, madrid vivienda,piso,lujo,espectacular,exclusivo,inmobiliaria rea inmobiliaria presenta este exclusivo piso de lujo en calle velazquez, barrio de salamancaubicado en una de las calles mas prestigiosas del barrio de salamanca, este espectacular piso de 421 m2 combina la elegancia de la arquitectura clasica con una reforma integral de altas calidades, ofreciendo una vivienda mode",False,False,False,False,False,False,retain_extreme_plausible,"Valor extremo, pero compatible con la descripción del inmueble."
"Piso en Recoletos, Madrid",13000000,421,30878.859857482184,5.0,0,"VIVIENDA,PISO,EXCLUSIVA,LUJO,ESPECTACULAR,FINCA,REFORMADA,ESTRENAR,METRO,EXTERIOR","Presentamos esta espectacular y exclusiva vivienda de lujo, exterior de 421 metros cuadrados catastrales, completamente reformada a estrenar, ubicado en una finca señorial y representativa con fachada protegida, edificada en 1.940, ubicada en la zona más cotizada y exclusiva del barrio de Salamanca - Recoletos, en la calle de Velázquez, una de las calles más exclusivas de la ciudad.Ubicado en una tercera planta, su perfecta distribución hace que cuente con grandes ventajas que hacen de este piso de lujo una opción muy atractiva, no solo por su",Recoletos,precio_muy_alto;precio_m2_muy_alto,https://www.idealista.com/inmueble/107165396/,"piso en recoletos, madrid vivienda,piso,exclusiva,lujo,espectacular,finca,reformada,estrenar,metro,exterior presentamos esta espectacular y exclusiva vivienda de lujo, exterior de 421 metros cuadrados catastrales, completamente reformada a estrenar, ubicado en una finca senorial y representativa con fachada protegida, edificada en 1.940, ubicada en la zona mas cotizada y exclusiva del barrio de salamanca - recoletos, en la calle de velazquez, una de las calles mas exclusivas de la ciudad.ubicado en una tercera planta, su perfecta distribucion hace que cuente con grandes ventajas que hacen de este piso de lujo una opcion muy atractiva, no solo por su",False,False,False,False,False,False,retain_extreme_plausible,"Valor extremo, pero compatible con la descripción del inmueble."
"Piso en Recoletos, Madrid",13000000,421,30878.859857482184,5.0,0,"VIVIENDA,PISO,REFORMADO,EXCLUSIVA,LUJO,ESPECTACULAR,EXTERIOR",Olisson Club pone a su disposición esta espectacular vivienda de lujo ubicada en una de las zonas más exclusivas de Recoletos.La vivienda de 421m2 se encuentra en una tercera planta exterior con orientación Este y destaca por la amplitud de todas sus estancias y la calidad de su reforma. El piso está recién reformado,Recoletos,precio_muy_alto;precio_m2_muy_alto,https://www.idealista.com/inmueble/106771279/,"piso en recoletos, madrid vivienda,piso,reformado,exclusiva,lujo,espectacular,exterior olisson club pone a su disposicion esta espectacular vivienda de lujo ubicada en una de las zonas mas exclusivas de recoletos.la vivienda de 421m2 se encuentra en una tercera planta exterior con orientacion este y destaca por la amplitud de todas sus estancias y la calidad de su reforma. el piso esta recien reformado",False,False,False,False,False,False,retain_extreme_plausible,"Valor extremo, pero compatible con la descripción del inmueble."
"Ático en plaza de la Independencia, Jerónimos, Madrid",18000000,535,33644.85981308411,7.0,0,"PISO,ÁTICO,EXCLUSIVA,LUJO,ESPECTACULAR,PARQUE,METRO","smyhome presenta!Este espectacular piso de lujo, ubicado en una de las zonas más exclusivas de Madrid, ofrece una experiencia residencial única a solo unos pasos del emblemático Parque del Retiro y la icónica Puerta de Alcalá. Con una superficie de 535 metros cuadrados, este inmueble combina la elegancia de un edific",Los Jerónimos,precio_muy_alto;precio_m2_muy_alto,https://www.idealista.com/inmueble/105924056/,"atico en plaza de la independencia, jeronimos, madrid piso,atico,exclusiva,lujo,espectacular,parque,metro smyhome presenta!este espectacular piso de lujo, ubicado en una de las zonas mas exclusivas de madrid, ofrece una experiencia residencial unica a solo unos pasos del emblematico parque del retiro y la iconica puerta de alcala. con una superficie de 535 metros cuadrados, este inmueble combina la elegancia de un edific",False,False,False,False,False,False,retain_extreme_plausible,"Valor extremo, pero compatible con la descripción del inmueble."
"Piso en calle de San Dalmacio, Villaverde Alto, Madrid",49900,61,818.0327868852459,2.0,0,"VIVIENDA,PISO","Vivienda piso situado en un edificio residencial en la zona de San Cristóbal, en la ciudad de Madrid. - El inmueble se encuentra ocupado ilegalmente por terceros y sin los suministros debidamente contratados. El Inmueble se transmitirá: (i) como cuerpo cierto y a tanto alzado (ii) como un todo, inseparable (iii) en el",Villaverde Alto - Casco Histórico de Villaverde,precio_muy_bajo,https://www.idealista.com/inmueble/104824996/,"piso en calle de san dalmacio, villaverde alto, madrid vivienda,piso vivienda piso situado en un edificio residencial en la zona de san cristobal, en la ciudad de madrid. - el inmueble se encuentra ocupado ilegalmente por terceros y sin los suministros debidamente contratados. el inmueble se transmitira: (i) como cuerpo cierto y a tanto alzado (ii) como un todo, inseparable (iii) en el",True,False,False,True,False,False,exclude_special_transaction,Operación no comparable con una compraventa residencial convencional.
"Piso en calle de San Dalmacio, Villaverde Alto, Madrid",49900,60,831.6666666666666,3.0,0,,"*OKUPADA OKUPADA*, SE VENDE LA PROPIEDAD Y EL COMPRADOR SE ENCARGA DE RECUPERA LAS LLAVES, PACÍFICAMENTE O POR EL JUZGADO. ZONA VILLAVERDEEl inmueble se encuentra ocupado ilegalmente por terceros y sin los suministros debidamente contratados. El Inmueble se transmitirá: (i) como cuerpo cierto y a tanto alzado (ii) co",Villaverde Alto - Casco Histórico de Villaverde,precio_muy_bajo,https://www.idealista.com/inmueble/36146834/,"piso en calle de san dalmacio, villaverde alto, madrid *okupada okupada*, se vende la propiedad y el comprador se encarga de recupera las llaves, pacificamente o por el juzgado. zona villaverdeel inmueble se encuentra ocupado ilegalmente por terceros y sin los suministros debidamente contratados. el inmueble se transmitira: (i) como cuerpo cierto y a tanto alzado (ii) co",True,False,False,True,False,False,exclude_special_transaction,Operación no comparable con una compraventa residencial convencional.
"Piso en calle Concepción de la Oliva, s/n, Butarque, Madrid",54000,54,1000.0,1.0,0,OPORTUNIDAD,"OPORTUNIDAD INMUEBLE SIN POSESIÓN, NO SE PUEDE VISITAR, PROPIO PARA INVERSORES O VECINOS QUE CONOZCAN EL INMUEBLE.Disponemos de una amplia cartera de inmuebles sin posesión en Madrid y en toda España, PROPIO PEQUEÑO Y GRAN INVERSOR.Madrid es un municipio y una ciudad de España.La localidad, con categoría histórica",Butarque,precio_muy_bajo,https://www.idealista.com/inmueble/105751198/,"piso en calle concepcion de la oliva, s/n, butarque, madrid oportunidad oportunidad inmueble sin posesion, no se puede visitar, propio para inversores o vecinos que conozcan el inmueble.disponemos de una amplia cartera de inmuebles sin posesion en madrid y en toda espana, propio pequeno y gran inversor.madrid es un municipio y una ciudad de espana.la localidad, con categoria historica",True,False,False,True,False,False,exclude_special_transaction,Operación no comparable con una compraventa residencial convencional.
"Piso en calle Del Puerto de Panticosa, 6, Numancia, Madrid",35000,20,1750.0,2.0,0,"CASA,REFORMAR","casa baja 2 habitaciones, para reformar. Se puede utilizar de local o trastero.",Numancia,precio_muy_bajo,https://www.idealista.com/inmueble/99812663/,"piso en calle del puerto de panticosa, 6, numancia, madrid casa,reformar casa baja 2 habitaciones, para reformar. se puede utilizar de local o trastero.",False,False,False,False,False,True,review_non_standard_use,El anuncio indica un posible uso distinto del residencial.
"Piso en calle Emilio Raboso, San Diego, Madrid",52400,27,1940.7407407407406,1.0,0,"VIVIENDA,PISO,OPORTUNIDAD","Oportunidad sólo para inversores. El activo se encuentra ocupado por persona sin justo título. Debido al estado ocupacional del activo, no se pueden realizar visitas al mismo.Piso de segunda mano en venta en Madrid.Se trata de un piso de 28 m² distribuidos en varias estancias. La vivienda se sitúa en el núcleo de la po",San Diego,precio_muy_bajo,https://www.idealista.com/inmueble/104891274/,"piso en calle emilio raboso, san diego, madrid vivienda,piso,oportunidad oportunidad solo para inversores. el activo se encuentra ocupado por persona sin justo titulo. debido al estado ocupacional del activo, no se pueden realizar visitas al mismo.piso de segunda mano en venta en madrid.se trata de un piso de 28 m2 distribuidos en varias estancias. la vivienda se situa en el nucleo de la po",True,False,False,True,False,False,exclude_special_transaction,Operación no comparable con una compraventa residencial convencional.
"Piso en calle de Sierra Elvira, 32, Numancia, Madrid",50000,22,2272.7272727272725,1.0,1,"PISO,PARQUE","Piso de segunda mano a la venta situado en la ciudad de Madrid. Cuenta con una superficie de 22 m² que se distribuye en cocina, 1 dormitorio y 1 baño. Se encuentra en la zona de Numancia y próximo de centros educativos, centro de salud y de varios parques como el Parque de Sierra Elvira, Área de entrenamiento físico y",Numancia,precio_muy_bajo,https://www.idealista.com/inmueble/107287342/,"piso en calle de sierra elvira, 32, numancia, madrid piso,parque piso de segunda mano a la venta situado en la ciudad de madrid. cuenta con una superficie de 22 m2 que se distribuye en cocina, 1 dormitorio y 1 bano. se encuentra en la zona de numancia y proximo de centros educativos, centro de salud y de varios parques como el parque de sierra elvira, area de entrenamiento fisico y",False,False,False,False,False,False,retain_extreme_plausible,"Valor extremo, pero compatible con la descripción del inmueble."
"Piso en calle de Sierra Elvira, 32, Numancia, Madrid",50000,22,2272.7272727272725,1.0,1,"PISO,PARQUE","Piso de segunda mano a la venta situado en la ciudad de Madrid. Cuenta con una superficie de 22 m² que se distribuye en cocina, 1 dormitorio y 1 baño. Se encuentra en la zona de Numancia y próximo de centros educativos, centro de salud y de varios parques como el Parque de Sierra Elvira, Área de entrenamiento físico y",Numancia,precio_muy_bajo,https://www.idealista.com/inmueble/81408177/,"piso en calle de sierra elvira, 32, numancia, madrid piso,parque piso de segunda mano a la venta situado en la ciudad de madrid. cuenta con una superficie de 22 m2 que se distribuye en cocina, 1 dormitorio y 1 bano. se encuentra en la zona de numancia y proximo de centros educativos, centro de salud y de varios parques como el parque de sierra elvira, area de entrenamiento fisico y",False,False,False,False,False,False,retain_extreme_plausible,"Valor extremo, pero compatible con la descripción del inmueble."
"Piso en calle Marmolistas, Arcos, Madrid",12000,61,196.72131147540983,2.0,0,VIVIENDA,"PROINDIVISO. Se vende SOLO una parte de la propiedad (16,67) y no se tiene acceso a la vivienda porque está habitada por otros copropietarios. Esta situada en una planta baja en un edificio de 4 plantas, siendo solo 2 vecinos por planta, en la calle Marmolistas, en el municipio y provincia de Madrid. La zona está conso",Arcos,precio_muy_bajo;precio_m2_muy_bajo,https://www.idealista.com/inmueble/107240309/,"piso en calle marmolistas, arcos, madrid vivienda proindiviso. se vende solo una parte de la propiedad (16,67) y no se tiene acceso a la vivienda porque esta habitada por otros copropietarios. esta situada en una planta baja en un edificio de 4 plantas, siendo solo 2 vecinos por planta, en la calle marmolistas, en el municipio y provincia de madrid. la zona esta conso",False,True,False,True,False,False,exclude_special_transaction,Operación no comparable con una compraventa residencial convencional.
"Piso en calle Marmolistas, Arcos, Madrid",12000,61,196.72131147540983,2.0,0,VIVIENDA,"PROINDIVISO. Se vende SOLO una parte de la propiedad (16,67) y no se tiene acceso a la vivienda porque está habitada por otros copropietarios. Esta situada en una planta baja en un edificio de 4 plantas, siendo solo 2 vecinos por planta, en la calle Marmolistas, en el municipio y provincia de Madrid. La zona está conso",Arcos,precio_muy_bajo;precio_m2_muy_bajo,https://www.idealista.com/inmueble/106859553/,"piso en calle marmolistas, arcos, madrid vivienda proindiviso. se vende solo una parte de la propiedad (16,67) y no se tiene acceso a la vivienda porque esta habitada por otros copropietarios. esta situada en una planta baja en un edificio de 4 plantas, siendo solo 2 vecinos por planta, en la calle marmolistas, en el municipio y provincia de madrid. la zona esta conso",False,True,False,True,False,False,exclude_special_transaction,Operación no comparable con una compraventa residencial convencional.
"Piso en calle del Pico Cebollera, San Diego, Madrid",33500,51,656.8627450980392,1.0,0,"VIVIENDA,PISO,OPORTUNIDAD,INTERIOR","¡OPORTUNIDAD VENTA SIN POSESIÓN! El inmueble no se puede visitar interiormente.Este tipo de compra no admite hipoteca. LEA LAS CONDICIONES a continuación.Magnífica oportunidad de piso situado en Madrid, con una inmensa variedad de servicios, tanto de ocio como de necesidad a su alrededor.La vivienda tiene una supe",San Diego,precio_muy_bajo;precio_m2_muy_bajo,https://www.idealista.com/inmueble/106987531/,"piso en calle del pico cebollera, san diego, madrid vivienda,piso,oportunidad,interior oportunidad venta sin posesion! el inmueble no se puede visitar interiormente.este tipo de compra no admite hipoteca. lea las condiciones a continuacion.magnifica oportunidad de piso situado en madrid, con una inmensa variedad de servicios, tanto de ocio como de necesidad a su alrededor.la vivienda tiene una supe",True,False,False,True,False,False,exclude_special_transaction,Operación no comparable con una compraventa residencial convencional.
"Casa o chalet independiente en El Plantío, Madrid",2500000,2500,1000.0,4.0,0,"VIVIENDA,ELEGANTE,CASA,URBANIZACIÓN,PARCELA","Ubicada en una de las zonas más privilegiadas de Madrid, dentro de una urbanización cerrada con jardines, pista de pádel, zona de aparcamiento para visitas, esta elegante vivienda ofrece un entorno único de confort y exclusividad.Sobre una parcela de 2.500 m² se alza esta señorial casa de 509 m², destacando por su imp",El Plantío,superficie_muy_alta,https://www.idealista.com/inmueble/107249503/,"casa o chalet independiente en el plantio, madrid vivienda,elegante,casa,urbanizacion,parcela ubicada en una de las zonas mas privilegiadas de madrid, dentro de una urbanizacion cerrada con jardines, pista de padel, zona de aparcamiento para visitas, esta elegante vivienda ofrece un entorno unico de confort y exclusividad.sobre una parcela de 2.500 m2 se alza esta senorial casa de 509 m2, destacando por su imp",False,False,False,False,False,False,retain_extreme_plausible,"Valor extremo, pero compatible con la descripción del inmueble."
"Casa o chalet independiente en calle de Amorebieta, El Plantío, Madrid",2900000,1768,1640.2714932126696,7.0,0,,"Magnifica propiedad en La FloridaConstruida y diseñada en los años setenta por un reconocido arquitecto, posee la modernidad que sólo la calidad y la elegancia de las propiedades de autor saben conservar. Su inteligente diseño -pensado para la vida familiar - y la cuidada elección en los materiales le confieren la ate",El Plantío,superficie_muy_alta,https://www.idealista.com/inmueble/103994353/,"casa o chalet independiente en calle de amorebieta, el plantio, madrid magnifica propiedad en la floridaconstruida y disenada en los anos setenta por un reconocido arquitecto, posee la modernidad que solo la calidad y la elegancia de las propiedades de autor saben conservar. su inteligente diseno -pensado para la vida familiar - y la cuidada eleccion en los materiales le confieren la ate",False,False,False,False,False,False,retain_extreme_plausible,"Valor extremo, pero compatible con la descripción del inmueble."
"Casa o chalet independiente en Amorabieta, El Plantío, Madrid",2900000,1768,1640.2714932126696,8.0,0,"VIVIENDA,PARCELA,METRO","Beatriz Mateo-Sagasta de GV | LA FLORIDA comercializa la siguiente propiedad:En una de las mejores calles de La Florida, se encuentra esta maravillosa vivienda de 1.768 metros cuadrados construida en tres plantas, sobre una parcela de 3.222 metros cuadrados. Destacar su estructura, ofreciendo espacios abiertos, con",El Plantío,superficie_muy_alta,https://www.idealista.com/inmueble/104179896/,"casa o chalet independiente en amorabieta, el plantio, madrid vivienda,parcela,metro beatriz mateo-sagasta de gv | la florida comercializa la siguiente propiedad:en una de las mejores calles de la florida, se encuentra esta maravillosa vivienda de 1.768 metros cuadrados construida en tres plantas, sobre una parcela de 3.222 metros cuadrados. destacar su estructura, ofreciendo espacios abiertos, con",False,False,False,False,False,False,retain_extreme_plausible,"Valor extremo, pero compatible con la descripción del inmueble."
"Casa o chalet independiente en calle de Amorebieta, El Plantío, Madrid",2900000,1768,1640.2714932126696,8.0,0,"VIVIENDA,EXCLUSIVA,URBANIZACIÓN,PARCELA,SEGURIDAD","Fabulosa vivienda muy cuidada con majestuosa planta y gran parcela en La Florida.Localizada en La Florida, en el distrito Aravaca-Moncloa y con acceso inmediato a la A6 a escasos 10 minutos del centro de Madrid. La Florida es una exclusiva urbanización con seguridad 24 horas en una ubicación privilegiada junto al Mon",El Plantío,superficie_muy_alta,https://www.idealista.com/inmueble/103628504/,"casa o chalet independiente en calle de amorebieta, el plantio, madrid vivienda,exclusiva,urbanizacion,parcela,seguridad fabulosa vivienda muy cuidada con majestuosa planta y gran parcela en la florida.localizada en la florida, en el distrito aravaca-moncloa y con acceso inmediato a la a6 a escasos 10 minutos del centro de madrid. la florida es una exclusiva urbanizacion con seguridad 24 horas en una ubicacion privilegiada junto al mon",False,False,False,False,False,False,retain_extreme_plausible,"Valor extremo, pero compatible con la descripción del inmueble."
"Casa o chalet independiente en Ciudad Universitaria, Madrid",8250000,3015,2736.318407960199,10.0,0,"VIVIENDA,JARDÍN,PARCELA,METRO",David Salcedo de GV | PUERTA DE HIERRO comercializa el siguiente inmueble:Fabulosa propiedad en la Colonia Puerta de Hierro. Con una majestuosa vivienda de 3.015 metros cuadrados construida al estilo francés sobre una parcela de 4.824 metos cuadrados. Su situación es inmejorable y tiene una gran jardín consolidado co,Ciudad Universitaria,superficie_muy_alta,https://www.idealista.com/inmueble/100473157/,"casa o chalet independiente en ciudad universitaria, madrid vivienda,jardin,parcela,metro david salcedo de gv | puerta de hierro comercializa el siguiente inmueble:fabulosa propiedad en la colonia puerta de hierro. con una majestuosa vivienda de 3.015 metros cuadrados construida al estilo frances sobre una parcela de 4.824 metos cuadrados. su situacion es inmejorable y tiene una gran jardin consolidado co",False,False,False,False,False,False,retain_extreme_plausible,"Valor extremo, pero compatible con la descripción del inmueble."
"Casa o chalet independiente en calle Eibar, El Plantío, Madrid",9000000,1674,5376.344086021505,9.0,0,"EXCLUSIVO,CHALET,IMPRESIONANTE,PARCELA,SEGURIDAD","En el exclusivo barrio de La Florida con seguridad 24 horas, en el distrito de Moncloa - Aravaca en Madrid, se encuentra este impresionante Chalet Independiente de arquitectura moderna con 1.674 m2 construidos, ubicado en una amplia parcela de 2.890,98 m2. Se distribuye en 4 plantas, siendo la planta sótano a pie de pa",El Plantío,superficie_muy_alta,https://www.idealista.com/inmueble/105615858/,"casa o chalet independiente en calle eibar, el plantio, madrid exclusivo,chalet,impresionante,parcela,seguridad en el exclusivo barrio de la florida con seguridad 24 horas, en el distrito de moncloa - aravaca en madrid, se encuentra este impresionante chalet independiente de arquitectura moderna con 1.674 m2 construidos, ubicado en una amplia parcela de 2.890,98 m2. se distribuye en 4 plantas, siendo la planta sotano a pie de pa",False,False,False,False,False,False,retain_extreme_plausible,"Valor extremo, pero compatible con la descripción del inmueble."
"Casa o chalet independiente en calle Eibar, El Plantío, Madrid",9000000,1674,5376.344086021505,9.0,0,"VISTAS,LUJO,ESPECTACULAR,CHALET,URBANIZACIÓN,PARCELA,SEGURIDAD","Descubre una joya arquitectónica en una de las zonas más prestigiosas de Madrid. Este espectacular chalet independiente de 1.674 m², ubicado en una parcela de 2.869 m² dentro de una urbanización privada con seguridad 24 horas, combina lujo, confort y unas vistas privilegiadas al Monte del Pardo, Palacio de la Zarzuela",El Plantío,superficie_muy_alta,https://www.idealista.com/inmueble/106751540/,"casa o chalet independiente en calle eibar, el plantio, madrid vistas,lujo,espectacular,chalet,urbanizacion,parcela,seguridad descubre una joya arquitectonica en una de las zonas mas prestigiosas de madrid. este espectacular chalet independiente de 1.674 m2, ubicado en una parcela de 2.869 m2 dentro de una urbanizacion privada con seguridad 24 horas, combina lujo, confort y unas vistas privilegiadas al monte del pardo, palacio de la zarzuela",False,False,False,False,False,False,retain_extreme_plausible,"Valor extremo, pero compatible con la descripción del inmueble."
"Casa o chalet independiente en calle Eibar, El Plantío, Madrid",9000000,1674,5376.344086021505,9.0,0,"VISTAS,EXCLUSIVA,LUJO,ESPECTACULAR,CHALET,CASA,URBANIZACIÓN,MODERNO,SEGURIDAD","Magnifica casa en La Florida - AravacaEspectacular Chalet Independiente de Diseño Moderno.Ubicado en una de las zonas más exclusivas de Madrid, en el barrio de Aravaca - La Florida. Urbanización privada con seguridad 24 horas, donde se combina lujo, comodidad y unas vistas inigualables al Monte del Pardo, Palacio de",El Plantío,superficie_muy_alta,https://www.idealista.com/inmueble/106713206/,"casa o chalet independiente en calle eibar, el plantio, madrid vistas,exclusiva,lujo,espectacular,chalet,casa,urbanizacion,moderno,seguridad magnifica casa en la florida - aravacaespectacular chalet independiente de diseno moderno.ubicado en una de las zonas mas exclusivas de madrid, en el barrio de aravaca - la florida. urbanizacion privada con seguridad 24 horas, donde se combina lujo, comodidad y unas vistas inigualables al monte del pardo, palacio de",False,False,False,False,False,False,retain_extreme_plausible,"Valor extremo, pero compatible con la descripción del inmueble."
"Chalet en El Plantío, Madrid",9000000,1674,5376.344086021505,9.0,0,"VIVIENDA,TERRAZA,ESPECTACULAR,IMPRESIONANTE,JARDÍN","Lucas Fox se complace en presentar esta impresionante villa unifamiliar construida en 2012 en una zona tranquila a solo 10 minutos en coche del centro de Madrid, en La Florida. Esta vivienda se distribuye en dos plantas principales y cuenta con varias terrazas, un espectacular jardín y dos plantas adicionales.La viv",El Plantío,superficie_muy_alta,https://www.idealista.com/inmueble/106936284/,"chalet en el plantio, madrid vivienda,terraza,espectacular,impresionante,jardin lucas fox se complace en presentar esta impresionante villa unifamiliar construida en 2012 en una zona tranquila a solo 10 minutos en coche del centro de madrid, en la florida. esta vivienda se distribuye en dos plantas principales y cuenta con varias terrazas, un espectacular jardin y dos plantas adicionales.la viv",False,False,False,False,False,False,retain_extreme_plausible,"Valor extremo, pero compatible con la descripción del inmueble."
"Casa o chalet independiente en El Plantío, Madrid",9000000,1674,5376.344086021505,9.0,0,"VISTAS,EXCLUSIVO,IMPRESIONANTE,URBANIZACIÓN,PARCELA",Impresionante independiente de 1.600 m² sobre una parcela de 2.890 m² ubicado en un exclusivo recinto privado con vistas al Monte de El Pardo en La Florida.Si hay una ubicación privilegiada para vivir en un entorno natural sin igual y a la vez estar a menos de 10 minutos del centro es la prestigiosa urbanización de L,El Plantío,superficie_muy_alta,https://www.idealista.com/inmueble/106751275/,"casa o chalet independiente en el plantio, madrid vistas,exclusivo,impresionante,urbanizacion,parcela impresionante independiente de 1.600 m2 sobre una parcela de 2.890 m2 ubicado en un exclusivo recinto privado con vistas al monte de el pardo en la florida.si hay una ubicacion privilegiada para vivir en un entorno natural sin igual y a la vez estar a menos de 10 minutos del centro es la prestigiosa urbanizacion de l",False,False,False,False,False,False,retain_extreme_plausible,"Valor extremo, pero compatible con la descripción del inmueble."
"Piso en calle de Emilio Ferrari, s/n, Pueblo Nuevo, Madrid",192000,75000,2.56,3.0,0,"VIVIENDA,INMOBILIARIA","VIVIENDA OCUPADASe admiten ofertas***SIN COMISIÓN DE AGENCIA******SOLO INVERSORES***En Magna 4 Inmobiliaria somos especialistas en inmuebles de banco, si está buscando vivienda, local, suelo.. . nosotros te acompañamos en todo el proceso y no te cobramos comisión.Activo adjudicado en subasta sin posesiónAct",Pueblo Nuevo,superficie_muy_alta;precio_m2_muy_bajo,https://www.idealista.com/inmueble/107196960/,"piso en calle de emilio ferrari, s/n, pueblo nuevo, madrid vivienda,inmobiliaria vivienda ocupadase admiten ofertas***sin comision de agencia******solo inversores***en magna 4 inmobiliaria somos especialistas en inmuebles de banco, si esta buscando vivienda, local, suelo.. . nosotros te acompanamos en todo el proceso y no te cobramos comision.activo adjudicado en subasta sin posesionact",True,False,True,True,True,False,exclude_probable_area_error,Superficie incompatible con el tipo de inmueble o con el precio declarado. No se corrige sin una fuente verificable.
"Chalet adosado en Palomas, Madrid",1495000,33175,45.06405425772419,7.0,0,"AMPLIO,EXCLUSIVA,OPORTUNIDAD,CHALET,REFORMAR,METRO,PAREADO","Este fantástico pareado se encuentra en Piovera, una exclusiva zona residencial del distrito de Conde Orgaz en Madrid. Con una ubicación privilegiada, esta propiedad ofrece una excelente oportunidad para reformar y lograr rentabilidad.Construido en el año 2003, este chalet de 316 metros cuadrados ofrece amplios espa",Palomas,superficie_muy_alta;precio_m2_muy_bajo,https://www.idealista.com/inmueble/106105382/,"chalet adosado en palomas, madrid amplio,exclusiva,oportunidad,chalet,reformar,metro,pareado este fantastico pareado se encuentra en piovera, una exclusiva zona residencial del distrito de conde orgaz en madrid. con una ubicacion privilegiada, esta propiedad ofrece una excelente oportunidad para reformar y lograr rentabilidad.construido en el ano 2003, este chalet de 316 metros cuadrados ofrece amplios espa",False,False,False,False,True,False,exclude_probable_area_error,Superficie incompatible con el tipo de inmueble o con el precio declarado. No se corrige sin una fuente verificable.
"Estudio en paseo de las Acacias, Acacias, Madrid",108000,15,7200.0,,0,"REFORMADO,EQUIPADA,AMUEBLADA,METRO,ESTUDIO","NEGOHOME MADRID, ofrece estudio reformado, de unos 15 metros construidos según catastro, en pleno paseo de las Acacias, a cinco minutos de la metro Embajadores y Pirámides.El estudio consta con cocina amueblada y equipada, baño reformado con plato de ducha y ventana. Armario empotrado y muebles.Tiene Aire acondicio",Acacias,superficie_muy_baja,https://www.idealista.com/inmueble/107146672/,"estudio en paseo de las acacias, acacias, madrid reformado,equipada,amueblada,metro,estudio negohome madrid, ofrece estudio reformado, de unos 15 metros construidos segun catastro, en pleno paseo de las acacias, a cinco minutos de la metro embajadores y piramides.el estudio consta con cocina amueblada y equipada, bano reformado con plato de ducha y ventana. armario empotrado y muebles.tiene aire acondicio",False,False,False,False,False,False,retain_extreme_plausible,"Valor extremo, pero compatible con la descripción del inmueble."
"Estudio en paseo de las Acacias, Acacias, Madrid",108000,15,7200.0,,0,"OPORTUNIDAD,ESTUDIO","Presentamos un encantador y acogedor estudio en pleno corazón de Madrid, una oportunidad ideal para quienes buscan comodidad y calidad de vida.La ubicación es simplemente inmejorable, una zona que combina tranquilidad y dinamismo, con acceso a una amplia variedad de servicios. A tan solo unos pasos encontrarás farmac",Acacias,superficie_muy_baja,https://www.idealista.com/inmueble/106590649/,"estudio en paseo de las acacias, acacias, madrid oportunidad,estudio presentamos un encantador y acogedor estudio en pleno corazon de madrid, una oportunidad ideal para quienes buscan comodidad y calidad de vida.la ubicacion es simplemente inmejorable, una zona que combina tranquilidad y dinamismo, con acceso a una amplia variedad de servicios. a tan solo unos pasos encontraras farmac",False,False,False,False,False,False,retain_extreme_plausible,"Valor extremo, pero compatible con la descripción del inmueble."
"Estudio en Acacias, Madrid",108000,15,7200.0,,0,"REFORMADO,EQUIPADA,AMUEBLADA,METRO,ESTUDIO","***FINANCIACIÓN HASTA EL 100%***NO COBRAMOS HONORARIOS AL COMPRADOR.Comunidad 25 € Ibi 54 €Estudio de 15m2 construidos según catastro, en pleno Paseo de las Acacias, a 5 minutos de las paradas de metro Embajadores y Pirámides.El inmueble consta de Salón-Cocina amueblada y equipada, baño reformado con plato de duch",Acacias,superficie_muy_baja,https://www.idealista.com/inmueble/107304721/,"estudio en acacias, madrid reformado,equipada,amueblada,metro,estudio ***financiacion hasta el 100%***no cobramos honorarios al comprador.comunidad 25 ibi 54 estudio de 15m2 construidos segun catastro, en pleno paseo de las acacias, a 5 minutos de las paradas de metro embajadores y piramides.el inmueble consta de salon-cocina amueblada y equipada, bano reformado con plato de duch",False,False,False,False,False,False,retain_extreme_plausible,"Valor extremo, pero compatible con la descripción del inmueble."
"Estudio en paseo de las Acacias, Acacias, Madrid",108000,15,7200.0,,0,"REFORMADO,EQUIPADA,AMUEBLADA,METRO,ESTUDIO","***FINANCIACIÓN HASTA EL 100%***NO COBRAMOS HONORARIOS AL COMPRADOR.Comunidad 25 € Ibi 54 €Estudio reformado, de 15m2 construidos según catastro, en pleno Paseo de las Acacias, a 5 minutos de las paradas de metro Embajadores y Pirámides.El inmueble consta de Salón-Cocina amueblada y equipada, baño reformado con pl",Acacias,superficie_muy_baja,https://www.idealista.com/inmueble/107013373/,"estudio en paseo de las acacias, acacias, madrid reformado,equipada,amueblada,metro,estudio ***financiacion hasta el 100%***no cobramos honorarios al comprador.comunidad 25 ibi 54 estudio reformado, de 15m2 construidos segun catastro, en pleno paseo de las acacias, a 5 minutos de las paradas de metro embajadores y piramides.el inmueble consta de salon-cocina amueblada y equipada, bano reformado con pl",False,False,False,False,False,False,retain_extreme_plausible,"Valor extremo, pero compatible con la descripción del inmueble."
"Piso en paseo de las Acacias, Acacias, Madrid",108000,13,8307.692307692309,1.0,0,"OPORTUNIDAD,PATIO,INTERIOR","Nueva Lega Servicios Inmobiliarios les ofrece esta fantástica oportunidad de inversión, con una rentabilidad del 7%, producto único en la zona.Aunque en el catastro está clasificado inscrito como planta semisótano, pero es como planta baja, con un patio interior muy despejado.Cuenta con doble ventana de climalit",Acacias,superficie_muy_baja,https://www.idealista.com/inmueble/107145180/,"piso en paseo de las acacias, acacias, madrid oportunidad,patio,interior nueva lega servicios inmobiliarios les ofrece esta fantastica oportunidad de inversion, con una rentabilidad del 7%, producto unico en la zona.aunque en el catastro esta clasificado inscrito como planta semisotano, pero es como planta baja, con un patio interior muy despejado.cuenta con doble ventana de climalit",False,False,False,False,False,False,retain_extreme_plausible,"Valor extremo, pero compatible con la descripción del inmueble."
"Estudio en paseo de las Acacias, Acacias, Madrid",108000,13,8307.692307692309,,1,"REFORMADO,EQUIPADA,HOGAR,APARTAMENTO,MODERNO,FUNCIONAL,ESTUDIO","Descubre este acogedor apartamento tipo estudio en Las Acacias, Arganzuela, Madrid. Con 13 m², ha sido recientemente reformado para ofrecer un espacio moderno y funcional. Ideal para quienes buscan un hogar compacto y eficiente. El apartamento cuenta con un baño completo y una cocina equipada, perfecta para preparar tu",Acacias,superficie_muy_baja,https://www.idealista.com/inmueble/107058209/,"estudio en paseo de las acacias, acacias, madrid reformado,equipada,hogar,apartamento,moderno,funcional,estudio descubre este acogedor apartamento tipo estudio en las acacias, arganzuela, madrid. con 13 m2, ha sido recientemente reformado para ofrecer un espacio moderno y funcional. ideal para quienes buscan un hogar compacto y eficiente. el apartamento cuenta con un bano completo y una cocina equipada, perfecta para preparar tu",False,False,False,False,False,False,retain_extreme_plausible,"Valor extremo, pero compatible con la descripción del inmueble."
"Estudio en paseo de las Acacias, Acacias, Madrid",108000,13,8307.692307692309,,0,"ÁTICO,OPORTUNIDAD,HOGAR,NUEVO,ESTUDIO","¡Descubre tu nuevo espacio en el vibrante corazón de Madrid! Este encantador estudio, ubicado en el emblemático paseo de las Acacias, ofrece una oportunidad única para quienes buscan su primer hogar o desean invertir en una propiedad con gran potencial. Con 13 m² construidos y 12 m² útiles, cada rincón está diseñado pa",Acacias,superficie_muy_baja,https://www.idealista.com/inmueble/106983822/,"estudio en paseo de las acacias, acacias, madrid atico,oportunidad,hogar,nuevo,estudio descubre tu nuevo espacio en el vibrante corazon de madrid! este encantador estudio, ubicado en el emblematico paseo de las acacias, ofrece una oportunidad unica para quienes buscan su primer hogar o desean invertir en una propiedad con gran potencial. con 13 m2 construidos y 12 m2 utiles, cada rincon esta disenado pa",False,False,False,False,False,False,retain_extreme_plausible,"Valor extremo, pero compatible con la descripción del inmueble."
"Estudio en paseo de las Acacias, 9, Acacias, Madrid",108000,12,9000.0,,0,ESTUDIO,"Estudio completo, nevera, lavadora, cocina, baño independiente, aire acondicionado, cuatro ventanas. se alquilan en 600€/mes.",Acacias,superficie_muy_baja,https://www.idealista.com/inmueble/106681153/,"estudio en paseo de las acacias, 9, acacias, madrid estudio estudio completo, nevera, lavadora, cocina, bano independiente, aire acondicionado, cuatro ventanas. se alquilan en 600/mes.",False,False,False,False,False,False,retain_extreme_plausible,"Valor extremo, pero compatible con la descripción del inmueble."
"Piso en calle de la Sombrerería, Lavapiés-Embajadores, Madrid",160000,16,10000.0,1.0,0,"VIVIENDA,PISO,FUNCIONAL","¡Perfecto para inversores o como primera vivienda!ClauBruno presenta este acogedor piso en Calle de Sombrerería, Lavapiés, ideal para quienes buscan vivienda en una ubicación privilegiada.Características principales:• Superficie: 16 m².• Distribución funcional:• 1 habitación principal y un altillo habilitado com",Embajadores,superficie_muy_baja,https://www.idealista.com/inmueble/107021445/,"piso en calle de la sombrereria, lavapies-embajadores, madrid vivienda,piso,funcional perfecto para inversores o como primera vivienda!claubruno presenta este acogedor piso en calle de sombrereria, lavapies, ideal para quienes buscan vivienda en una ubicacion privilegiada.caracteristicas principales: superficie: 16 m2. distribucion funcional: 1 habitacion principal y un altillo habilitado com",False,False,False,False,False,False,retain_extreme_plausible,"Valor extremo, pero compatible con la descripción del inmueble."
"Piso en calle San Cosme y San Damián, Lavapiés-Embajadores, Madrid",129900,12,10825.0,1.0,0,"VIVIENDA,PISO,METRO",Si estás buscando un producto con una rentabilidad por encima del resto RED PISO ANTON MARTÍN pone a tu disposición este precioso piso a 2 minutos del Museo Reina Sofía. Cuentas con todos los servicios de comunicación con la estación de Atocha y Líneas de metro a escasos pasos del inmueble. El acceso a la vivienda no p,Embajadores,superficie_muy_baja,https://www.idealista.com/inmueble/107260880/,"piso en calle san cosme y san damian, lavapies-embajadores, madrid vivienda,piso,metro si estas buscando un producto con una rentabilidad por encima del resto red piso anton martin pone a tu disposicion este precioso piso a 2 minutos del museo reina sofia. cuentas con todos los servicios de comunicacion con la estacion de atocha y lineas de metro a escasos pasos del inmueble. el acceso a la vivienda no p",False,False,False,False,False,False,retain_extreme_plausible,"Valor extremo, pero compatible con la descripción del inmueble."
"Ático en calle de Juanelo, Lavapiés-Embajadores, Madrid",125000,11,11363.636363636364,,1,"OPORTUNIDAD,ESTUDIO","Estudio ubicado en el vibrante barrio de Lavapiés, oportunidad perfecta tanto para quienes buscan una residencia como para inversores o creativos que necesiten un espacio inspirador.Totalmente equipado, cuenta con aire acondicionado, cocina americana y un baño con plato de ducha. Zona de descanso (en altillo), espaci",Embajadores,superficie_muy_baja,https://www.idealista.com/inmueble/104305109/,"atico en calle de juanelo, lavapies-embajadores, madrid oportunidad,estudio estudio ubicado en el vibrante barrio de lavapies, oportunidad perfecta tanto para quienes buscan una residencia como para inversores o creativos que necesiten un espacio inspirador.totalmente equipado, cuenta con aire acondicionado, cocina americana y un bano con plato de ducha. zona de descanso (en altillo), espaci",False,False,False,False,False,False,retain_extreme_plausible,"Valor extremo, pero compatible con la descripción del inmueble."
"Ático en calle de Antonio Grilo, Malasaña-Universidad, Madrid",245000,15,16333.333333333334,1.0,1,"PISO,REFORMADO,MODERNO,FUNCIONAL","IDEAL INVERSORES, PISO EN ALTA RENTABILIDAD 6%, ALQUILADO EN MODALIDAD TEMPORAL 1.200€/MESEste encantador piso abuhardillado, recién reformado y completamente amueblado, está listo para entrar a vivir. Con un diseño moderno y funcional, cuenta con un dormitorio independiente, un baño completo y una cocina totalmente e",Universidad,superficie_muy_baja,https://www.idealista.com/inmueble/107174806/,"atico en calle de antonio grilo, malasana-universidad, madrid piso,reformado,moderno,funcional ideal inversores, piso en alta rentabilidad 6%, alquilado en modalidad temporal 1.200/meseste encantador piso abuhardillado, recien reformado y completamente amueblado, esta listo para entrar a vivir. con un diseno moderno y funcional, cuenta con un dormitorio independiente, un bano completo y una cocina totalmente e",False,False,False,False,False,False,retain_extreme_plausible,"Valor extremo, pero compatible con la descripción del inmueble."
