column,dtype,missing_count,missing_pct,unique_non_null
evening_request_error,float64,1572,100.0,0
morning_request_error,float64,1572,100.0,0
route_missing_reason,string,1462,93.0,2
morning_agencies_used,str,1198,76.21,4
morning_routes_used,str,1198,76.21,155
morning_transit_modes,str,1198,76.21,3
evening_agencies_used,str,1197,76.15,4
evening_routes_used,str,1197,76.15,141
evening_transit_modes,str,1197,76.15,1
registered_index_madrid_new_2025,float64,744,47.33,69
registered_index_type_new_2025,float64,744,47.33,69
registered_price_m2_new_2025,float64,744,47.33,69
commute_daily_distance_meters,float64,110,7.0,1461
commute_daily_minutes,float64,110,7.0,1406
commute_daily_transfers,float64,110,7.0,10
commute_daily_waiting_minutes,float64,110,7.0,184
commute_daily_walk_distance_meters,float64,110,7.0,710
commute_daily_walk_minutes,float64,110,7.0,691
evening_all_modes,str,108,6.87,4
evening_distance_meters,float64,108,6.87,1460
evening_duration_minutes,float64,108,6.87,1326
evening_end_datetime,str,108,6.87,1326
evening_number_of_transfers,float64,108,6.87,6
evening_start_datetime,str,108,6.87,15
evening_waiting_time_minutes,float64,108,6.87,85
evening_walk_distance_meters,float64,108,6.87,712
evening_walk_time_minutes,float64,108,6.87,672
morning_all_modes,str,103,6.55,6
morning_distance_meters,float64,103,6.55,1468
morning_duration_minutes,float64,103,6.55,1310
morning_end_datetime,str,103,6.55,176
morning_number_of_transfers,float64,103,6.55,5
morning_start_datetime,str,103,6.55,1190
morning_waiting_time_minutes,float64,103,6.55,130
morning_walk_distance_meters,float64,103,6.55,711
morning_walk_time_minutes,float64,103,6.55,659
ci_precision_score,float64,60,3.82,124
kaggle_sample_reliability_score,float64,60,3.82,124
price_homogeneity_score,float64,60,3.82,123
price_m2_median_bootstrap_se,float64,60,3.82,126
price_m2_median_ci_high,float64,60,3.82,123
price_m2_median_ci_low,float64,60,3.82,125
price_m2_median_ci_relative_width_percentage,float64,60,3.82,124
price_m2_median_ci_width,float64,60,3.82,126
price_reliability_score,float64,60,3.82,124
sample_size_score,float64,60,3.82,91
bathrooms_mean,float64,48,3.05,74
bathrooms_median,float64,48,3.05,4
registered_index_type_used_2025,float64,36,2.29,104
registered_minus_kaggle_eur_m2,float64,36,2.29,128
registered_to_kaggle_price_ratio,float64,36,2.29,128
registered_vs_kaggle_gap_percentage,float64,36,2.29,128
area_m2_iqr,float64,24,1.53,105
area_m2_max,float64,24,1.53,112
area_m2_mean,float64,24,1.53,128
area_m2_median,float64,24,1.53,94
area_m2_min,float64,24,1.53,51
area_m2_q1,float64,24,1.53,93
area_m2_q3,float64,24,1.53,118
bathrooms_coverage_percentage,float64,24,1.53,110
elevator_coverage_percentage,float64,24,1.53,80
elevator_percentage,float64,24,1.53,106
elevator_ratio,float64,24,1.53,106
eligible_percentage,float64,24,1.53,103
excluded_percentage,float64,24,1.53,103
exterior_coverage_percentage,float64,24,1.53,96
exterior_percentage,float64,24,1.53,82
exterior_ratio,float64,24,1.53,82
price_eur_iqr,float64,24,1.53,127
price_eur_max,float64,24,1.53,114
price_eur_mean,float64,24,1.53,129
price_eur_median,float64,24,1.53,121
price_eur_min,float64,24,1.53,98
price_eur_q1,float64,24,1.53,121
price_eur_q3,float64,24,1.53,126
price_m2_iqr,float64,24,1.53,129
price_m2_mean,float64,24,1.53,129
price_m2_median,float64,24,1.53,128
price_m2_q1,float64,24,1.53,129
price_m2_q3,float64,24,1.53,127
price_m2_relative_iqr_percentage,float64,24,1.53,126
price_m2_std,float64,24,1.53,129
registered_index_madrid_used_2025,float64,24,1.53,129
registered_price_m2_used_2025,float64,24,1.53,129
rooms_coverage_percentage,float64,24,1.53,68
rooms_mean,float64,24,1.53,94
rooms_median,float64,24,1.53,7
price_m2_for_recommender,float64,12,0.76,130
price_m2_for_recommender_source,str,12,0.76,1
registered_index_madrid_total_2025,float64,12,0.76,130
registered_price_m2_total_2025,float64,12,0.76,130
bathrooms_known_count,int64,0,0.0,45
bathrooms_unknown_count,int64,0,0.0,85
bootstrap_confidence_level,float64,0,0.0,1
bootstrap_iterations,int64,0,0.0,1
bootstrap_sample_size,int64,0,0.0,95
bootstrap_status,str,0,0.0,3
coverage_status,str,0,0.0,2
destination_id,string,0,0.0,3
destination_name,str,0,0.0,3
district_name,str,0,0.0,21
elevator_known_count,int64,0,0.0,87
elevator_unknown_count,int64,0,0.0,23
eligible_listings,int64,0,0.0,95
evening_requested_datetime,str,0,0.0,1
evening_route_status,string,0,0.0,2
evening_routing_errors_json,str,0,0.0,4
excluded_listings,int64,0,0.0,22
exterior_known_count,int64,0,0.0,83
exterior_unknown_count,int64,0,0.0,26
has_real_estate_data,bool,0,0.0,2
housing_data_availability_status,str,0,0.0,3
housing_market_scope,str,0,0.0,1
kaggle_asking_price_available,bool,0,0.0,2
kaggle_features_available,bool,0,0.0,2
kaggle_sample_reliability_level,str,0,0.0,5
market_scope,str,0,0.0,1
market_share_percentage,float64,0,0.0,92
minimum_cases_to_publish_neighborhood,int64,0,0.0,1
model_readiness_status,str,0,0.0,3
morning_requested_datetime,str,0,0.0,1
morning_route_status,string,0,0.0,2
morning_routing_errors_json,str,0,0.0,5
neighborhood_name,str,0,0.0,131
no_route_scenarios,int64,0,0.0,3
num_listings,int64,0,0.0,95
price_estimate_available,bool,0,0.0,2
price_reliability_level,str,0,0.0,5
price_reliability_reason,str,0,0.0,6
price_statistic,str,0,0.0,1
price_type,str,0,0.0,1
price_unit,str,0,0.0,1
reference_year,int64,0,0.0,1
registered_index_type_total_2025,int64,0,0.0,1
registered_new_price_available,bool,0,0.0,2
registered_price_available,bool,0,0.0,2
registered_used_price_available,bool,0,0.0,2
rooms_known_count,int64,0,0.0,91
rooms_unknown_count,int64,0,0.0,17
route_available,bool[pyarrow],0,0.0,2
route_status,string,0,0.0,3
service_date,string,0,0.0,1
source_coverage_2025_percentage,float64,0,0.0,1
source_origin,str,0,0.0,1
source_publisher,str,0,0.0,1
source_series_code,int64,0,0.0,1
source_snapshot_date_status,str,0,0.0,1
total_listings,int64,0,0.0,97
transport_mode,string,0,0.0,4
transport_mode_label,string,0,0.0,4
usable_for_pareto_knn,bool[pyarrow],0,0.0,2
zone_key,string,0,0.0,131
