request_key,zone_key,neighborhood_name,district_name,origin_latitude,origin_longitude,destination_id,destination_name,target_latitude,target_longitude,scenario_id,scenario_name,direction,service_date,requested_datetime,calculation_timestamp,request_status,itineraries_found,routing_errors_json,request_error,elapsed_seconds
MAD-011|DEST_001|evening_departure_1800,MAD-011,Palacio,Centro,40.416775,-3.70379,DEST_001,Puerta del Sol,40.41497123669304,-3.715595661419112,evening_departure_1800,Salida del destino a las 18:00,from_destination,2026-07-29,2026-07-29T18:00:00+02:00,2026-07-28T17:55:03.010637+02:00,no_route,0,"[{""code"":""WALKING_BETTER_THAN_TRANSIT"",""description"":""ES-los Origin is within a trivial distance of the destination."",""inputField"":null}]",,1.965368799996213
MAD-011|DEST_001|morning_arrival_0900,MAD-011,Palacio,Centro,40.41497123669304,-3.715595661419112,DEST_001,Puerta del Sol,40.416775,-3.70379,morning_arrival_0900,Llegada al destino a las 09:00,to_destination,2026-07-29,2026-07-29T09:00:00+02:00,2026-07-28T17:55:01.899182+02:00,no_route,0,"[{""code"":""WALKING_BETTER_THAN_TRANSIT"",""description"":""ES-los Origin is within a trivial distance of the destination."",""inputField"":null}]",,1.111222599996836
MAD-012|DEST_001|evening_departure_1800,MAD-012,Embajadores,Centro,40.416775,-3.70379,DEST_001,Puerta del Sol,40.40955819693991,-3.701533658424557,evening_departure_1800,Salida del destino a las 18:00,from_destination,2026-07-29,2026-07-29T18:00:00+02:00,2026-07-28T17:59:04.353071+02:00,no_route,0,"[{""code"":""WALKING_BETTER_THAN_TRANSIT"",""description"":""ES-los Origin is within a trivial distance of the destination."",""inputField"":null}]",,2.753140499989968
MAD-012|DEST_001|morning_arrival_0900,MAD-012,Embajadores,Centro,40.40955819693991,-3.701533658424557,DEST_001,Puerta del Sol,40.416775,-3.70379,morning_arrival_0900,Llegada al destino a las 09:00,to_destination,2026-07-29,2026-07-29T09:00:00+02:00,2026-07-28T17:59:03.380856+02:00,no_route,0,"[{""code"":""WALKING_BETTER_THAN_TRANSIT"",""description"":""ES-los Origin is within a trivial distance of the destination."",""inputField"":null}]",,0.9720868000003976
MAD-013|DEST_001|evening_departure_1800,MAD-013,Cortes,Centro,40.416775,-3.70379,DEST_001,Puerta del Sol,40.41444487646672,-3.698547352497454,evening_departure_1800,Salida del destino a las 18:00,from_destination,2026-07-29,2026-07-29T18:00:00+02:00,2026-07-28T17:59:11.081610+02:00,no_route,0,"[{""code"":""WALKING_BETTER_THAN_TRANSIT"",""description"":""ES-los Origin is within a trivial distance of the destination."",""inputField"":null}]",,2.348121500006528
MAD-013|DEST_001|morning_arrival_0900,MAD-013,Cortes,Centro,40.41444487646672,-3.698547352497454,DEST_001,Puerta del Sol,40.416775,-3.70379,morning_arrival_0900,Llegada al destino a las 09:00,to_destination,2026-07-29,2026-07-29T09:00:00+02:00,2026-07-28T17:59:10.262715+02:00,no_route,0,"[{""code"":""WALKING_BETTER_THAN_TRANSIT"",""description"":""ES-los Origin is within a trivial distance of the destination."",""inputField"":null}]",,0.8185220999876037
MAD-014|DEST_001|evening_departure_1800,MAD-014,Justicia,Centro,40.416775,-3.70379,DEST_001,Puerta del Sol,40.423894598841976,-3.695811811388121,evening_departure_1800,Salida del destino a las 18:00,from_destination,2026-07-29,2026-07-29T18:00:00+02:00,2026-07-28T17:59:18.520200+02:00,no_route,0,"[{""code"":""WALKING_BETTER_THAN_TRANSIT"",""description"":""ES-los Origin is within a trivial distance of the destination."",""inputField"":null}]",,2.314839700004086
MAD-014|DEST_001|morning_arrival_0900,MAD-014,Justicia,Centro,40.423894598841976,-3.695811811388121,DEST_001,Puerta del Sol,40.416775,-3.70379,morning_arrival_0900,Llegada al destino a las 09:00,to_destination,2026-07-29,2026-07-29T09:00:00+02:00,2026-07-28T17:59:17.617775+02:00,no_route,0,"[{""code"":""WALKING_BETTER_THAN_TRANSIT"",""description"":""ES-los Origin is within a trivial distance of the destination."",""inputField"":null}]",,0.9020406000054207
MAD-015|DEST_001|evening_departure_1800,MAD-015,Universidad,Centro,40.416775,-3.70379,DEST_001,Puerta del Sol,40.42536457227763,-3.706674299024391,evening_departure_1800,Salida del destino a las 18:00,from_destination,2026-07-29,2026-07-29T18:00:00+02:00,2026-07-28T17:59:25.988118+02:00,no_route,0,"[{""code"":""WALKING_BETTER_THAN_TRANSIT"",""description"":""ES-los Origin is within a trivial distance of the destination."",""inputField"":null}]",,1.5589615000062622
MAD-015|DEST_001|morning_arrival_0900,MAD-015,Universidad,Centro,40.42536457227763,-3.706674299024391,DEST_001,Puerta del Sol,40.416775,-3.70379,morning_arrival_0900,Llegada al destino a las 09:00,to_destination,2026-07-29,2026-07-29T09:00:00+02:00,2026-07-28T17:59:24.617165+02:00,no_route,0,"[{""code"":""WALKING_BETTER_THAN_TRANSIT"",""description"":""ES-los Origin is within a trivial distance of the destination."",""inputField"":null}]",,1.3707910999946762
MAD-016|DEST_001|evening_departure_1800,MAD-016,Sol,Centro,40.416775,-3.70379,DEST_001,Puerta del Sol,40.41692666103148,-3.704453001491228,evening_departure_1800,Salida del destino a las 18:00,from_destination,2026-07-29,2026-07-29T18:00:00+02:00,2026-07-28T17:59:34.893929+02:00,no_route,0,"[{""code"":""WALKING_BETTER_THAN_TRANSIT"",""description"":""ES-los Origin is within a trivial distance of the destination."",""inputField"":null}]",,1.1881624999950873
MAD-016|DEST_001|morning_arrival_0900,MAD-016,Sol,Centro,40.41692666103148,-3.704453001491228,DEST_001,Puerta del Sol,40.416775,-3.70379,morning_arrival_0900,Llegada al destino a las 09:00,to_destination,2026-07-29,2026-07-29T09:00:00+02:00,2026-07-28T17:59:33.424663+02:00,no_route,0,"[{""code"":""WALKING_BETTER_THAN_TRANSIT"",""description"":""ES-los Origin is within a trivial distance of the destination."",""inputField"":null}]",,1.4679918000038017
MAD-035|DEST_001|evening_departure_1800,MAD-035,Los Jerónimos,Retiro,40.416775,-3.70379,DEST_001,Puerta del Sol,40.41347896333984,-3.685072645345216,evening_departure_1800,Salida del destino a las 18:00,from_destination,2026-07-29,2026-07-29T18:00:00+02:00,2026-07-28T18:00:49.383889+02:00,no_route,0,"[{""code"":""WALKING_BETTER_THAN_TRANSIT"",""description"":""ES-los Origin is within a trivial distance of the destination."",""inputField"":null}]",,1.5927098000101978
MAD-035|DEST_001|morning_arrival_0900,MAD-035,Los Jerónimos,Retiro,40.41347896333984,-3.685072645345216,DEST_001,Puerta del Sol,40.416775,-3.70379,morning_arrival_0900,Llegada al destino a las 09:00,to_destination,2026-07-29,2026-07-29T09:00:00+02:00,2026-07-28T18:00:48.121213+02:00,no_route,0,"[{""code"":""WALKING_BETTER_THAN_TRANSIT"",""description"":""ES-los Origin is within a trivial distance of the destination."",""inputField"":null}]",,1.2625215000007302
MAD-051|DEST_002|evening_departure_1800,MAD-051,El Viso,Chamartín,40.44661,-3.692436,DEST_002,Nuevos Ministerios,40.44523032696901,-3.684832174017108,evening_departure_1800,Salida del destino a las 18:00,from_destination,2026-07-29,2026-07-29T18:00:00+02:00,2026-07-28T18:01:53.564590+02:00,no_route,0,"[{""code"":""WALKING_BETTER_THAN_TRANSIT"",""description"":""ES-los Origin is within a trivial distance of the destination."",""inputField"":null}]",,1.2684473999979673
MAD-051|DEST_002|morning_arrival_0900,MAD-051,El Viso,Chamartín,40.44523032696901,-3.684832174017108,DEST_002,Nuevos Ministerios,40.44661,-3.692436,morning_arrival_0900,Llegada al destino a las 09:00,to_destination,2026-07-29,2026-07-29T09:00:00+02:00,2026-07-28T18:01:52.861041+02:00,no_route,0,"[{""code"":""WALKING_BETTER_THAN_TRANSIT"",""description"":""ES-los Origin is within a trivial distance of the destination."",""inputField"":null}]",,0.7030662000033772
MAD-053|DEST_002|evening_departure_1800,MAD-053,Ciudad Jardín,Chamartín,40.44661,-3.692436,DEST_002,Nuevos Ministerios,40.446888009365466,-3.67402531852014,evening_departure_1800,Salida del destino a las 18:00,from_destination,2026-07-29,2026-07-29T18:00:00+02:00,2026-07-28T18:02:12.740467+02:00,no_route,0,"[{""code"":""WALKING_BETTER_THAN_TRANSIT"",""description"":""ES-los Origin is within a trivial distance of the destination."",""inputField"":null}]",,2.3223097000009147
MAD-053|DEST_002|morning_arrival_0900,MAD-053,Ciudad Jardín,Chamartín,40.446888009365466,-3.67402531852014,DEST_002,Nuevos Ministerios,40.44661,-3.692436,morning_arrival_0900,Llegada al destino a las 09:00,to_destination,2026-07-29,2026-07-29T09:00:00+02:00,2026-07-28T18:02:11.801568+02:00,no_route,0,"[{""code"":""WALKING_BETTER_THAN_TRANSIT"",""description"":""ES-los Origin is within a trivial distance of the destination."",""inputField"":null}]",,0.9387388000031932
MAD-062|DEST_002|evening_departure_1800,MAD-062,Cuatro Caminos,Tetuán,40.44661,-3.692436,DEST_002,Nuevos Ministerios,40.45197019645254,-3.6969660680349614,evening_departure_1800,Salida del destino a las 18:00,from_destination,2026-07-29,2026-07-29T18:00:00+02:00,2026-07-28T18:02:54.750396+02:00,no_route,0,"[{""code"":""WALKING_BETTER_THAN_TRANSIT"",""description"":""ES-los Origin is within a trivial distance of the destination."",""inputField"":null}]",,1.6940903999930017
MAD-062|DEST_002|morning_arrival_0900,MAD-062,Cuatro Caminos,Tetuán,40.45197019645254,-3.6969660680349614,DEST_002,Nuevos Ministerios,40.44661,-3.692436,morning_arrival_0900,Llegada al destino a las 09:00,to_destination,2026-07-29,2026-07-29T09:00:00+02:00,2026-07-28T18:02:53.642486+02:00,no_route,0,"[{""code"":""WALKING_BETTER_THAN_TRANSIT"",""description"":""ES-los Origin is within a trivial distance of the destination."",""inputField"":null}]",,1.1076715999952285
MAD-075|DEST_002|evening_departure_1800,MAD-075,Ríos Rosas,Chamberí,40.44661,-3.692436,DEST_002,Nuevos Ministerios,40.44273595479475,-3.697848888052174,evening_departure_1800,Salida del destino a las 18:00,from_destination,2026-07-29,2026-07-29T18:00:00+02:00,2026-07-28T18:04:19.836942+02:00,no_route,0,"[{""code"":""WALKING_BETTER_THAN_TRANSIT"",""description"":""ES-los Origin is within a trivial distance of the destination."",""inputField"":null}]",,0.7843291000026511
MAD-075|DEST_002|morning_arrival_0900,MAD-075,Ríos Rosas,Chamberí,40.44273595479475,-3.697848888052174,DEST_002,Nuevos Ministerios,40.44661,-3.692436,morning_arrival_0900,Llegada al destino a las 09:00,to_destination,2026-07-29,2026-07-29T09:00:00+02:00,2026-07-28T18:04:19.146253+02:00,no_route,0,"[{""code"":""WALKING_BETTER_THAN_TRANSIT"",""description"":""ES-los Origin is within a trivial distance of the destination."",""inputField"":null}]",,0.6904433000017889
MAD-081|DEST_001|evening_departure_1800,MAD-081,El Pardo,Fuencarral - El Pardo,40.416775,-3.70379,DEST_001,Puerta del Sol,40.55585351028824,-3.793384378932627,evening_departure_1800,Salida del destino a las 18:00,from_destination,2026-07-29,2026-07-29T18:00:00+02:00,2026-07-28T18:04:35.277764+02:00,no_route,0,"[{""code"":""NO_STOPS_IN_RANGE"",""description"":""The location was found, but no stops could be found within the search radius."",""inputField"":""TO""}]",,0.4739294000028167
MAD-081|DEST_001|morning_arrival_0900,MAD-081,El Pardo,Fuencarral - El Pardo,40.55585351028824,-3.793384378932627,DEST_001,Puerta del Sol,40.416775,-3.70379,morning_arrival_0900,Llegada al destino a las 09:00,to_destination,2026-07-29,2026-07-29T09:00:00+02:00,2026-07-28T18:04:34.816959+02:00,no_route,0,"[{""code"":""NO_STOPS_IN_RANGE"",""description"":""The location was found, but no stops could be found within the search radius."",""inputField"":""FROM""}]",,0.4606533000041963
MAD-081|DEST_002|evening_departure_1800,MAD-081,El Pardo,Fuencarral - El Pardo,40.44661,-3.692436,DEST_002,Nuevos Ministerios,40.55585351028824,-3.793384378932627,evening_departure_1800,Salida del destino a las 18:00,from_destination,2026-07-29,2026-07-29T18:00:00+02:00,2026-07-28T18:04:35.881602+02:00,no_route,0,"[{""code"":""NO_STOPS_IN_RANGE"",""description"":""The location was found, but no stops could be found within the search radius."",""inputField"":""TO""}]",,0.139902399998391
MAD-081|DEST_002|morning_arrival_0900,MAD-081,El Pardo,Fuencarral - El Pardo,40.55585351028824,-3.793384378932627,DEST_002,Nuevos Ministerios,40.44661,-3.692436,morning_arrival_0900,Llegada al destino a las 09:00,to_destination,2026-07-29,2026-07-29T09:00:00+02:00,2026-07-28T18:04:35.752361+02:00,no_route,0,"[{""code"":""NO_STOPS_IN_RANGE"",""description"":""The location was found, but no stops could be found within the search radius."",""inputField"":""FROM""}]",,0.1287424000038299
MAD-081|DEST_003|evening_departure_1800,MAD-081,El Pardo,Fuencarral - El Pardo,40.331755,-3.765697,DEST_003,UC3M Campus de Leganés,40.55585351028824,-3.793384378932627,evening_departure_1800,Salida del destino a las 18:00,from_destination,2026-07-29,2026-07-29T18:00:00+02:00,2026-07-28T18:04:36.061010+02:00,no_route,0,"[{""code"":""NO_STOPS_IN_RANGE"",""description"":""The location was found, but no stops could be found within the search radius."",""inputField"":""TO""}]",,0.0370704999950248
MAD-081|DEST_003|morning_arrival_0900,MAD-081,El Pardo,Fuencarral - El Pardo,40.55585351028824,-3.793384378932627,DEST_003,UC3M Campus de Leganés,40.331755,-3.765697,morning_arrival_0900,Llegada al destino a las 09:00,to_destination,2026-07-29,2026-07-29T09:00:00+02:00,2026-07-28T18:04:36.022052+02:00,no_route,0,"[{""code"":""NO_STOPS_IN_RANGE"",""description"":""The location was found, but no stops could be found within the search radius."",""inputField"":""FROM""}]",,0.0386250999872572
MAD-092|DEST_001|evening_departure_1800,MAD-092,Argüelles,Moncloa - Aravaca,40.416775,-3.70379,DEST_001,Puerta del Sol,40.42803216904544,-3.717598084599489,evening_departure_1800,Salida del destino a las 18:00,from_destination,2026-07-29,2026-07-29T18:00:00+02:00,2026-07-28T18:05:27.689741+02:00,no_route,0,"[{""code"":""WALKING_BETTER_THAN_TRANSIT"",""description"":""ES-los Origin is within a trivial distance of the destination."",""inputField"":null}]",,2.8303956000017934
MAD-105|DEST_001|morning_arrival_0900,MAD-105,Campamento,Latina,40.38192386717164,-3.80540811108744,DEST_001,Puerta del Sol,40.416775,-3.70379,morning_arrival_0900,Llegada al destino a las 09:00,to_destination,2026-07-29,2026-07-29T09:00:00+02:00,2026-07-28T18:06:27.627852+02:00,no_route,0,"[{""code"":""NO_TRANSIT_CONNECTION_IN_SEARCH_WINDOW"",""description"":""ES-los trip is not possible.  Please check that you plan is within the bound of the map."",""inputField"":""DATE_TIME""}]",,0.3299542000022484
MAD-159|DEST_001|evening_departure_1800,MAD-159,Costillares,Ciudad Lineal,40.416775,-3.70379,DEST_001,Puerta del Sol,40.47539628405521,-3.6698630154562255,evening_departure_1800,Salida del destino a las 18:00,from_destination,2026-07-29,2026-07-29T18:00:00+02:00,2026-07-28T18:11:03.635650+02:00,no_route,0,"[{""code"":""NO_STOPS_IN_RANGE"",""description"":""The location was found, but no stops could be found within the search radius."",""inputField"":""TO""}]",,0.6363631000131136
MAD-159|DEST_001|morning_arrival_0900,MAD-159,Costillares,Ciudad Lineal,40.47539628405521,-3.6698630154562255,DEST_001,Puerta del Sol,40.416775,-3.70379,morning_arrival_0900,Llegada al destino a las 09:00,to_destination,2026-07-29,2026-07-29T09:00:00+02:00,2026-07-28T18:11:03.040519+02:00,no_route,0,"[{""code"":""NO_STOPS_IN_RANGE"",""description"":""The location was found, but no stops could be found within the search radius."",""inputField"":""FROM""}]",,0.5949303999950644
MAD-159|DEST_002|evening_departure_1800,MAD-159,Costillares,Ciudad Lineal,40.44661,-3.692436,DEST_002,Nuevos Ministerios,40.47539628405521,-3.6698630154562255,evening_departure_1800,Salida del destino a las 18:00,from_destination,2026-07-29,2026-07-29T18:00:00+02:00,2026-07-28T18:11:04.863867+02:00,no_route,0,"[{""code"":""NO_STOPS_IN_RANGE"",""description"":""The location was found, but no stops could be found within the search radius."",""inputField"":""TO""}]",,0.8208832999953302
MAD-159|DEST_002|morning_arrival_0900,MAD-159,Costillares,Ciudad Lineal,40.47539628405521,-3.6698630154562255,DEST_002,Nuevos Ministerios,40.44661,-3.692436,morning_arrival_0900,Llegada al destino a las 09:00,to_destination,2026-07-29,2026-07-29T09:00:00+02:00,2026-07-28T18:11:04.272454+02:00,no_route,0,"[{""code"":""NO_STOPS_IN_RANGE"",""description"":""The location was found, but no stops could be found within the search radius."",""inputField"":""FROM""}]",,0.5912269999971613
MAD-159|DEST_003|evening_departure_1800,MAD-159,Costillares,Ciudad Lineal,40.331755,-3.765697,DEST_003,UC3M Campus de Leganés,40.47539628405521,-3.6698630154562255,evening_departure_1800,Salida del destino a las 18:00,from_destination,2026-07-29,2026-07-29T18:00:00+02:00,2026-07-28T18:11:06.280304+02:00,no_route,0,"[{""code"":""NO_STOPS_IN_RANGE"",""description"":""The location was found, but no stops could be found within the search radius."",""inputField"":""TO""}]",,0.4027700000006007
MAD-159|DEST_003|morning_arrival_0900,MAD-159,Costillares,Ciudad Lineal,40.47539628405521,-3.6698630154562255,DEST_003,UC3M Campus de Leganés,40.331755,-3.765697,morning_arrival_0900,Llegada al destino a las 09:00,to_destination,2026-07-29,2026-07-29T09:00:00+02:00,2026-07-28T18:11:05.685297+02:00,no_route,0,"[{""code"":""NO_STOPS_IN_RANGE"",""description"":""The location was found, but no stops could be found within the search radius."",""inputField"":""FROM""}]",,0.5947987999970792
MAD-212|DEST_003|morning_arrival_0900,MAD-212,Aeropuerto,Barajas,40.47941943172679,-3.557252067552487,DEST_003,UC3M Campus de Leganés,40.331755,-3.765697,morning_arrival_0900,Llegada al destino a las 09:00,to_destination,2026-07-29,2026-07-29T09:00:00+02:00,2026-07-28T18:15:09.814927+02:00,no_route,0,"[{""code"":""NO_TRANSIT_CONNECTION_IN_SEARCH_WINDOW"",""description"":""ES-los trip is not possible.  Please check that you plan is within the bound of the map."",""inputField"":""DATE_TIME""}]",,0.236643099997309
