zone_key,destino,modo,tiempo_transporte_min,fuente
arganzuela,alcala_castellana,transporte_publico,,pendiente
arganzuela,atocha,transporte_publico,,pendiente
arganzuela,campo_naciones,transporte_publico,,pendiente
arganzuela,chamartin,transporte_publico,,pendiente
arganzuela,cuatro_caminos,transporte_publico,,pendiente
arganzuela,ferraz,transporte_publico,,pendiente
arganzuela,las_tablas,transporte_publico,,pendiente
arganzuela,moncloa_universidad,transporte_publico,,pendiente
arganzuela,plaza_espana,transporte_publico,,pendiente
arganzuela,retiro,transporte_publico,,pendiente
arganzuela,serrano,transporte_publico,,pendiente
arganzuela,sol,transporte_publico,,pendiente
arganzuela,tribunal,transporte_publico,,pendiente
barajas,alcala_castellana,transporte_publico,,pendiente
barajas,atocha,transporte_publico,,pendiente
barajas,campo_naciones,transporte_publico,,pendiente
barajas,chamartin,transporte_publico,,pendiente
barajas,cuatro_caminos,transporte_publico,,pendiente
barajas,ferraz,transporte_publico,,pendiente
barajas,las_tablas,transporte_publico,,pendiente
barajas,moncloa_universidad,transporte_publico,,pendiente
barajas,plaza_espana,transporte_publico,,pendiente
barajas,retiro,transporte_publico,,pendiente
barajas,serrano,transporte_publico,,pendiente
barajas,sol,transporte_publico,,pendiente
barajas,tribunal,transporte_publico,,pendiente
barrio-de-salamanca,alcala_castellana,transporte_publico,,pendiente
barrio-de-salamanca,atocha,transporte_publico,,pendiente
barrio-de-salamanca,campo_naciones,transporte_publico,,pendiente
barrio-de-salamanca,chamartin,transporte_publico,,pendiente
barrio-de-salamanca,cuatro_caminos,transporte_publico,,pendiente
barrio-de-salamanca,ferraz,transporte_publico,,pendiente
barrio-de-salamanca,las_tablas,transporte_publico,,pendiente
barrio-de-salamanca,moncloa_universidad,transporte_publico,,pendiente
barrio-de-salamanca,plaza_espana,transporte_publico,,pendiente
barrio-de-salamanca,retiro,transporte_publico,,pendiente
barrio-de-salamanca,serrano,transporte_publico,,pendiente
barrio-de-salamanca,sol,transporte_publico,,pendiente
barrio-de-salamanca,tribunal,transporte_publico,,pendiente
carabanchel,alcala_castellana,transporte_publico,,pendiente
carabanchel,atocha,transporte_publico,,pendiente
carabanchel,campo_naciones,transporte_publico,,pendiente
carabanchel,chamartin,transporte_publico,,pendiente
carabanchel,cuatro_caminos,transporte_publico,,pendiente
carabanchel,ferraz,transporte_publico,,pendiente
carabanchel,las_tablas,transporte_publico,,pendiente
carabanchel,moncloa_universidad,transporte_publico,,pendiente
carabanchel,plaza_espana,transporte_publico,,pendiente
carabanchel,retiro,transporte_publico,,pendiente
carabanchel,serrano,transporte_publico,,pendiente
carabanchel,sol,transporte_publico,,pendiente
carabanchel,tribunal,transporte_publico,,pendiente
centro,alcala_castellana,transporte_publico,,pendiente
centro,atocha,transporte_publico,,pendiente
centro,campo_naciones,transporte_publico,,pendiente
centro,chamartin,transporte_publico,,pendiente
centro,cuatro_caminos,transporte_publico,,pendiente
centro,ferraz,transporte_publico,,pendiente
centro,las_tablas,transporte_publico,,pendiente
centro,moncloa_universidad,transporte_publico,,pendiente
centro,plaza_espana,transporte_publico,,pendiente
centro,retiro,transporte_publico,,pendiente
centro,serrano,transporte_publico,,pendiente
centro,sol,transporte_publico,,pendiente
centro,tribunal,transporte_publico,,pendiente
chamartin,alcala_castellana,transporte_publico,,pendiente
chamartin,atocha,transporte_publico,,pendiente
chamartin,campo_naciones,transporte_publico,,pendiente
chamartin,chamartin,transporte_publico,,pendiente
chamartin,cuatro_caminos,transporte_publico,,pendiente
chamartin,ferraz,transporte_publico,,pendiente
chamartin,las_tablas,transporte_publico,,pendiente
chamartin,moncloa_universidad,transporte_publico,,pendiente
chamartin,plaza_espana,transporte_publico,,pendiente
chamartin,retiro,transporte_publico,,pendiente
chamartin,serrano,transporte_publico,,pendiente
chamartin,sol,transporte_publico,,pendiente
chamartin,tribunal,transporte_publico,,pendiente
chamberi,alcala_castellana,transporte_publico,,pendiente
chamberi,atocha,transporte_publico,,pendiente
chamberi,campo_naciones,transporte_publico,,pendiente
chamberi,chamartin,transporte_publico,,pendiente
chamberi,cuatro_caminos,transporte_publico,,pendiente
chamberi,ferraz,transporte_publico,,pendiente
chamberi,las_tablas,transporte_publico,,pendiente
chamberi,moncloa_universidad,transporte_publico,,pendiente
chamberi,plaza_espana,transporte_publico,,pendiente
chamberi,retiro,transporte_publico,,pendiente
chamberi,serrano,transporte_publico,,pendiente
chamberi,sol,transporte_publico,,pendiente
chamberi,tribunal,transporte_publico,,pendiente
ciudad-lineal,alcala_castellana,transporte_publico,,pendiente
ciudad-lineal,atocha,transporte_publico,,pendiente
ciudad-lineal,campo_naciones,transporte_publico,,pendiente
ciudad-lineal,chamartin,transporte_publico,,pendiente
ciudad-lineal,cuatro_caminos,transporte_publico,,pendiente
ciudad-lineal,ferraz,transporte_publico,,pendiente
ciudad-lineal,las_tablas,transporte_publico,,pendiente
ciudad-lineal,moncloa_universidad,transporte_publico,,pendiente
ciudad-lineal,plaza_espana,transporte_publico,,pendiente
ciudad-lineal,retiro,transporte_publico,,pendiente
ciudad-lineal,serrano,transporte_publico,,pendiente
ciudad-lineal,sol,transporte_publico,,pendiente
ciudad-lineal,tribunal,transporte_publico,,pendiente
fuencarral,alcala_castellana,transporte_publico,,pendiente
fuencarral,atocha,transporte_publico,,pendiente
fuencarral,campo_naciones,transporte_publico,,pendiente
fuencarral,chamartin,transporte_publico,,pendiente
fuencarral,cuatro_caminos,transporte_publico,,pendiente
fuencarral,ferraz,transporte_publico,,pendiente
fuencarral,las_tablas,transporte_publico,,pendiente
fuencarral,moncloa_universidad,transporte_publico,,pendiente
fuencarral,plaza_espana,transporte_publico,,pendiente
fuencarral,retiro,transporte_publico,,pendiente
fuencarral,serrano,transporte_publico,,pendiente
fuencarral,sol,transporte_publico,,pendiente
fuencarral,tribunal,transporte_publico,,pendiente
hortaleza,alcala_castellana,transporte_publico,,pendiente
hortaleza,atocha,transporte_publico,,pendiente
hortaleza,campo_naciones,transporte_publico,,pendiente
hortaleza,chamartin,transporte_publico,,pendiente
hortaleza,cuatro_caminos,transporte_publico,,pendiente
hortaleza,ferraz,transporte_publico,,pendiente
hortaleza,las_tablas,transporte_publico,,pendiente
hortaleza,moncloa_universidad,transporte_publico,,pendiente
hortaleza,plaza_espana,transporte_publico,,pendiente
hortaleza,retiro,transporte_publico,,pendiente
hortaleza,serrano,transporte_publico,,pendiente
hortaleza,sol,transporte_publico,,pendiente
hortaleza,tribunal,transporte_publico,,pendiente
latina,alcala_castellana,transporte_publico,,pendiente
latina,atocha,transporte_publico,,pendiente
latina,campo_naciones,transporte_publico,,pendiente
latina,chamartin,transporte_publico,,pendiente
latina,cuatro_caminos,transporte_publico,,pendiente
latina,ferraz,transporte_publico,,pendiente
latina,las_tablas,transporte_publico,,pendiente
latina,moncloa_universidad,transporte_publico,,pendiente
latina,plaza_espana,transporte_publico,,pendiente
latina,retiro,transporte_publico,,pendiente
latina,serrano,transporte_publico,,pendiente
latina,sol,transporte_publico,,pendiente
latina,tribunal,transporte_publico,,pendiente
moncloa,alcala_castellana,transporte_publico,,pendiente
moncloa,atocha,transporte_publico,,pendiente
moncloa,campo_naciones,transporte_publico,,pendiente
moncloa,chamartin,transporte_publico,,pendiente
moncloa,cuatro_caminos,transporte_publico,,pendiente
moncloa,ferraz,transporte_publico,,pendiente
moncloa,las_tablas,transporte_publico,,pendiente
moncloa,moncloa_universidad,transporte_publico,,pendiente
moncloa,plaza_espana,transporte_publico,,pendiente
moncloa,retiro,transporte_publico,,pendiente
moncloa,serrano,transporte_publico,,pendiente
moncloa,sol,transporte_publico,,pendiente
moncloa,tribunal,transporte_publico,,pendiente
moratalaz,alcala_castellana,transporte_publico,,pendiente
moratalaz,atocha,transporte_publico,,pendiente
moratalaz,campo_naciones,transporte_publico,,pendiente
moratalaz,chamartin,transporte_publico,,pendiente
moratalaz,cuatro_caminos,transporte_publico,,pendiente
moratalaz,ferraz,transporte_publico,,pendiente
moratalaz,las_tablas,transporte_publico,,pendiente
moratalaz,moncloa_universidad,transporte_publico,,pendiente
moratalaz,plaza_espana,transporte_publico,,pendiente
moratalaz,retiro,transporte_publico,,pendiente
moratalaz,serrano,transporte_publico,,pendiente
moratalaz,sol,transporte_publico,,pendiente
moratalaz,tribunal,transporte_publico,,pendiente
puente-de-vallecas,alcala_castellana,transporte_publico,,pendiente
puente-de-vallecas,atocha,transporte_publico,,pendiente
puente-de-vallecas,campo_naciones,transporte_publico,,pendiente
puente-de-vallecas,chamartin,transporte_publico,,pendiente
puente-de-vallecas,cuatro_caminos,transporte_publico,,pendiente
puente-de-vallecas,ferraz,transporte_publico,,pendiente
puente-de-vallecas,las_tablas,transporte_publico,,pendiente
puente-de-vallecas,moncloa_universidad,transporte_publico,,pendiente
puente-de-vallecas,plaza_espana,transporte_publico,,pendiente
puente-de-vallecas,retiro,transporte_publico,,pendiente
puente-de-vallecas,serrano,transporte_publico,,pendiente
puente-de-vallecas,sol,transporte_publico,,pendiente
puente-de-vallecas,tribunal,transporte_publico,,pendiente
retiro,alcala_castellana,transporte_publico,,pendiente
retiro,atocha,transporte_publico,,pendiente
retiro,campo_naciones,transporte_publico,,pendiente
retiro,chamartin,transporte_publico,,pendiente
retiro,cuatro_caminos,transporte_publico,,pendiente
retiro,ferraz,transporte_publico,,pendiente
retiro,las_tablas,transporte_publico,,pendiente
retiro,moncloa_universidad,transporte_publico,,pendiente
retiro,plaza_espana,transporte_publico,,pendiente
retiro,retiro,transporte_publico,,pendiente
retiro,serrano,transporte_publico,,pendiente
retiro,sol,transporte_publico,,pendiente
retiro,tribunal,transporte_publico,,pendiente
san-blas,alcala_castellana,transporte_publico,,pendiente
san-blas,atocha,transporte_publico,,pendiente
san-blas,campo_naciones,transporte_publico,,pendiente
san-blas,chamartin,transporte_publico,,pendiente
san-blas,cuatro_caminos,transporte_publico,,pendiente
san-blas,ferraz,transporte_publico,,pendiente
san-blas,las_tablas,transporte_publico,,pendiente
san-blas,moncloa_universidad,transporte_publico,,pendiente
san-blas,plaza_espana,transporte_publico,,pendiente
san-blas,retiro,transporte_publico,,pendiente
san-blas,serrano,transporte_publico,,pendiente
san-blas,sol,transporte_publico,,pendiente
san-blas,tribunal,transporte_publico,,pendiente
tetuan,alcala_castellana,transporte_publico,,pendiente
tetuan,atocha,transporte_publico,,pendiente
tetuan,campo_naciones,transporte_publico,,pendiente
tetuan,chamartin,transporte_publico,,pendiente
tetuan,cuatro_caminos,transporte_publico,,pendiente
tetuan,ferraz,transporte_publico,,pendiente
tetuan,las_tablas,transporte_publico,,pendiente
tetuan,moncloa_universidad,transporte_publico,,pendiente
tetuan,plaza_espana,transporte_publico,,pendiente
tetuan,retiro,transporte_publico,,pendiente
tetuan,serrano,transporte_publico,,pendiente
tetuan,sol,transporte_publico,,pendiente
tetuan,tribunal,transporte_publico,,pendiente
usera,alcala_castellana,transporte_publico,,pendiente
usera,atocha,transporte_publico,,pendiente
usera,campo_naciones,transporte_publico,,pendiente
usera,chamartin,transporte_publico,,pendiente
usera,cuatro_caminos,transporte_publico,,pendiente
usera,ferraz,transporte_publico,,pendiente
usera,las_tablas,transporte_publico,,pendiente
usera,moncloa_universidad,transporte_publico,,pendiente
usera,plaza_espana,transporte_publico,,pendiente
usera,retiro,transporte_publico,,pendiente
usera,serrano,transporte_publico,,pendiente
usera,sol,transporte_publico,,pendiente
usera,tribunal,transporte_publico,,pendiente
vicalvaro,alcala_castellana,transporte_publico,,pendiente
vicalvaro,atocha,transporte_publico,,pendiente
vicalvaro,campo_naciones,transporte_publico,,pendiente
vicalvaro,chamartin,transporte_publico,,pendiente
vicalvaro,cuatro_caminos,transporte_publico,,pendiente
vicalvaro,ferraz,transporte_publico,,pendiente
vicalvaro,las_tablas,transporte_publico,,pendiente
vicalvaro,moncloa_universidad,transporte_publico,,pendiente
vicalvaro,plaza_espana,transporte_publico,,pendiente
vicalvaro,retiro,transporte_publico,,pendiente
vicalvaro,serrano,transporte_publico,,pendiente
vicalvaro,sol,transporte_publico,,pendiente
vicalvaro,tribunal,transporte_publico,,pendiente
villa-de-vallecas,alcala_castellana,transporte_publico,,pendiente
villa-de-vallecas,atocha,transporte_publico,,pendiente
villa-de-vallecas,campo_naciones,transporte_publico,,pendiente
villa-de-vallecas,chamartin,transporte_publico,,pendiente
villa-de-vallecas,cuatro_caminos,transporte_publico,,pendiente
villa-de-vallecas,ferraz,transporte_publico,,pendiente
villa-de-vallecas,las_tablas,transporte_publico,,pendiente
villa-de-vallecas,moncloa_universidad,transporte_publico,,pendiente
villa-de-vallecas,plaza_espana,transporte_publico,,pendiente
villa-de-vallecas,retiro,transporte_publico,,pendiente
villa-de-vallecas,serrano,transporte_publico,,pendiente
villa-de-vallecas,sol,transporte_publico,,pendiente
villa-de-vallecas,tribunal,transporte_publico,,pendiente
villaverde,alcala_castellana,transporte_publico,,pendiente
villaverde,atocha,transporte_publico,,pendiente
villaverde,campo_naciones,transporte_publico,,pendiente
villaverde,chamartin,transporte_publico,,pendiente
villaverde,cuatro_caminos,transporte_publico,,pendiente
villaverde,ferraz,transporte_publico,,pendiente
villaverde,las_tablas,transporte_publico,,pendiente
villaverde,moncloa_universidad,transporte_publico,,pendiente
villaverde,plaza_espana,transporte_publico,,pendiente
villaverde,retiro,transporte_publico,,pendiente
villaverde,serrano,transporte_publico,,pendiente
villaverde,sol,transporte_publico,,pendiente
villaverde,tribunal,transporte_publico,,pendiente
